N,abs_value,bad_price_rows,calendar_close_clock,check,current_raw_symbol,detail,drop_reason,duplicate_rows,end_date,equation,expected_source_clock,gap_days,handling,include,item,missing_boundary_sources,newey_west_lag_rule,ny_date,p_close,p_close_minus_30,p_close_minus_60,p_open_plus_30,p_previous_close,prediction_date,previous_close_raw_symbol,previous_trade_date,record_type,rows,sample,severity,source_close_ts_new_york,source_close_ts_utc,start_date,status,symbol,trade_date,training_cutoff_date,utc_date,value,variable,weekday
,,,,,,duplicate_rows=0; raw_rows=5231196,,,,,,,,,raw_duplicate_symbol_instrument_ts_event,,,,,,,,,,,,status,,,,,,,PASS,ES.v.0,,,,,,
,,,,,,bad_price_rows=0,,,,,,,,,raw_nonpositive_nan_inf_prices,,,,,,,,,,,,status,,,,,,,PASS,ES.v.0,,,,,,
,,,,,,mismatch_dates=61; included_mismatches=0,,,,,,,,,roll_alignment_no_cross_contract_returns,,,,,,,,,,,,status,,,,,,,PASS,ES.v.0,,,,,,
,,,,,,included_rows=3667; gaps_gt_1_day=761; non_prior_prev_rows=0,,,,,,,,,previous_close_from_prior_available_trading_day,,,,,,,,,,,,status,,,,,,,PASS,ES.v.0,,,,,,
,,,,,,INCLUDED: 3667,,,,,,,,,drop_reason,,,,,,,,,,,,drop_reason_count,,,,,,,INFO,ES.v.0,,,,,,
,,,,,,calendar_closed: 1701,,,,,,,,,drop_reason,,,,,,,,,,,,drop_reason_count,,,,,,,INFO,ES.v.0,,,,,,
,,,,,,calendar_closed;missing_previous_close: 3,,,,,,,,,drop_reason,,,,,,,,,,,,drop_reason_count,,,,,,,INFO,ES.v.0,,,,,,
,,,,,,calendar_closed;previous_close_cross_instrument: 1,,,,,,,,,drop_reason,,,,,,,,,,,,drop_reason_count,,,,,,,INFO,ES.v.0,,,,,,
,,,,,,calendar_early_close_before_effective_close: 32,,,,,,,,,drop_reason,,,,,,,,,,,,drop_reason_count,,,,,,,INFO,ES.v.0,,,,,,
,,,,,,"missing_exact_boundary_source_on_calendar_day;missing_exact_boundary_source:close_minus_60,close_minus_30,close,lh_entry_next_open: 1",,,,,,,,,drop_reason,,,,,,,,,,,,drop_reason_count,,,,,,,INFO,ES.v.0,,,,,,
,,,,,,"missing_exact_boundary_source_on_calendar_day;missing_exact_boundary_source:window_start,open_plus_30,close_minus_60,close_minus_30,close,lh_entry_next_open: 6",,,,,,,,,drop_reason,,,,,,,,,,,,drop_reason_count,,,,,,,INFO,ES.v.0,,,,,,
,,,,,,missing_previous_close: 2,,,,,,,,,drop_reason,,,,,,,,,,,,drop_reason_count,,,,,,,INFO,ES.v.0,,,,,,
,,,,,,previous_close_cross_instrument: 60,,,,,,,,,drop_reason,,,,,,,,,,,,drop_reason_count,,,,,,,INFO,ES.v.0,,,,,,
,,,,,,missing_boundary_dates=1744; included_missing=0,,,,,,,,,missing_exact_boundaries_are_dropped,,,,,,,,,,,,status,,,,,,,PASS,ES.v.0,,,,,,
,,,,,,early_close_dates=32; included_early_closes=0,,,,,,,,,early_closes_deleted_main_sample,,,,,,,,,,,,status,,,,,,,PASS,ES.v.0,,,,,,
,,,,,,max_error=4.441e-16; failures=0,,,,,,,,,rod_identity_error_lt_1e-10,,,,,,,,,,,,status,,,,,,,PASS,ES.v.0,,,,,,
,,,,,,train_end=2020-05-29; oos_rows=1224; oos_rows_not_after_train_end=0,,,,,,,,,oos_fixed_split_no_future_training_data,,,,,,,,,,,,status,,,,,,,PASS,ES.v.0,,,,,,
,,,,,,has_LH=True; has_LH_executable=True,,,,,,,,,strategy_statistical_and_executable_lh_separated,,,,,,,,,,,,status,,,,,,,PASS,ES.v.0,,,,,,
,,,,,,duplicate_rows=0; raw_rows=5056471,,,,,,,,,raw_duplicate_symbol_instrument_ts_event,,,,,,,,,,,,status,,,,,,,PASS,NQ.v.0,,,,,,
,,,,,,bad_price_rows=0,,,,,,,,,raw_nonpositive_nan_inf_prices,,,,,,,,,,,,status,,,,,,,PASS,NQ.v.0,,,,,,
,,,,,,mismatch_dates=61; included_mismatches=0,,,,,,,,,roll_alignment_no_cross_contract_returns,,,,,,,,,,,,status,,,,,,,PASS,NQ.v.0,,,,,,
,,,,,,included_rows=3667; gaps_gt_1_day=764; non_prior_prev_rows=0,,,,,,,,,previous_close_from_prior_available_trading_day,,,,,,,,,,,,status,,,,,,,PASS,NQ.v.0,,,,,,
,,,,,,INCLUDED: 3667,,,,,,,,,drop_reason,,,,,,,,,,,,drop_reason_count,,,,,,,INFO,NQ.v.0,,,,,,
,,,,,,calendar_closed: 1701,,,,,,,,,drop_reason,,,,,,,,,,,,drop_reason_count,,,,,,,INFO,NQ.v.0,,,,,,
,,,,,,calendar_closed;missing_previous_close: 3,,,,,,,,,drop_reason,,,,,,,,,,,,drop_reason_count,,,,,,,INFO,NQ.v.0,,,,,,
,,,,,,calendar_closed;previous_close_cross_instrument: 1,,,,,,,,,drop_reason,,,,,,,,,,,,drop_reason_count,,,,,,,INFO,NQ.v.0,,,,,,
,,,,,,calendar_early_close_before_effective_close: 32,,,,,,,,,drop_reason,,,,,,,,,,,,drop_reason_count,,,,,,,INFO,NQ.v.0,,,,,,
,,,,,,"missing_exact_boundary_source_on_calendar_day;missing_exact_boundary_source:close_minus_60,close_minus_30,close,lh_entry_next_open: 1",,,,,,,,,drop_reason,,,,,,,,,,,,drop_reason_count,,,,,,,INFO,NQ.v.0,,,,,,
,,,,,,"missing_exact_boundary_source_on_calendar_day;missing_exact_boundary_source:window_start,open_plus_30,close_minus_60,close_minus_30,close,lh_entry_next_open: 6",,,,,,,,,drop_reason,,,,,,,,,,,,drop_reason_count,,,,,,,INFO,NQ.v.0,,,,,,
,,,,,,missing_previous_close: 2,,,,,,,,,drop_reason,,,,,,,,,,,,drop_reason_count,,,,,,,INFO,NQ.v.0,,,,,,
,,,,,,previous_close_cross_instrument: 60,,,,,,,,,drop_reason,,,,,,,,,,,,drop_reason_count,,,,,,,INFO,NQ.v.0,,,,,,
,,,,,,missing_boundary_dates=1744; included_missing=0,,,,,,,,,missing_exact_boundaries_are_dropped,,,,,,,,,,,,status,,,,,,,PASS,NQ.v.0,,,,,,
,,,,,,early_close_dates=32; included_early_closes=0,,,,,,,,,early_closes_deleted_main_sample,,,,,,,,,,,,status,,,,,,,PASS,NQ.v.0,,,,,,
,,,,,,max_error=4.441e-16; failures=0,,,,,,,,,rod_identity_error_lt_1e-10,,,,,,,,,,,,status,,,,,,,PASS,NQ.v.0,,,,,,
,,,,,,train_end=2020-05-29; oos_rows=1224; oos_rows_not_after_train_end=0,,,,,,,,,oos_fixed_split_no_future_training_data,,,,,,,,,,,,status,,,,,,,PASS,NQ.v.0,,,,,,
,,,,,,has_LH=True; has_LH_executable=True,,,,,,,,,strategy_statistical_and_executable_lh_separated,,,,,,,,,,,,status,,,,,,,PASS,NQ.v.0,,,,,,
,,,,,,duplicate_rows=0; raw_rows=5187751,,,,,,,,,raw_duplicate_symbol_instrument_ts_event,,,,,,,,,,,,status,,,,,,,PASS,GC.v.0,,,,,,
,,,,,,bad_price_rows=0,,,,,,,,,raw_nonpositive_nan_inf_prices,,,,,,,,,,,,status,,,,,,,PASS,GC.v.0,,,,,,
,,,,,,mismatch_dates=77; included_mismatches=0,,,,,,,,,roll_alignment_no_cross_contract_returns,,,,,,,,,,,,status,,,,,,,PASS,GC.v.0,,,,,,
,,,,,,included_rows=3637; gaps_gt_1_day=765; non_prior_prev_rows=0,,,,,,,,,previous_close_from_prior_available_trading_day,,,,,,,,,,,,status,,,,,,,PASS,GC.v.0,,,,,,
,,,,,,INCLUDED: 3637,,,,,,,,,drop_reason,,,,,,,,,,,,drop_reason_count,,,,,,,INFO,GC.v.0,,,,,,
,,,,,,calendar_closed: 1601,,,,,,,,,drop_reason,,,,,,,,,,,,drop_reason_count,,,,,,,INFO,GC.v.0,,,,,,
,,,,,,calendar_closed;missing_previous_close: 3,,,,,,,,,drop_reason,,,,,,,,,,,,drop_reason_count,,,,,,,INFO,GC.v.0,,,,,,
,,,,,,calendar_early_close_before_effective_close: 68,,,,,,,,,drop_reason,,,,,,,,,,,,drop_reason_count,,,,,,,INFO,GC.v.0,,,,,,
,,,,,,calendar_early_close_before_effective_close;previous_close_cross_instrument: 2,,,,,,,,,drop_reason,,,,,,,,,,,,drop_reason_count,,,,,,,INFO,GC.v.0,,,,,,
,,,,,,"missing_exact_boundary_source_on_calendar_day;missing_exact_boundary_source:close,lh_entry_next_open: 1",,,,,,,,,drop_reason,,,,,,,,,,,,drop_reason_count,,,,,,,INFO,GC.v.0,,,,,,
,,,,,,missing_exact_boundary_source_on_calendar_day;missing_exact_boundary_source:close_minus_30: 8,,,,,,,,,drop_reason,,,,,,,,,,,,drop_reason_count,,,,,,,INFO,GC.v.0,,,,,,
,,,,,,"missing_exact_boundary_source_on_calendar_day;missing_exact_boundary_source:close_minus_30,lh_entry_next_open: 2",,,,,,,,,drop_reason,,,,,,,,,,,,drop_reason_count,,,,,,,INFO,GC.v.0,,,,,,
,,,,,,missing_exact_boundary_source_on_calendar_day;missing_exact_boundary_source:close_minus_60: 7,,,,,,,,,drop_reason,,,,,,,,,,,,drop_reason_count,,,,,,,INFO,GC.v.0,,,,,,
,,,,,,"missing_exact_boundary_source_on_calendar_day;missing_exact_boundary_source:close_minus_60,close_minus_30: 4",,,,,,,,,drop_reason,,,,,,,,,,,,drop_reason_count,,,,,,,INFO,GC.v.0,,,,,,
,,,,,,"missing_exact_boundary_source_on_calendar_day;missing_exact_boundary_source:close_minus_60,close_minus_30,close: 2",,,,,,,,,drop_reason,,,,,,,,,,,,drop_reason_count,,,,,,,INFO,GC.v.0,,,,,,
,,,,,,"missing_exact_boundary_source_on_calendar_day;missing_exact_boundary_source:close_minus_60,close_minus_30,close,lh_entry_next_open: 2",,,,,,,,,drop_reason,,,,,,,,,,,,drop_reason_count,,,,,,,INFO,GC.v.0,,,,,,
,,,,,,"missing_exact_boundary_source_on_calendar_day;missing_exact_boundary_source:close_minus_60,close_minus_30,lh_entry_next_open: 5",,,,,,,,,drop_reason,,,,,,,,,,,,drop_reason_count,,,,,,,INFO,GC.v.0,,,,,,
,,,,,,"missing_exact_boundary_source_on_calendar_day;missing_exact_boundary_source:close_minus_60,lh_entry_next_open: 3",,,,,,,,,drop_reason,,,,,,,,,,,,drop_reason_count,,,,,,,INFO,GC.v.0,,,,,,
,,,,,,missing_exact_boundary_source_on_calendar_day;missing_exact_boundary_source:lh_entry_next_open: 1,,,,,,,,,drop_reason,,,,,,,,,,,,drop_reason_count,,,,,,,INFO,GC.v.0,,,,,,
,,,,,,missing_exact_boundary_source_on_calendar_day;missing_exact_boundary_source:open_plus_30: 4,,,,,,,,,drop_reason,,,,,,,,,,,,drop_reason_count,,,,,,,INFO,GC.v.0,,,,,,
,,,,,,"missing_exact_boundary_source_on_calendar_day;missing_exact_boundary_source:open_plus_30,close: 2",,,,,,,,,drop_reason,,,,,,,,,,,,drop_reason_count,,,,,,,INFO,GC.v.0,,,,,,
,,,,,,"missing_exact_boundary_source_on_calendar_day;missing_exact_boundary_source:open_plus_30,close,lh_entry_next_open: 1",,,,,,,,,drop_reason,,,,,,,,,,,,drop_reason_count,,,,,,,INFO,GC.v.0,,,,,,
,,,,,,"missing_exact_boundary_source_on_calendar_day;missing_exact_boundary_source:open_plus_30,close_minus_30: 1",,,,,,,,,drop_reason,,,,,,,,,,,,drop_reason_count,,,,,,,INFO,GC.v.0,,,,,,
,,,,,,"missing_exact_boundary_source_on_calendar_day;missing_exact_boundary_source:open_plus_30,close_minus_30,lh_entry_next_open: 3",,,,,,,,,drop_reason,,,,,,,,,,,,drop_reason_count,,,,,,,INFO,GC.v.0,,,,,,
,,,,,,"missing_exact_boundary_source_on_calendar_day;missing_exact_boundary_source:open_plus_30,close_minus_60: 2",,,,,,,,,drop_reason,,,,,,,,,,,,drop_reason_count,,,,,,,INFO,GC.v.0,,,,,,
,,,,,,"missing_exact_boundary_source_on_calendar_day;missing_exact_boundary_source:open_plus_30,close_minus_60,close_minus_30,close,lh_entry_next_open: 3",,,,,,,,,drop_reason,,,,,,,,,,,,drop_reason_count,,,,,,,INFO,GC.v.0,,,,,,
,,,,,,"missing_exact_boundary_source_on_calendar_day;missing_exact_boundary_source:open_plus_30,close_minus_60,close_minus_30,lh_entry_next_open: 2",,,,,,,,,drop_reason,,,,,,,,,,,,drop_reason_count,,,,,,,INFO,GC.v.0,,,,,,
,,,,,,"missing_exact_boundary_source_on_calendar_day;missing_exact_boundary_source:open_plus_30,close_minus_60,lh_entry_next_open: 1",,,,,,,,,drop_reason,,,,,,,,,,,,drop_reason_count,,,,,,,INFO,GC.v.0,,,,,,
,,,,,,"missing_exact_boundary_source_on_calendar_day;missing_exact_boundary_source:open_plus_30,lh_entry_next_open: 2",,,,,,,,,drop_reason,,,,,,,,,,,,drop_reason_count,,,,,,,INFO,GC.v.0,,,,,,
,,,,,,missing_exact_boundary_source_on_calendar_day;missing_exact_boundary_source:window_start: 2,,,,,,,,,drop_reason,,,,,,,,,,,,drop_reason_count,,,,,,,INFO,GC.v.0,,,,,,
,,,,,,"missing_exact_boundary_source_on_calendar_day;missing_exact_boundary_source:window_start,close_minus_30,lh_entry_next_open: 1",,,,,,,,,drop_reason,,,,,,,,,,,,drop_reason_count,,,,,,,INFO,GC.v.0,,,,,,
,,,,,,"missing_exact_boundary_source_on_calendar_day;missing_exact_boundary_source:window_start,close_minus_60,close_minus_30: 1",,,,,,,,,drop_reason,,,,,,,,,,,,drop_reason_count,,,,,,,INFO,GC.v.0,,,,,,
,,,,,,"missing_exact_boundary_source_on_calendar_day;missing_exact_boundary_source:window_start,close_minus_60,close_minus_30,close,lh_entry_next_open: 1",,,,,,,,,drop_reason,,,,,,,,,,,,drop_reason_count,,,,,,,INFO,GC.v.0,,,,,,
,,,,,,"missing_exact_boundary_source_on_calendar_day;missing_exact_boundary_source:window_start,close_minus_60,close_minus_30,lh_entry_next_open: 1",,,,,,,,,drop_reason,,,,,,,,,,,,drop_reason_count,,,,,,,INFO,GC.v.0,,,,,,
,,,,,,"missing_exact_boundary_source_on_calendar_day;missing_exact_boundary_source:window_start,close_minus_60,lh_entry_next_open: 1",,,,,,,,,drop_reason,,,,,,,,,,,,drop_reason_count,,,,,,,INFO,GC.v.0,,,,,,
,,,,,,"missing_exact_boundary_source_on_calendar_day;missing_exact_boundary_source:window_start,lh_entry_next_open: 2",,,,,,,,,drop_reason,,,,,,,,,,,,drop_reason_count,,,,,,,INFO,GC.v.0,,,,,,
,,,,,,"missing_exact_boundary_source_on_calendar_day;missing_exact_boundary_source:window_start,open_plus_30: 2",,,,,,,,,drop_reason,,,,,,,,,,,,drop_reason_count,,,,,,,INFO,GC.v.0,,,,,,
,,,,,,"missing_exact_boundary_source_on_calendar_day;missing_exact_boundary_source:window_start,open_plus_30,close_minus_30: 1",,,,,,,,,drop_reason,,,,,,,,,,,,drop_reason_count,,,,,,,INFO,GC.v.0,,,,,,
,,,,,,"missing_exact_boundary_source_on_calendar_day;missing_exact_boundary_source:window_start,open_plus_30,close_minus_30,close,lh_entry_next_open: 1",,,,,,,,,drop_reason,,,,,,,,,,,,drop_reason_count,,,,,,,INFO,GC.v.0,,,,,,
,,,,,,"missing_exact_boundary_source_on_calendar_day;missing_exact_boundary_source:window_start,open_plus_30,close_minus_30,lh_entry_next_open: 1",,,,,,,,,drop_reason,,,,,,,,,,,,drop_reason_count,,,,,,,INFO,GC.v.0,,,,,,
,,,,,,"missing_exact_boundary_source_on_calendar_day;missing_exact_boundary_source:window_start,open_plus_30,close_minus_60,close_minus_30: 1",,,,,,,,,drop_reason,,,,,,,,,,,,drop_reason_count,,,,,,,INFO,GC.v.0,,,,,,
,,,,,,"missing_exact_boundary_source_on_calendar_day;missing_exact_boundary_source:window_start,open_plus_30,close_minus_60,close_minus_30,close,lh_entry_next_open: 12",,,,,,,,,drop_reason,,,,,,,,,,,,drop_reason_count,,,,,,,INFO,GC.v.0,,,,,,
,,,,,,"missing_exact_boundary_source_on_calendar_day;missing_exact_boundary_source:window_start,open_plus_30,close_minus_60,close_minus_30,lh_entry_next_open: 1",,,,,,,,,drop_reason,,,,,,,,,,,,drop_reason_count,,,,,,,INFO,GC.v.0,,,,,,
,,,,,,"missing_exact_boundary_source_on_calendar_day;missing_exact_boundary_source:window_start,open_plus_30,lh_entry_next_open: 1",,,,,,,,,drop_reason,,,,,,,,,,,,drop_reason_count,,,,,,,INFO,GC.v.0,,,,,,
,,,,,,missing_previous_close: 2,,,,,,,,,drop_reason,,,,,,,,,,,,drop_reason_count,,,,,,,INFO,GC.v.0,,,,,,
,,,,,,previous_close_cross_instrument: 75,,,,,,,,,drop_reason,,,,,,,,,,,,drop_reason_count,,,,,,,INFO,GC.v.0,,,,,,
,,,,,,missing_boundary_dates=1756; included_missing=0,,,,,,,,,missing_exact_boundaries_are_dropped,,,,,,,,,,,,status,,,,,,,PASS,GC.v.0,,,,,,
,,,,,,early_close_dates=70; included_early_closes=0,,,,,,,,,early_closes_deleted_main_sample,,,,,,,,,,,,status,,,,,,,PASS,GC.v.0,,,,,,
,,,,,,max_error=4.441e-16; failures=0,,,,,,,,,rod_identity_error_lt_1e-10,,,,,,,,,,,,status,,,,,,,PASS,GC.v.0,,,,,,
,,,,,,train_end=2020-05-28; oos_rows=1223; oos_rows_not_after_train_end=0,,,,,,,,,oos_fixed_split_no_future_training_data,,,,,,,,,,,,status,,,,,,,PASS,GC.v.0,,,,,,
,,,,,,has_LH=True; has_LH_executable=True,,,,,,,,,strategy_statistical_and_executable_lh_separated,,,,,,,,,,,,status,,,,,,,PASS,GC.v.0,,,,,,
,,,,,,duplicate_rows=0; raw_rows=5171606,,,,,,,,,raw_duplicate_symbol_instrument_ts_event,,,,,,,,,,,,status,,,,,,,PASS,CL.v.0,,,,,,
,,,,,,bad_price_rows=0,,,,,,,,,raw_nonpositive_nan_inf_prices,,,,,,,,,,,,status,,,,,,,PASS,CL.v.0,,,,,,
,,,,,,mismatch_dates=190; included_mismatches=0,,,,,,,,,roll_alignment_no_cross_contract_returns,,,,,,,,,,,,status,,,,,,,PASS,CL.v.0,,,,,,
,,,,,,included_rows=3570; gaps_gt_1_day=702; non_prior_prev_rows=0,,,,,,,,,previous_close_from_prior_available_trading_day,,,,,,,,,,,,status,,,,,,,PASS,CL.v.0,,,,,,
,,,,,,INCLUDED: 3570,,,,,,,,,drop_reason,,,,,,,,,,,,drop_reason_count,,,,,,,INFO,CL.v.0,,,,,,
,,,,,,calendar_closed: 1601,,,,,,,,,drop_reason,,,,,,,,,,,,drop_reason_count,,,,,,,INFO,CL.v.0,,,,,,
,,,,,,calendar_closed;missing_previous_close: 3,,,,,,,,,drop_reason,,,,,,,,,,,,drop_reason_count,,,,,,,INFO,CL.v.0,,,,,,
,,,,,,calendar_early_close_before_effective_close: 75,,,,,,,,,drop_reason,,,,,,,,,,,,drop_reason_count,,,,,,,INFO,CL.v.0,,,,,,
,,,,,,calendar_early_close_before_effective_close;previous_close_cross_instrument: 10,,,,,,,,,drop_reason,,,,,,,,,,,,drop_reason_count,,,,,,,INFO,CL.v.0,,,,,,
,,,,,,missing_exact_boundary_source_on_calendar_day;missing_exact_boundary_source:close: 1,,,,,,,,,drop_reason,,,,,,,,,,,,drop_reason_count,,,,,,,INFO,CL.v.0,,,,,,
,,,,,,missing_exact_boundary_source_on_calendar_day;missing_exact_boundary_source:close_minus_30: 1,,,,,,,,,drop_reason,,,,,,,,,,,,drop_reason_count,,,,,,,INFO,CL.v.0,,,,,,
,,,,,,"missing_exact_boundary_source_on_calendar_day;missing_exact_boundary_source:close_minus_30,close,lh_entry_next_open: 8",,,,,,,,,drop_reason,,,,,,,,,,,,drop_reason_count,,,,,,,INFO,CL.v.0,,,,,,
,,,,,,missing_exact_boundary_source_on_calendar_day;missing_exact_boundary_source:close_minus_60: 10,,,,,,,,,drop_reason,,,,,,,,,,,,drop_reason_count,,,,,,,INFO,CL.v.0,,,,,,
,,,,,,"missing_exact_boundary_source_on_calendar_day;missing_exact_boundary_source:close_minus_60,close_minus_30,close,lh_entry_next_open: 2",,,,,,,,,drop_reason,,,,,,,,,,,,drop_reason_count,,,,,,,INFO,CL.v.0,,,,,,
,,,,,,missing_exact_boundary_source_on_calendar_day;missing_exact_boundary_source:lh_entry_next_open: 1,,,,,,,,,drop_reason,,,,,,,,,,,,drop_reason_count,,,,,,,INFO,CL.v.0,,,,,,
,,,,,,"missing_exact_boundary_source_on_calendar_day;missing_exact_boundary_source:window_start,open_plus_30: 1",,,,,,,,,drop_reason,,,,,,,,,,,,drop_reason_count,,,,,,,INFO,CL.v.0,,,,,,
,,,,,,"missing_exact_boundary_source_on_calendar_day;missing_exact_boundary_source:window_start,open_plus_30,close_minus_60,close_minus_30,close,lh_entry_next_open: 8",,,,,,,,,drop_reason,,,,,,,,,,,,drop_reason_count,,,,,,,INFO,CL.v.0,,,,,,
,,,,,,missing_previous_close: 2,,,,,,,,,drop_reason,,,,,,,,,,,,drop_reason_count,,,,,,,INFO,CL.v.0,,,,,,
,,,,,,previous_close_cross_instrument: 180,,,,,,,,,drop_reason,,,,,,,,,,,,drop_reason_count,,,,,,,INFO,CL.v.0,,,,,,
,,,,,,missing_boundary_dates=1715; included_missing=0,,,,,,,,,missing_exact_boundaries_are_dropped,,,,,,,,,,,,status,,,,,,,PASS,CL.v.0,,,,,,
,,,,,,early_close_dates=85; included_early_closes=0,,,,,,,,,early_closes_deleted_main_sample,,,,,,,,,,,,status,,,,,,,PASS,CL.v.0,,,,,,
,,,,,,max_error=4.441e-16; failures=0,,,,,,,,,rod_identity_error_lt_1e-10,,,,,,,,,,,,status,,,,,,,PASS,CL.v.0,,,,,,
,,,,,,train_end=2020-05-29; oos_rows=1207; oos_rows_not_after_train_end=0,,,,,,,,,oos_fixed_split_no_future_training_data,,,,,,,,,,,,status,,,,,,,PASS,CL.v.0,,,,,,
,,,,,,has_LH=True; has_LH_executable=True,,,,,,,,,strategy_statistical_and_executable_lh_separated,,,,,,,,,,,,status,,,,,,,PASS,CL.v.0,,,,,,
,,,,,,duplicate_rows=0; raw_rows=4799435,,,,,,,,,raw_duplicate_symbol_instrument_ts_event,,,,,,,,,,,,status,,,,,,,PASS,ZN.v.0,,,,,,
,,,,,,bad_price_rows=0,,,,,,,,,raw_nonpositive_nan_inf_prices,,,,,,,,,,,,status,,,,,,,PASS,ZN.v.0,,,,,,
,,,,,,mismatch_dates=68; included_mismatches=0,,,,,,,,,roll_alignment_no_cross_contract_returns,,,,,,,,,,,,status,,,,,,,PASS,ZN.v.0,,,,,,
,,,,,,included_rows=3618; gaps_gt_1_day=763; non_prior_prev_rows=0,,,,,,,,,previous_close_from_prior_available_trading_day,,,,,,,,,,,,status,,,,,,,PASS,ZN.v.0,,,,,,
,,,,,,INCLUDED: 3618,,,,,,,,,drop_reason,,,,,,,,,,,,drop_reason_count,,,,,,,INFO,ZN.v.0,,,,,,
,,,,,,calendar_closed: 1601,,,,,,,,,drop_reason,,,,,,,,,,,,drop_reason_count,,,,,,,INFO,ZN.v.0,,,,,,
,,,,,,calendar_closed;missing_previous_close: 3,,,,,,,,,drop_reason,,,,,,,,,,,,drop_reason_count,,,,,,,INFO,ZN.v.0,,,,,,
,,,,,,calendar_early_close_before_effective_close: 108,,,,,,,,,drop_reason,,,,,,,,,,,,drop_reason_count,,,,,,,INFO,ZN.v.0,,,,,,
,,,,,,calendar_early_close_before_effective_close;previous_close_cross_instrument: 9,,,,,,,,,drop_reason,,,,,,,,,,,,drop_reason_count,,,,,,,INFO,ZN.v.0,,,,,,
,,,,,,missing_exact_boundary_source_on_calendar_day;missing_exact_boundary_source:close_minus_30: 14,,,,,,,,,drop_reason,,,,,,,,,,,,drop_reason_count,,,,,,,INFO,ZN.v.0,,,,,,
,,,,,,"missing_exact_boundary_source_on_calendar_day;missing_exact_boundary_source:close_minus_30,lh_entry_next_open: 4",,,,,,,,,drop_reason,,,,,,,,,,,,drop_reason_count,,,,,,,INFO,ZN.v.0,,,,,,
,,,,,,missing_exact_boundary_source_on_calendar_day;missing_exact_boundary_source:close_minus_60: 17,,,,,,,,,drop_reason,,,,,,,,,,,,drop_reason_count,,,,,,,INFO,ZN.v.0,,,,,,
,,,,,,"missing_exact_boundary_source_on_calendar_day;missing_exact_boundary_source:close_minus_60,close_minus_30,close,lh_entry_next_open: 7",,,,,,,,,drop_reason,,,,,,,,,,,,drop_reason_count,,,,,,,INFO,ZN.v.0,,,,,,
,,,,,,"missing_exact_boundary_source_on_calendar_day;missing_exact_boundary_source:close_minus_60,close_minus_30,lh_entry_next_open: 2",,,,,,,,,drop_reason,,,,,,,,,,,,drop_reason_count,,,,,,,INFO,ZN.v.0,,,,,,
,,,,,,"missing_exact_boundary_source_on_calendar_day;missing_exact_boundary_source:close_minus_60,lh_entry_next_open: 2",,,,,,,,,drop_reason,,,,,,,,,,,,drop_reason_count,,,,,,,INFO,ZN.v.0,,,,,,
,,,,,,missing_exact_boundary_source_on_calendar_day;missing_exact_boundary_source:lh_entry_next_open: 14,,,,,,,,,drop_reason,,,,,,,,,,,,drop_reason_count,,,,,,,INFO,ZN.v.0,,,,,,
,,,,,,missing_exact_boundary_source_on_calendar_day;missing_exact_boundary_source:open_plus_30: 5,,,,,,,,,drop_reason,,,,,,,,,,,,drop_reason_count,,,,,,,INFO,ZN.v.0,,,,,,
,,,,,,"missing_exact_boundary_source_on_calendar_day;missing_exact_boundary_source:open_plus_30,close_minus_60: 1",,,,,,,,,drop_reason,,,,,,,,,,,,drop_reason_count,,,,,,,INFO,ZN.v.0,,,,,,
,,,,,,"missing_exact_boundary_source_on_calendar_day;missing_exact_boundary_source:open_plus_30,close_minus_60,close_minus_30,close,lh_entry_next_open: 1",,,,,,,,,drop_reason,,,,,,,,,,,,drop_reason_count,,,,,,,INFO,ZN.v.0,,,,,,
,,,,,,"missing_exact_boundary_source_on_calendar_day;missing_exact_boundary_source:open_plus_30,lh_entry_next_open: 3",,,,,,,,,drop_reason,,,,,,,,,,,,drop_reason_count,,,,,,,INFO,ZN.v.0,,,,,,
,,,,,,"missing_exact_boundary_source_on_calendar_day;missing_exact_boundary_source:window_start,close_minus_60,lh_entry_next_open: 1",,,,,,,,,drop_reason,,,,,,,,,,,,drop_reason_count,,,,,,,INFO,ZN.v.0,,,,,,
,,,,,,"missing_exact_boundary_source_on_calendar_day;missing_exact_boundary_source:window_start,open_plus_30,close_minus_60,close_minus_30,close,lh_entry_next_open: 2",,,,,,,,,drop_reason,,,,,,,,,,,,drop_reason_count,,,,,,,INFO,ZN.v.0,,,,,,
,,,,,,missing_previous_close: 2,,,,,,,,,drop_reason,,,,,,,,,,,,drop_reason_count,,,,,,,INFO,ZN.v.0,,,,,,
,,,,,,previous_close_cross_instrument: 59,,,,,,,,,drop_reason,,,,,,,,,,,,drop_reason_count,,,,,,,INFO,ZN.v.0,,,,,,
,,,,,,missing_boundary_dates=1794; included_missing=0,,,,,,,,,missing_exact_boundaries_are_dropped,,,,,,,,,,,,status,,,,,,,PASS,ZN.v.0,,,,,,
,,,,,,early_close_dates=117; included_early_closes=0,,,,,,,,,early_closes_deleted_main_sample,,,,,,,,,,,,status,,,,,,,PASS,ZN.v.0,,,,,,
,,,,,,max_error=4.441e-16; failures=0,,,,,,,,,rod_identity_error_lt_1e-10,,,,,,,,,,,,status,,,,,,,PASS,ZN.v.0,,,,,,
,,,,,,train_end=2020-05-28; oos_rows=1221; oos_rows_not_after_train_end=0,,,,,,,,,oos_fixed_split_no_future_training_data,,,,,,,,,,,,status,,,,,,,PASS,ZN.v.0,,,,,,
,,,,,,has_LH=True; has_LH_executable=True,,,,,,,,,strategy_statistical_and_executable_lh_separated,,,,,,,,,,,,status,,,,,,,PASS,ZN.v.0,,,,,,
,,,,,,duplicate_rows=0; raw_rows=5142776,,,,,,,,,raw_duplicate_symbol_instrument_ts_event,,,,,,,,,,,,status,,,,,,,PASS,6E.v.0,,,,,,
,,,,,,bad_price_rows=0,,,,,,,,,raw_nonpositive_nan_inf_prices,,,,,,,,,,,,status,,,,,,,PASS,6E.v.0,,,,,,
,,,,,,mismatch_dates=60; included_mismatches=0,,,,,,,,,roll_alignment_no_cross_contract_returns,,,,,,,,,,,,status,,,,,,,PASS,6E.v.0,,,,,,
,,,,,,included_rows=3644; gaps_gt_1_day=718; non_prior_prev_rows=0,,,,,,,,,previous_close_from_prior_available_trading_day,,,,,,,,,,,,status,,,,,,,PASS,6E.v.0,,,,,,
,,,,,,INCLUDED: 3644,,,,,,,,,drop_reason,,,,,,,,,,,,drop_reason_count,,,,,,,INFO,6E.v.0,,,,,,
,,,,,,calendar_closed: 1600,,,,,,,,,drop_reason,,,,,,,,,,,,drop_reason_count,,,,,,,INFO,6E.v.0,,,,,,
,,,,,,calendar_closed;missing_previous_close: 3,,,,,,,,,drop_reason,,,,,,,,,,,,drop_reason_count,,,,,,,INFO,6E.v.0,,,,,,
,,,,,,calendar_early_close_before_effective_close: 93,,,,,,,,,drop_reason,,,,,,,,,,,,drop_reason_count,,,,,,,INFO,6E.v.0,,,,,,
,,,,,,missing_exact_boundary_source_on_calendar_day;missing_exact_boundary_source:close: 7,,,,,,,,,drop_reason,,,,,,,,,,,,drop_reason_count,,,,,,,INFO,6E.v.0,,,,,,
,,,,,,missing_exact_boundary_source_on_calendar_day;missing_exact_boundary_source:close_minus_30: 20,,,,,,,,,drop_reason,,,,,,,,,,,,drop_reason_count,,,,,,,INFO,6E.v.0,,,,,,
,,,,,,"missing_exact_boundary_source_on_calendar_day;missing_exact_boundary_source:close_minus_30,close: 3",,,,,,,,,drop_reason,,,,,,,,,,,,drop_reason_count,,,,,,,INFO,6E.v.0,,,,,,
,,,,,,"missing_exact_boundary_source_on_calendar_day;missing_exact_boundary_source:close_minus_30,close,lh_entry_next_open: 3",,,,,,,,,drop_reason,,,,,,,,,,,,drop_reason_count,,,,,,,INFO,6E.v.0,,,,,,
,,,,,,missing_exact_boundary_source_on_calendar_day;missing_exact_boundary_source:close_minus_30;previous_close_cross_instrument: 1,,,,,,,,,drop_reason,,,,,,,,,,,,drop_reason_count,,,,,,,INFO,6E.v.0,,,,,,
,,,,,,missing_exact_boundary_source_on_calendar_day;missing_exact_boundary_source:close_minus_60: 1,,,,,,,,,drop_reason,,,,,,,,,,,,drop_reason_count,,,,,,,INFO,6E.v.0,,,,,,
,,,,,,"missing_exact_boundary_source_on_calendar_day;missing_exact_boundary_source:close_minus_60,close_minus_30: 1",,,,,,,,,drop_reason,,,,,,,,,,,,drop_reason_count,,,,,,,INFO,6E.v.0,,,,,,
,,,,,,"missing_exact_boundary_source_on_calendar_day;missing_exact_boundary_source:close_minus_60,close_minus_30,close,lh_entry_next_open: 1",,,,,,,,,drop_reason,,,,,,,,,,,,drop_reason_count,,,,,,,INFO,6E.v.0,,,,,,
,,,,,,missing_exact_boundary_source_on_calendar_day;missing_exact_boundary_source:close_minus_60;previous_close_cross_instrument: 1,,,,,,,,,drop_reason,,,,,,,,,,,,drop_reason_count,,,,,,,INFO,6E.v.0,,,,,,
,,,,,,missing_exact_boundary_source_on_calendar_day;missing_exact_boundary_source:lh_entry_next_open: 14,,,,,,,,,drop_reason,,,,,,,,,,,,drop_reason_count,,,,,,,INFO,6E.v.0,,,,,,
,,,,,,missing_exact_boundary_source_on_calendar_day;missing_exact_boundary_source:open_plus_30: 2,,,,,,,,,drop_reason,,,,,,,,,,,,drop_reason_count,,,,,,,INFO,6E.v.0,,,,,,
,,,,,,"missing_exact_boundary_source_on_calendar_day;missing_exact_boundary_source:open_plus_30,close_minus_30: 1",,,,,,,,,drop_reason,,,,,,,,,,,,drop_reason_count,,,,,,,INFO,6E.v.0,,,,,,
,,,,,,"missing_exact_boundary_source_on_calendar_day;missing_exact_boundary_source:open_plus_30,lh_entry_next_open: 1",,,,,,,,,drop_reason,,,,,,,,,,,,drop_reason_count,,,,,,,INFO,6E.v.0,,,,,,
,,,,,,missing_exact_boundary_source_on_calendar_day;missing_exact_boundary_source:window_start: 8,,,,,,,,,drop_reason,,,,,,,,,,,,drop_reason_count,,,,,,,INFO,6E.v.0,,,,,,
,,,,,,"missing_exact_boundary_source_on_calendar_day;missing_exact_boundary_source:window_start,close_minus_30: 1",,,,,,,,,drop_reason,,,,,,,,,,,,drop_reason_count,,,,,,,INFO,6E.v.0,,,,,,
,,,,,,"missing_exact_boundary_source_on_calendar_day;missing_exact_boundary_source:window_start,lh_entry_next_open: 1",,,,,,,,,drop_reason,,,,,,,,,,,,drop_reason_count,,,,,,,INFO,6E.v.0,,,,,,
,,,,,,"missing_exact_boundary_source_on_calendar_day;missing_exact_boundary_source:window_start,open_plus_30,close_minus_60,close_minus_30,close,lh_entry_next_open: 7",,,,,,,,,drop_reason,,,,,,,,,,,,drop_reason_count,,,,,,,INFO,6E.v.0,,,,,,
,,,,,,missing_previous_close: 2,,,,,,,,,drop_reason,,,,,,,,,,,,drop_reason_count,,,,,,,INFO,6E.v.0,,,,,,
,,,,,,previous_close_cross_instrument: 58,,,,,,,,,drop_reason,,,,,,,,,,,,drop_reason_count,,,,,,,INFO,6E.v.0,,,,,,
,,,,,,missing_boundary_dates=1768; included_missing=0,,,,,,,,,missing_exact_boundaries_are_dropped,,,,,,,,,,,,status,,,,,,,PASS,6E.v.0,,,,,,
,,,,,,early_close_dates=93; included_early_closes=0,,,,,,,,,early_closes_deleted_main_sample,,,,,,,,,,,,status,,,,,,,PASS,6E.v.0,,,,,,
,,,,,,max_error=4.441e-16; failures=0,,,,,,,,,rod_identity_error_lt_1e-10,,,,,,,,,,,,status,,,,,,,PASS,6E.v.0,,,,,,
,,,,,,train_end=2020-05-29; oos_rows=1227; oos_rows_not_after_train_end=0,,,,,,,,,oos_fixed_split_no_future_training_data,,,,,,,,,,,,status,,,,,,,PASS,6E.v.0,,,,,,
,,,,,,has_LH=True; has_LH_executable=True,,,,,,,,,strategy_statistical_and_executable_lh_separated,,,,,,,,,,,,status,,,,,,,PASS,6E.v.0,,,,,,
,,,,,,archive_readme=True; csv_tables=30; parquet_local_archive=6; invalid_boundary_v0 archive explicitly marks old results invalid,,,,,,,,,old_results_archived_invalid_boundary_v0,,,,,,,,,,,,status,,,,,,,PASS,ALL,,,,,,
,,,,,,run_symbol_core_replication reads data/processed/{prefix}_daily_research_table.parquet,,,,,,,,,regression_script_daily_table_path,,,,,,,,,,,,status,,,,,,,PASS,ALL,,,,,,
,,,,,,No notebook checkpoint inputs found,,,,,,,,,no_notebook_cache_inputs,,,,,,,,,,,,status,,,,,,,PASS,ALL,,,,,,
,,,,,,pipeline_version string present in build/regression scripts=True; future daily tables and summaries will include boundary_corrected_v1,,,,,,,,,pipeline_version_boundary_corrected_v1_in_new_outputs,,,,,,,,,,,,status,,,,,,,PASS,ALL,,,,,,
,,,,,,"Existing top-level daily parquet files are old, but run_symbol_core_replication now fails closed unless pipeline_version == boundary_corrected_v1. Full rerun must start with daily-table regeneration.",,,,,,,,,top_level_daily_tables_require_regeneration_before_regression,,,,,,,,,,,,status,,,,,,,PASS,ALL,,,,,,
,,,,,,boundary_rows_with_ny_date_mismatch=0,,,,,,,,,america_new_york_trade_date_grouping,,,,,,,,,,,,status,,,,,,,PASS,ES.v.0,,,,,,
,,,,,,boundary_rows_with_ny_date_mismatch=0,,,,,,,,,america_new_york_trade_date_grouping,,,,,,,,,,,,status,,,,,,,PASS,NQ.v.0,,,,,,
,,,,,,boundary_rows_with_ny_date_mismatch=0,,,,,,,,,america_new_york_trade_date_grouping,,,,,,,,,,,,status,,,,,,,PASS,GC.v.0,,,,,,
,,,,,,boundary_rows_with_ny_date_mismatch=0,,,,,,,,,america_new_york_trade_date_grouping,,,,,,,,,,,,status,,,,,,,PASS,CL.v.0,,,,,,
,,,,,,boundary_rows_with_ny_date_mismatch=0,,,,,,,,,america_new_york_trade_date_grouping,,,,,,,,,,,,status,,,,,,,PASS,ZN.v.0,,,,,,
,,,,,,boundary_rows_with_ny_date_mismatch=0,,,,,,,,,america_new_york_trade_date_grouping,,,,,,,,,,,,status,,,,,,,PASS,6E.v.0,,,,,,
,,0.0,,,,,,0.0,,,,,,,,,,,,,,,,,,,raw_quality,5231196.0,,,,,,,ES.v.0,,,,,,
,,0.0,,,,,,0.0,,,,,,,,,,,,,,,,,,,raw_quality,5056471.0,,,,,,,NQ.v.0,,,,,,
,,0.0,,,,,,0.0,,,,,,,,,,,,,,,,,,,raw_quality,5187751.0,,,,,,,GC.v.0,,,,,,
,,0.0,,,,,,0.0,,,,,,,,,,,,,,,,,,,raw_quality,5171606.0,,,,,,,CL.v.0,,,,,,
,,0.0,,,,,,0.0,,,,,,,,,,,,,,,,,,,raw_quality,4799435.0,,,,,,,ZN.v.0,,,,,,
,,0.0,,,,,,0.0,,,,,,,,,,,,,,,,,,,raw_quality,5142776.0,,,,,,,6E.v.0,,,,,,
,,,,,ESM1,,previous_close_cross_instrument,,,,,,drop_main_sample,False,,,,,,,,,,,ESH1,2021-03-12,roll_mismatch,,,,,,,,ES.v.0,2021-03-15,,,,,
,,,,,ESU1,,previous_close_cross_instrument,,,,,,drop_main_sample,False,,,,,,,,,,,ESM1,2021-06-11,roll_mismatch,,,,,,,,ES.v.0,2021-06-14,,,,,
,,,,,ESZ1,,previous_close_cross_instrument,,,,,,drop_main_sample,False,,,,,,,,,,,ESU1,2021-09-10,roll_mismatch,,,,,,,,ES.v.0,2021-09-13,,,,,
,,,,,ESH2,,previous_close_cross_instrument,,,,,,drop_main_sample,False,,,,,,,,,,,ESZ1,2021-12-10,roll_mismatch,,,,,,,,ES.v.0,2021-12-13,,,,,
,,,,,ESM2,,previous_close_cross_instrument,,,,,,drop_main_sample,False,,,,,,,,,,,ESH2,2022-03-11,roll_mismatch,,,,,,,,ES.v.0,2022-03-14,,,,,
,,,,,ESU2,,previous_close_cross_instrument,,,,,,drop_main_sample,False,,,,,,,,,,,ESM2,2022-06-14,roll_mismatch,,,,,,,,ES.v.0,2022-06-15,,,,,
,,,,,ESZ2,,previous_close_cross_instrument,,,,,,drop_main_sample,False,,,,,,,,,,,ESU2,2022-09-13,roll_mismatch,,,,,,,,ES.v.0,2022-09-14,,,,,
,,,,,ESH3,,previous_close_cross_instrument,,,,,,drop_main_sample,False,,,,,,,,,,,ESZ2,2022-12-13,roll_mismatch,,,,,,,,ES.v.0,2022-12-14,,,,,
,,,,,ESM3,,previous_close_cross_instrument,,,,,,drop_main_sample,False,,,,,,,,,,,ESH3,2023-03-14,roll_mismatch,,,,,,,,ES.v.0,2023-03-15,,,,,
,,,,,ESU3,,previous_close_cross_instrument,,,,,,drop_main_sample,False,,,,,,,,,,,ESM3,2023-06-13,roll_mismatch,,,,,,,,ES.v.0,2023-06-14,,,,,
,,,,,ESZ3,,previous_close_cross_instrument,,,,,,drop_main_sample,False,,,,,,,,,,,ESU3,2023-09-12,roll_mismatch,,,,,,,,ES.v.0,2023-09-13,,,,,
,,,,,ESH4,,previous_close_cross_instrument,,,,,,drop_main_sample,False,,,,,,,,,,,ESZ3,2023-12-12,roll_mismatch,,,,,,,,ES.v.0,2023-12-13,,,,,
,,,,,ESM4,,previous_close_cross_instrument,,,,,,drop_main_sample,False,,,,,,,,,,,ESH4,2024-03-12,roll_mismatch,,,,,,,,ES.v.0,2024-03-13,,,,,
,,,,,ESU4,,calendar_closed;previous_close_cross_instrument,,,,,,drop_main_sample,False,,,,,,,,,,,ESM4,2024-06-18,roll_mismatch,,,,,,,,ES.v.0,2024-06-19,,,,,
,,,,,ESU4,,previous_close_cross_instrument,,,,,,drop_main_sample,False,,,,,,,,,,,ESM4,2024-06-18,roll_mismatch,,,,,,,,ES.v.0,2024-06-20,,,,,
,,,,,ESZ4,,previous_close_cross_instrument,,,,,,drop_main_sample,False,,,,,,,,,,,ESU4,2024-09-17,roll_mismatch,,,,,,,,ES.v.0,2024-09-18,,,,,
,,,,,ESH5,,previous_close_cross_instrument,,,,,,drop_main_sample,False,,,,,,,,,,,ESZ4,2024-12-17,roll_mismatch,,,,,,,,ES.v.0,2024-12-18,,,,,
,,,,,ESM5,,previous_close_cross_instrument,,,,,,drop_main_sample,False,,,,,,,,,,,ESH5,2025-03-18,roll_mismatch,,,,,,,,ES.v.0,2025-03-19,,,,,
,,,,,ESU5,,previous_close_cross_instrument,,,,,,drop_main_sample,False,,,,,,,,,,,ESM5,2025-06-17,roll_mismatch,,,,,,,,ES.v.0,2025-06-18,,,,,
,,,,,ESZ5,,previous_close_cross_instrument,,,,,,drop_main_sample,False,,,,,,,,,,,ESU5,2025-09-16,roll_mismatch,,,,,,,,ES.v.0,2025-09-17,,,,,
,,,,,ESH6,,previous_close_cross_instrument,,,,,,drop_main_sample,False,,,,,,,,,,,ESZ5,2025-12-16,roll_mismatch,,,,,,,,ES.v.0,2025-12-17,,,,,
,,,,,ESU0,,previous_close_cross_instrument,,,,,,drop_main_sample,False,,,,,,,,,,,ESM0,2010-06-11,roll_mismatch,,,,,,,,ES.v.0,2010-06-14,,,,,
,,,,,ESZ0,,previous_close_cross_instrument,,,,,,drop_main_sample,False,,,,,,,,,,,ESU0,2010-09-10,roll_mismatch,,,,,,,,ES.v.0,2010-09-13,,,,,
,,,,,ESH1,,previous_close_cross_instrument,,,,,,drop_main_sample,False,,,,,,,,,,,ESZ0,2010-12-10,roll_mismatch,,,,,,,,ES.v.0,2010-12-13,,,,,
,,,,,ESM1,,previous_close_cross_instrument,,,,,,drop_main_sample,False,,,,,,,,,,,ESH1,2011-03-11,roll_mismatch,,,,,,,,ES.v.0,2011-03-14,,,,,
,,,,,ESU1,,previous_close_cross_instrument,,,,,,drop_main_sample,False,,,,,,,,,,,ESM1,2011-06-10,roll_mismatch,,,,,,,,ES.v.0,2011-06-13,,,,,
,,,,,ESZ1,,previous_close_cross_instrument,,,,,,drop_main_sample,False,,,,,,,,,,,ESU1,2011-09-09,roll_mismatch,,,,,,,,ES.v.0,2011-09-12,,,,,
,,,,,ESH2,,previous_close_cross_instrument,,,,,,drop_main_sample,False,,,,,,,,,,,ESZ1,2011-12-09,roll_mismatch,,,,,,,,ES.v.0,2011-12-12,,,,,
,,,,,ESM2,,previous_close_cross_instrument,,,,,,drop_main_sample,False,,,,,,,,,,,ESH2,2012-03-12,roll_mismatch,,,,,,,,ES.v.0,2012-03-13,,,,,
,,,,,ESU2,,previous_close_cross_instrument,,,,,,drop_main_sample,False,,,,,,,,,,,ESM2,2012-06-08,roll_mismatch,,,,,,,,ES.v.0,2012-06-11,,,,,
,,,,,ESZ2,,previous_close_cross_instrument,,,,,,drop_main_sample,False,,,,,,,,,,,ESU2,2012-09-14,roll_mismatch,,,,,,,,ES.v.0,2012-09-17,,,,,
,,,,,ESH3,,previous_close_cross_instrument,,,,,,drop_main_sample,False,,,,,,,,,,,ESZ2,2012-12-14,roll_mismatch,,,,,,,,ES.v.0,2012-12-17,,,,,
,,,,,ESM3,,previous_close_cross_instrument,,,,,,drop_main_sample,False,,,,,,,,,,,ESH3,2013-03-11,roll_mismatch,,,,,,,,ES.v.0,2013-03-12,,,,,
,,,,,ESU3,,previous_close_cross_instrument,,,,,,drop_main_sample,False,,,,,,,,,,,ESM3,2013-06-14,roll_mismatch,,,,,,,,ES.v.0,2013-06-17,,,,,
,,,,,ESZ3,,previous_close_cross_instrument,,,,,,drop_main_sample,False,,,,,,,,,,,ESU3,2013-09-13,roll_mismatch,,,,,,,,ES.v.0,2013-09-16,,,,,
,,,,,ESH4,,previous_close_cross_instrument,,,,,,drop_main_sample,False,,,,,,,,,,,ESZ3,2013-12-13,roll_mismatch,,,,,,,,ES.v.0,2013-12-16,,,,,
,,,,,ESM4,,previous_close_cross_instrument,,,,,,drop_main_sample,False,,,,,,,,,,,ESH4,2014-03-14,roll_mismatch,,,,,,,,ES.v.0,2014-03-17,,,,,
,,,,,ESU4,,previous_close_cross_instrument,,,,,,drop_main_sample,False,,,,,,,,,,,ESM4,2014-06-11,roll_mismatch,,,,,,,,ES.v.0,2014-06-16,,,,,
,,,,,ESZ4,,previous_close_cross_instrument,,,,,,drop_main_sample,False,,,,,,,,,,,ESU4,2014-09-12,roll_mismatch,,,,,,,,ES.v.0,2014-09-15,,,,,
,,,,,ESH5,,previous_close_cross_instrument,,,,,,drop_main_sample,False,,,,,,,,,,,ESZ4,2014-12-12,roll_mismatch,,,,,,,,ES.v.0,2014-12-15,,,,,
,,,,,ESM5,,previous_close_cross_instrument,,,,,,drop_main_sample,False,,,,,,,,,,,ESH5,2015-03-13,roll_mismatch,,,,,,,,ES.v.0,2015-03-16,,,,,
,,,,,ESU5,,previous_close_cross_instrument,,,,,,drop_main_sample,False,,,,,,,,,,,ESM5,2015-06-12,roll_mismatch,,,,,,,,ES.v.0,2015-06-15,,,,,
,,,,,ESZ5,,previous_close_cross_instrument,,,,,,drop_main_sample,False,,,,,,,,,,,ESU5,2015-09-11,roll_mismatch,,,,,,,,ES.v.0,2015-09-14,,,,,
,,,,,ESH6,,previous_close_cross_instrument,,,,,,drop_main_sample,False,,,,,,,,,,,ESZ5,2015-12-11,roll_mismatch,,,,,,,,ES.v.0,2015-12-14,,,,,
,,,,,ESM6,,previous_close_cross_instrument,,,,,,drop_main_sample,False,,,,,,,,,,,ESH6,2016-03-11,roll_mismatch,,,,,,,,ES.v.0,2016-03-14,,,,,
,,,,,ESU6,,previous_close_cross_instrument,,,,,,drop_main_sample,False,,,,,,,,,,,ESM6,2016-06-10,roll_mismatch,,,,,,,,ES.v.0,2016-06-13,,,,,
,,,,,ESZ6,,previous_close_cross_instrument,,,,,,drop_main_sample,False,,,,,,,,,,,ESU6,2016-09-09,roll_mismatch,,,,,,,,ES.v.0,2016-09-12,,,,,
,,,,,ESH7,,previous_close_cross_instrument,,,,,,drop_main_sample,False,,,,,,,,,,,ESZ6,2016-12-12,roll_mismatch,,,,,,,,ES.v.0,2016-12-13,,,,,
,,,,,ESM7,,previous_close_cross_instrument,,,,,,drop_main_sample,False,,,,,,,,,,,ESH7,2017-03-10,roll_mismatch,,,,,,,,ES.v.0,2017-03-13,,,,,
,,,,,ESU7,,previous_close_cross_instrument,,,,,,drop_main_sample,False,,,,,,,,,,,ESM7,2017-06-09,roll_mismatch,,,,,,,,ES.v.0,2017-06-12,,,,,
,,,,,ESZ7,,previous_close_cross_instrument,,,,,,drop_main_sample,False,,,,,,,,,,,ESU7,2017-09-08,roll_mismatch,,,,,,,,ES.v.0,2017-09-11,,,,,
,,,,,ESH8,,previous_close_cross_instrument,,,,,,drop_main_sample,False,,,,,,,,,,,ESZ7,2017-12-08,roll_mismatch,,,,,,,,ES.v.0,2017-12-11,,,,,
,,,,,ESM8,,previous_close_cross_instrument,,,,,,drop_main_sample,False,,,,,,,,,,,ESH8,2018-03-13,roll_mismatch,,,,,,,,ES.v.0,2018-03-14,,,,,
,,,,,ESU8,,previous_close_cross_instrument,,,,,,drop_main_sample,False,,,,,,,,,,,ESM8,2018-06-12,roll_mismatch,,,,,,,,ES.v.0,2018-06-13,,,,,
,,,,,ESZ8,,previous_close_cross_instrument,,,,,,drop_main_sample,False,,,,,,,,,,,ESU8,2018-09-14,roll_mismatch,,,,,,,,ES.v.0,2018-09-17,,,,,
,,,,,ESH9,,previous_close_cross_instrument,,,,,,drop_main_sample,False,,,,,,,,,,,ESZ8,2018-12-14,roll_mismatch,,,,,,,,ES.v.0,2018-12-17,,,,,
,,,,,ESM9,,previous_close_cross_instrument,,,,,,drop_main_sample,False,,,,,,,,,,,ESH9,2019-03-08,roll_mismatch,,,,,,,,ES.v.0,2019-03-11,,,,,
,,,,,ESU9,,previous_close_cross_instrument,,,,,,drop_main_sample,False,,,,,,,,,,,ESM9,2019-06-14,roll_mismatch,,,,,,,,ES.v.0,2019-06-17,,,,,
,,,,,ESZ9,,previous_close_cross_instrument,,,,,,drop_main_sample,False,,,,,,,,,,,ESU9,2019-09-13,roll_mismatch,,,,,,,,ES.v.0,2019-09-16,,,,,
,,,,,ESH0,,previous_close_cross_instrument,,,,,,drop_main_sample,False,,,,,,,,,,,ESZ9,2019-12-13,roll_mismatch,,,,,,,,ES.v.0,2019-12-16,,,,,
,,,,,ESM0,,previous_close_cross_instrument,,,,,,drop_main_sample,False,,,,,,,,,,,ESH0,2020-03-17,roll_mismatch,,,,,,,,ES.v.0,2020-03-18,,,,,
,,,,,NQM1,,previous_close_cross_instrument,,,,,,drop_main_sample,False,,,,,,,,,,,NQH1,2021-03-16,roll_mismatch,,,,,,,,NQ.v.0,2021-03-17,,,,,
,,,,,NQU1,,previous_close_cross_instrument,,,,,,drop_main_sample,False,,,,,,,,,,,NQM1,2021-06-15,roll_mismatch,,,,,,,,NQ.v.0,2021-06-16,,,,,
,,,,,NQZ1,,previous_close_cross_instrument,,,,,,drop_main_sample,False,,,,,,,,,,,NQU1,2021-09-14,roll_mismatch,,,,,,,,NQ.v.0,2021-09-15,,,,,
,,,,,NQH2,,previous_close_cross_instrument,,,,,,drop_main_sample,False,,,,,,,,,,,NQZ1,2021-12-10,roll_mismatch,,,,,,,,NQ.v.0,2021-12-13,,,,,
,,,,,NQM2,,previous_close_cross_instrument,,,,,,drop_main_sample,False,,,,,,,,,,,NQH2,2022-03-15,roll_mismatch,,,,,,,,NQ.v.0,2022-03-16,,,,,
,,,,,NQU2,,previous_close_cross_instrument,,,,,,drop_main_sample,False,,,,,,,,,,,NQM2,2022-06-14,roll_mismatch,,,,,,,,NQ.v.0,2022-06-15,,,,,
,,,,,NQZ2,,previous_close_cross_instrument,,,,,,drop_main_sample,False,,,,,,,,,,,NQU2,2022-09-13,roll_mismatch,,,,,,,,NQ.v.0,2022-09-14,,,,,
,,,,,NQH3,,previous_close_cross_instrument,,,,,,drop_main_sample,False,,,,,,,,,,,NQZ2,2022-12-13,roll_mismatch,,,,,,,,NQ.v.0,2022-12-14,,,,,
,,,,,NQM3,,previous_close_cross_instrument,,,,,,drop_main_sample,False,,,,,,,,,,,NQH3,2023-03-14,roll_mismatch,,,,,,,,NQ.v.0,2023-03-15,,,,,
,,,,,NQU3,,previous_close_cross_instrument,,,,,,drop_main_sample,False,,,,,,,,,,,NQM3,2023-06-13,roll_mismatch,,,,,,,,NQ.v.0,2023-06-14,,,,,
,,,,,NQZ3,,previous_close_cross_instrument,,,,,,drop_main_sample,False,,,,,,,,,,,NQU3,2023-09-12,roll_mismatch,,,,,,,,NQ.v.0,2023-09-13,,,,,
,,,,,NQH4,,previous_close_cross_instrument,,,,,,drop_main_sample,False,,,,,,,,,,,NQZ3,2023-12-12,roll_mismatch,,,,,,,,NQ.v.0,2023-12-13,,,,,
,,,,,NQM4,,previous_close_cross_instrument,,,,,,drop_main_sample,False,,,,,,,,,,,NQH4,2024-03-12,roll_mismatch,,,,,,,,NQ.v.0,2024-03-13,,,,,
,,,,,NQU4,,calendar_closed;previous_close_cross_instrument,,,,,,drop_main_sample,False,,,,,,,,,,,NQM4,2024-06-18,roll_mismatch,,,,,,,,NQ.v.0,2024-06-19,,,,,
,,,,,NQU4,,previous_close_cross_instrument,,,,,,drop_main_sample,False,,,,,,,,,,,NQM4,2024-06-18,roll_mismatch,,,,,,,,NQ.v.0,2024-06-20,,,,,
,,,,,NQZ4,,previous_close_cross_instrument,,,,,,drop_main_sample,False,,,,,,,,,,,NQU4,2024-09-17,roll_mismatch,,,,,,,,NQ.v.0,2024-09-18,,,,,
,,,,,NQH5,,previous_close_cross_instrument,,,,,,drop_main_sample,False,,,,,,,,,,,NQZ4,2024-12-18,roll_mismatch,,,,,,,,NQ.v.0,2024-12-19,,,,,
,,,,,NQM5,,previous_close_cross_instrument,,,,,,drop_main_sample,False,,,,,,,,,,,NQH5,2025-03-19,roll_mismatch,,,,,,,,NQ.v.0,2025-03-20,,,,,
,,,,,NQU5,,previous_close_cross_instrument,,,,,,drop_main_sample,False,,,,,,,,,,,NQM5,2025-06-17,roll_mismatch,,,,,,,,NQ.v.0,2025-06-18,,,,,
,,,,,NQZ5,,previous_close_cross_instrument,,,,,,drop_main_sample,False,,,,,,,,,,,NQU5,2025-09-17,roll_mismatch,,,,,,,,NQ.v.0,2025-09-18,,,,,
,,,,,NQH6,,previous_close_cross_instrument,,,,,,drop_main_sample,False,,,,,,,,,,,NQZ5,2025-12-16,roll_mismatch,,,,,,,,NQ.v.0,2025-12-17,,,,,
,,,,,NQU0,,previous_close_cross_instrument,,,,,,drop_main_sample,False,,,,,,,,,,,NQM0,2010-06-11,roll_mismatch,,,,,,,,NQ.v.0,2010-06-14,,,,,
,,,,,NQZ0,,previous_close_cross_instrument,,,,,,drop_main_sample,False,,,,,,,,,,,NQU0,2010-09-10,roll_mismatch,,,,,,,,NQ.v.0,2010-09-13,,,,,
,,,,,NQH1,,previous_close_cross_instrument,,,,,,drop_main_sample,False,,,,,,,,,,,NQZ0,2010-12-10,roll_mismatch,,,,,,,,NQ.v.0,2010-12-13,,,,,
,,,,,NQM1,,previous_close_cross_instrument,,,,,,drop_main_sample,False,,,,,,,,,,,NQH1,2011-03-11,roll_mismatch,,,,,,,,NQ.v.0,2011-03-14,,,,,
,,,,,NQU1,,previous_close_cross_instrument,,,,,,drop_main_sample,False,,,,,,,,,,,NQM1,2011-06-10,roll_mismatch,,,,,,,,NQ.v.0,2011-06-13,,,,,
,,,,,NQZ1,,previous_close_cross_instrument,,,,,,drop_main_sample,False,,,,,,,,,,,NQU1,2011-09-09,roll_mismatch,,,,,,,,NQ.v.0,2011-09-12,,,,,
,,,,,NQH2,,previous_close_cross_instrument,,,,,,drop_main_sample,False,,,,,,,,,,,NQZ1,2011-12-09,roll_mismatch,,,,,,,,NQ.v.0,2011-12-12,,,,,
,,,,,NQM2,,previous_close_cross_instrument,,,,,,drop_main_sample,False,,,,,,,,,,,NQH2,2012-03-12,roll_mismatch,,,,,,,,NQ.v.0,2012-03-13,,,,,
,,,,,NQU2,,previous_close_cross_instrument,,,,,,drop_main_sample,False,,,,,,,,,,,NQM2,2012-06-08,roll_mismatch,,,,,,,,NQ.v.0,2012-06-11,,,,,
,,,,,NQZ2,,previous_close_cross_instrument,,,,,,drop_main_sample,False,,,,,,,,,,,NQU2,2012-09-14,roll_mismatch,,,,,,,,NQ.v.0,2012-09-17,,,,,
,,,,,NQH3,,previous_close_cross_instrument,,,,,,drop_main_sample,False,,,,,,,,,,,NQZ2,2012-12-14,roll_mismatch,,,,,,,,NQ.v.0,2012-12-17,,,,,
,,,,,NQM3,,previous_close_cross_instrument,,,,,,drop_main_sample,False,,,,,,,,,,,NQH3,2013-03-11,roll_mismatch,,,,,,,,NQ.v.0,2013-03-12,,,,,
,,,,,NQU3,,previous_close_cross_instrument,,,,,,drop_main_sample,False,,,,,,,,,,,NQM3,2013-06-14,roll_mismatch,,,,,,,,NQ.v.0,2013-06-17,,,,,
,,,,,NQZ3,,previous_close_cross_instrument,,,,,,drop_main_sample,False,,,,,,,,,,,NQU3,2013-09-13,roll_mismatch,,,,,,,,NQ.v.0,2013-09-16,,,,,
,,,,,NQH4,,previous_close_cross_instrument,,,,,,drop_main_sample,False,,,,,,,,,,,NQZ3,2013-12-13,roll_mismatch,,,,,,,,NQ.v.0,2013-12-16,,,,,
,,,,,NQM4,,previous_close_cross_instrument,,,,,,drop_main_sample,False,,,,,,,,,,,NQH4,2014-03-14,roll_mismatch,,,,,,,,NQ.v.0,2014-03-17,,,,,
,,,,,NQU4,,previous_close_cross_instrument,,,,,,drop_main_sample,False,,,,,,,,,,,NQM4,2014-06-11,roll_mismatch,,,,,,,,NQ.v.0,2014-06-16,,,,,
,,,,,NQZ4,,previous_close_cross_instrument,,,,,,drop_main_sample,False,,,,,,,,,,,NQU4,2014-09-12,roll_mismatch,,,,,,,,NQ.v.0,2014-09-15,,,,,
,,,,,NQH5,,previous_close_cross_instrument,,,,,,drop_main_sample,False,,,,,,,,,,,NQZ4,2014-12-12,roll_mismatch,,,,,,,,NQ.v.0,2014-12-15,,,,,
,,,,,NQM5,,previous_close_cross_instrument,,,,,,drop_main_sample,False,,,,,,,,,,,NQH5,2015-03-13,roll_mismatch,,,,,,,,NQ.v.0,2015-03-16,,,,,
,,,,,NQU5,,previous_close_cross_instrument,,,,,,drop_main_sample,False,,,,,,,,,,,NQM5,2015-06-12,roll_mismatch,,,,,,,,NQ.v.0,2015-06-15,,,,,
,,,,,NQZ5,,previous_close_cross_instrument,,,,,,drop_main_sample,False,,,,,,,,,,,NQU5,2015-09-11,roll_mismatch,,,,,,,,NQ.v.0,2015-09-14,,,,,
,,,,,NQH6,,previous_close_cross_instrument,,,,,,drop_main_sample,False,,,,,,,,,,,NQZ5,2015-12-11,roll_mismatch,,,,,,,,NQ.v.0,2015-12-14,,,,,
,,,,,NQM6,,previous_close_cross_instrument,,,,,,drop_main_sample,False,,,,,,,,,,,NQH6,2016-03-11,roll_mismatch,,,,,,,,NQ.v.0,2016-03-14,,,,,
,,,,,NQU6,,previous_close_cross_instrument,,,,,,drop_main_sample,False,,,,,,,,,,,NQM6,2016-06-10,roll_mismatch,,,,,,,,NQ.v.0,2016-06-13,,,,,
,,,,,NQZ6,,previous_close_cross_instrument,,,,,,drop_main_sample,False,,,,,,,,,,,NQU6,2016-09-09,roll_mismatch,,,,,,,,NQ.v.0,2016-09-12,,,,,
,,,,,NQH7,,previous_close_cross_instrument,,,,,,drop_main_sample,False,,,,,,,,,,,NQZ6,2016-12-12,roll_mismatch,,,,,,,,NQ.v.0,2016-12-13,,,,,
,,,,,NQM7,,previous_close_cross_instrument,,,,,,drop_main_sample,False,,,,,,,,,,,NQH7,2017-03-10,roll_mismatch,,,,,,,,NQ.v.0,2017-03-13,,,,,
,,,,,NQU7,,previous_close_cross_instrument,,,,,,drop_main_sample,False,,,,,,,,,,,NQM7,2017-06-09,roll_mismatch,,,,,,,,NQ.v.0,2017-06-12,,,,,
,,,,,NQZ7,,previous_close_cross_instrument,,,,,,drop_main_sample,False,,,,,,,,,,,NQU7,2017-09-08,roll_mismatch,,,,,,,,NQ.v.0,2017-09-11,,,,,
,,,,,NQH8,,previous_close_cross_instrument,,,,,,drop_main_sample,False,,,,,,,,,,,NQZ7,2017-12-08,roll_mismatch,,,,,,,,NQ.v.0,2017-12-11,,,,,
,,,,,NQM8,,previous_close_cross_instrument,,,,,,drop_main_sample,False,,,,,,,,,,,NQH8,2018-03-09,roll_mismatch,,,,,,,,NQ.v.0,2018-03-12,,,,,
,,,,,NQU8,,previous_close_cross_instrument,,,,,,drop_main_sample,False,,,,,,,,,,,NQM8,2018-06-08,roll_mismatch,,,,,,,,NQ.v.0,2018-06-11,,,,,
,,,,,NQZ8,,previous_close_cross_instrument,,,,,,drop_main_sample,False,,,,,,,,,,,NQU8,2018-09-14,roll_mismatch,,,,,,,,NQ.v.0,2018-09-17,,,,,
,,,,,NQH9,,previous_close_cross_instrument,,,,,,drop_main_sample,False,,,,,,,,,,,NQZ8,2018-12-14,roll_mismatch,,,,,,,,NQ.v.0,2018-12-17,,,,,
,,,,,NQM9,,previous_close_cross_instrument,,,,,,drop_main_sample,False,,,,,,,,,,,NQH9,2019-03-08,roll_mismatch,,,,,,,,NQ.v.0,2019-03-11,,,,,
,,,,,NQU9,,previous_close_cross_instrument,,,,,,drop_main_sample,False,,,,,,,,,,,NQM9,2019-06-18,roll_mismatch,,,,,,,,NQ.v.0,2019-06-19,,,,,
,,,,,NQZ9,,previous_close_cross_instrument,,,,,,drop_main_sample,False,,,,,,,,,,,NQU9,2019-09-13,roll_mismatch,,,,,,,,NQ.v.0,2019-09-16,,,,,
,,,,,NQH0,,previous_close_cross_instrument,,,,,,drop_main_sample,False,,,,,,,,,,,NQZ9,2019-12-13,roll_mismatch,,,,,,,,NQ.v.0,2019-12-16,,,,,
,,,,,NQM0,,previous_close_cross_instrument,,,,,,drop_main_sample,False,,,,,,,,,,,NQH0,2020-03-17,roll_mismatch,,,,,,,,NQ.v.0,2020-03-18,,,,,
,,,,,GCJ1,,previous_close_cross_instrument,,,,,,drop_main_sample,False,,,,,,,,,,,GCG1,2021-01-29,roll_mismatch,,,,,,,,GC.v.0,2021-02-01,,,,,
,,,,,GCM1,,previous_close_cross_instrument,,,,,,drop_main_sample,False,,,,,,,,,,,GCJ1,2021-03-30,roll_mismatch,,,,,,,,GC.v.0,2021-03-31,,,,,
,,,,,GCQ1,,previous_close_cross_instrument,,,,,,drop_main_sample,False,,,,,,,,,,,GCM1,2021-05-27,roll_mismatch,,,,,,,,GC.v.0,2021-05-28,,,,,
,,,,,GCZ1,,previous_close_cross_instrument,,,,,,drop_main_sample,False,,,,,,,,,,,GCQ1,2021-07-30,roll_mismatch,,,,,,,,GC.v.0,2021-08-02,,,,,
,,,,,GCG2,,previous_close_cross_instrument,,,,,,drop_main_sample,False,,,,,,,,,,,GCZ1,2021-11-30,roll_mismatch,,,,,,,,GC.v.0,2021-12-01,,,,,
,,,,,GCJ2,,previous_close_cross_instrument,,,,,,drop_main_sample,False,,,,,,,,,,,GCG2,2022-01-28,roll_mismatch,,,,,,,,GC.v.0,2022-01-31,,,,,
,,,,,GCM2,,previous_close_cross_instrument,,,,,,drop_main_sample,False,,,,,,,,,,,GCJ2,2022-03-30,roll_mismatch,,,,,,,,GC.v.0,2022-03-31,,,,,
,,,,,GCQ2,,previous_close_cross_instrument,,,,,,drop_main_sample,False,,,,,,,,,,,GCM2,2022-05-27,roll_mismatch,,,,,,,,GC.v.0,2022-05-30,,,,,
,,,,,GCZ2,,previous_close_cross_instrument,,,,,,drop_main_sample,False,,,,,,,,,,,GCQ2,2022-07-28,roll_mismatch,,,,,,,,GC.v.0,2022-08-01,,,,,
,,,,,GCG3,,previous_close_cross_instrument,,,,,,drop_main_sample,False,,,,,,,,,,,GCZ2,2022-11-30,roll_mismatch,,,,,,,,GC.v.0,2022-12-01,,,,,
,,,,,GCJ3,,previous_close_cross_instrument,,,,,,drop_main_sample,False,,,,,,,,,,,GCG3,2023-01-30,roll_mismatch,,,,,,,,GC.v.0,2023-02-01,,,,,
,,,,,GCM3,,previous_close_cross_instrument,,,,,,drop_main_sample,False,,,,,,,,,,,GCJ3,2023-03-29,roll_mismatch,,,,,,,,GC.v.0,2023-03-31,,,,,
,,,,,GCQ3,,previous_close_cross_instrument,,,,,,drop_main_sample,False,,,,,,,,,,,GCM3,2023-05-30,roll_mismatch,,,,,,,,GC.v.0,2023-06-01,,,,,
,,,,,GCZ3,,previous_close_cross_instrument,,,,,,drop_main_sample,False,,,,,,,,,,,GCQ3,2023-07-28,roll_mismatch,,,,,,,,GC.v.0,2023-07-31,,,,,
,,,,,GCG4,,previous_close_cross_instrument,,,,,,drop_main_sample,False,,,,,,,,,,,GCZ3,2023-11-29,roll_mismatch,,,,,,,,GC.v.0,2023-11-30,,,,,
,,,,,GCJ4,,previous_close_cross_instrument,,,,,,drop_main_sample,False,,,,,,,,,,,GCG4,2024-01-30,roll_mismatch,,,,,,,,GC.v.0,2024-01-31,,,,,
,,,,,GCM4,,previous_close_cross_instrument,,,,,,drop_main_sample,False,,,,,,,,,,,GCJ4,2024-03-27,roll_mismatch,,,,,,,,GC.v.0,2024-03-28,,,,,
,,,,,GCQ4,,previous_close_cross_instrument,,,,,,drop_main_sample,False,,,,,,,,,,,GCM4,2024-05-30,roll_mismatch,,,,,,,,GC.v.0,2024-05-31,,,,,
,,,,,GCZ4,,previous_close_cross_instrument,,,,,,drop_main_sample,False,,,,,,,,,,,GCQ4,2024-07-30,roll_mismatch,,,,,,,,GC.v.0,2024-07-31,,,,,
,,,,,GCG5,,previous_close_cross_instrument,,,,,,drop_main_sample,False,,,,,,,,,,,GCZ4,2024-11-27,roll_mismatch,,,,,,,,GC.v.0,2024-11-29,,,,,
,,,,,GCJ5,,previous_close_cross_instrument,,,,,,drop_main_sample,False,,,,,,,,,,,GCG5,2025-01-30,roll_mismatch,,,,,,,,GC.v.0,2025-01-31,,,,,
,,,,,GCM5,,previous_close_cross_instrument,,,,,,drop_main_sample,False,,,,,,,,,,,GCJ5,2025-03-28,roll_mismatch,,,,,,,,GC.v.0,2025-03-31,,,,,
,,,,,GCQ5,,previous_close_cross_instrument,,,,,,drop_main_sample,False,,,,,,,,,,,GCM5,2025-05-29,roll_mismatch,,,,,,,,GC.v.0,2025-05-30,,,,,
,,,,,GCZ5,,previous_close_cross_instrument,,,,,,drop_main_sample,False,,,,,,,,,,,GCQ5,2025-07-30,roll_mismatch,,,,,,,,GC.v.0,2025-07-31,,,,,
,,,,,GCG6,,previous_close_cross_instrument,,,,,,drop_main_sample,False,,,,,,,,,,,GCZ5,2025-11-26,roll_mismatch,,,,,,,,GC.v.0,2025-11-27,,,,,
,,,,,GCZ0,,previous_close_cross_instrument,,,,,,drop_main_sample,False,,,,,,,,,,,GCQ0,2010-07-30,roll_mismatch,,,,,,,,GC.v.0,2010-08-02,,,,,
,,,,,GCG1,,previous_close_cross_instrument,,,,,,drop_main_sample,False,,,,,,,,,,,GCZ0,2010-11-30,roll_mismatch,,,,,,,,GC.v.0,2010-12-01,,,,,
,,,,,GCJ1,,previous_close_cross_instrument,,,,,,drop_main_sample,False,,,,,,,,,,,GCG1,2011-01-28,roll_mismatch,,,,,,,,GC.v.0,2011-01-31,,,,,
,,,,,GCM1,,previous_close_cross_instrument,,,,,,drop_main_sample,False,,,,,,,,,,,GCJ1,2011-03-30,roll_mismatch,,,,,,,,GC.v.0,2011-03-31,,,,,
,,,,,GCQ1,,calendar_early_close_before_effective_close;previous_close_cross_instrument,,,,,,drop_main_sample,False,,,,,,,,,,,GCM1,2011-05-27,roll_mismatch,,,,,,,,GC.v.0,2011-05-30,,,,,
,,,,,GCQ1,,previous_close_cross_instrument,,,,,,drop_main_sample,False,,,,,,,,,,,GCM1,2011-05-27,roll_mismatch,,,,,,,,GC.v.0,2011-05-31,,,,,
,,,,,GCZ1,,previous_close_cross_instrument,,,,,,drop_main_sample,False,,,,,,,,,,,GCQ1,2011-07-29,roll_mismatch,,,,,,,,GC.v.0,2011-08-01,,,,,
,,,,,GCG2,,previous_close_cross_instrument,,,,,,drop_main_sample,False,,,,,,,,,,,GCZ1,2011-11-30,roll_mismatch,,,,,,,,GC.v.0,2011-12-01,,,,,
,,,,,GCJ2,,previous_close_cross_instrument,,,,,,drop_main_sample,False,,,,,,,,,,,GCG2,2012-01-31,roll_mismatch,,,,,,,,GC.v.0,2012-02-01,,,,,
,,,,,GCM2,,previous_close_cross_instrument,,,,,,drop_main_sample,False,,,,,,,,,,,GCJ2,2012-03-30,roll_mismatch,,,,,,,,GC.v.0,2012-04-02,,,,,
,,,,,GCQ2,,previous_close_cross_instrument,,,,,,drop_main_sample,False,,,,,,,,,,,GCM2,2012-05-30,roll_mismatch,,,,,,,,GC.v.0,2012-06-01,,,,,
,,,,,GCZ2,,previous_close_cross_instrument,,,,,,drop_main_sample,False,,,,,,,,,,,GCQ2,2012-07-31,roll_mismatch,,,,,,,,GC.v.0,2012-08-01,,,,,
,,,,,GCG3,,previous_close_cross_instrument,,,,,,drop_main_sample,False,,,,,,,,,,,GCZ2,2012-11-29,roll_mismatch,,,,,,,,GC.v.0,2012-12-03,,,,,
,,,,,GCJ3,,previous_close_cross_instrument,,,,,,drop_main_sample,False,,,,,,,,,,,GCG3,2013-01-31,roll_mismatch,,,,,,,,GC.v.0,2013-02-01,,,,,
,,,,,GCM3,,previous_close_cross_instrument,,,,,,drop_main_sample,False,,,,,,,,,,,GCJ3,2013-03-28,roll_mismatch,,,,,,,,GC.v.0,2013-04-01,,,,,
,,,,,GCQ3,,previous_close_cross_instrument,,,,,,drop_main_sample,False,,,,,,,,,,,GCM3,2013-05-31,roll_mismatch,,,,,,,,GC.v.0,2013-06-03,,,,,
,,,,,GCZ3,,previous_close_cross_instrument,,,,,,drop_main_sample,False,,,,,,,,,,,GCQ3,2013-07-31,roll_mismatch,,,,,,,,GC.v.0,2013-08-01,,,,,
,,,,,GCG4,,previous_close_cross_instrument,,,,,,drop_main_sample,False,,,,,,,,,,,GCZ3,2013-11-29,roll_mismatch,,,,,,,,GC.v.0,2013-12-02,,,,,
,,,,,GCJ4,,previous_close_cross_instrument,,,,,,drop_main_sample,False,,,,,,,,,,,GCG4,2014-01-31,roll_mismatch,,,,,,,,GC.v.0,2014-02-03,,,,,
,,,,,GCM4,,previous_close_cross_instrument,,,,,,drop_main_sample,False,,,,,,,,,,,GCJ4,2014-03-28,roll_mismatch,,,,,,,,GC.v.0,2014-03-31,,,,,
,,,,,GCQ4,,previous_close_cross_instrument,,,,,,drop_main_sample,False,,,,,,,,,,,GCM4,2014-05-30,roll_mismatch,,,,,,,,GC.v.0,2014-06-02,,,,,
,,,,,GCZ4,,previous_close_cross_instrument,,,,,,drop_main_sample,False,,,,,,,,,,,GCQ4,2014-07-31,roll_mismatch,,,,,,,,GC.v.0,2014-08-01,,,,,
,,,,,GCG5,,previous_close_cross_instrument,,,,,,drop_main_sample,False,,,,,,,,,,,GCZ4,2014-11-26,roll_mismatch,,,,,,,,GC.v.0,2014-12-01,,,,,
,,,,,GCJ5,,previous_close_cross_instrument,,,,,,drop_main_sample,False,,,,,,,,,,,GCG5,2015-01-30,roll_mismatch,,,,,,,,GC.v.0,2015-02-02,,,,,
,,,,,GCM5,,previous_close_cross_instrument,,,,,,drop_main_sample,False,,,,,,,,,,,GCJ5,2015-03-31,roll_mismatch,,,,,,,,GC.v.0,2015-04-01,,,,,
,,,,,GCQ5,,previous_close_cross_instrument,,,,,,drop_main_sample,False,,,,,,,,,,,GCM5,2015-05-28,roll_mismatch,,,,,,,,GC.v.0,2015-06-01,,,,,
,,,,,GCZ5,,previous_close_cross_instrument,,,,,,drop_main_sample,False,,,,,,,,,,,GCQ5,2015-07-31,roll_mismatch,,,,,,,,GC.v.0,2015-08-03,,,,,
,,,,,GCG6,,previous_close_cross_instrument,,,,,,drop_main_sample,False,,,,,,,,,,,GCZ5,2015-11-27,roll_mismatch,,,,,,,,GC.v.0,2015-11-30,,,,,
,,,,,GCJ6,,previous_close_cross_instrument,,,,,,drop_main_sample,False,,,,,,,,,,,GCG6,2016-01-29,roll_mismatch,,,,,,,,GC.v.0,2016-02-01,,,,,
,,,,,GCM6,,previous_close_cross_instrument,,,,,,drop_main_sample,False,,,,,,,,,,,GCJ6,2016-03-30,roll_mismatch,,,,,,,,GC.v.0,2016-03-31,,,,,
,,,,,GCQ6,,calendar_early_close_before_effective_close;previous_close_cross_instrument,,,,,,drop_main_sample,False,,,,,,,,,,,GCM6,2016-05-27,roll_mismatch,,,,,,,,GC.v.0,2016-05-30,,,,,
,,,,,GCQ6,,previous_close_cross_instrument,,,,,,drop_main_sample,False,,,,,,,,,,,GCM6,2016-05-27,roll_mismatch,,,,,,,,GC.v.0,2016-05-31,,,,,
,,,,,GCZ6,,previous_close_cross_instrument,,,,,,drop_main_sample,False,,,,,,,,,,,GCQ6,2016-07-29,roll_mismatch,,,,,,,,GC.v.0,2016-08-01,,,,,
,,,,,GCG7,,previous_close_cross_instrument,,,,,,drop_main_sample,False,,,,,,,,,,,GCZ6,2016-11-30,roll_mismatch,,,,,,,,GC.v.0,2016-12-01,,,,,
,,,,,GCJ7,,previous_close_cross_instrument,,,,,,drop_main_sample,False,,,,,,,,,,,GCG7,2017-01-31,roll_mismatch,,,,,,,,GC.v.0,2017-02-01,,,,,
,,,,,GCM7,,previous_close_cross_instrument,,,,,,drop_main_sample,False,,,,,,,,,,,GCJ7,2017-03-31,roll_mismatch,,,,,,,,GC.v.0,2017-04-03,,,,,
,,,,,GCQ7,,previous_close_cross_instrument,,,,,,drop_main_sample,False,,,,,,,,,,,GCM7,2017-05-31,roll_mismatch,,,,,,,,GC.v.0,2017-06-01,,,,,
,,,,,GCZ7,,previous_close_cross_instrument,,,,,,drop_main_sample,False,,,,,,,,,,,GCQ7,2017-07-28,roll_mismatch,,,,,,,,GC.v.0,2017-07-31,,,,,
,,,,,GCG8,,previous_close_cross_instrument,,,,,,drop_main_sample,False,,,,,,,,,,,GCZ7,2017-11-30,roll_mismatch,,,,,,,,GC.v.0,2017-12-01,,,,,
,,,,,GCJ8,,previous_close_cross_instrument,,,,,,drop_main_sample,False,,,,,,,,,,,GCG8,2018-01-30,roll_mismatch,,,,,,,,GC.v.0,2018-02-01,,,,,
,,,,,GCM8,,previous_close_cross_instrument,,,,,,drop_main_sample,False,,,,,,,,,,,GCJ8,2018-03-28,roll_mismatch,,,,,,,,GC.v.0,2018-03-29,,,,,
,,,,,GCQ8,,previous_close_cross_instrument,,,,,,drop_main_sample,False,,,,,,,,,,,GCM8,2018-05-31,roll_mismatch,,,,,,,,GC.v.0,2018-06-01,,,,,
,,,,,GCZ8,,previous_close_cross_instrument,,,,,,drop_main_sample,False,,,,,,,,,,,GCQ8,2018-07-31,roll_mismatch,,,,,,,,GC.v.0,2018-08-01,,,,,
,,,,,GCG9,,previous_close_cross_instrument,,,,,,drop_main_sample,False,,,,,,,,,,,GCZ8,2018-11-30,roll_mismatch,,,,,,,,GC.v.0,2018-12-03,,,,,
,,,,,GCJ9,,previous_close_cross_instrument,,,,,,drop_main_sample,False,,,,,,,,,,,GCG9,2019-01-31,roll_mismatch,,,,,,,,GC.v.0,2019-02-01,,,,,
,,,,,GCM9,,previous_close_cross_instrument,,,,,,drop_main_sample,False,,,,,,,,,,,GCJ9,2019-03-29,roll_mismatch,,,,,,,,GC.v.0,2019-04-01,,,,,
,,,,,GCQ9,,previous_close_cross_instrument,,,,,,drop_main_sample,False,,,,,,,,,,,GCM9,2019-05-30,roll_mismatch,,,,,,,,GC.v.0,2019-05-31,,,,,
,,,,,GCZ9,,previous_close_cross_instrument,,,,,,drop_main_sample,False,,,,,,,,,,,GCQ9,2019-07-30,roll_mismatch,,,,,,,,GC.v.0,2019-08-01,,,,,
,,,,,GCG0,,previous_close_cross_instrument,,,,,,drop_main_sample,False,,,,,,,,,,,GCZ9,2019-11-27,roll_mismatch,,,,,,,,GC.v.0,2019-11-29,,,,,
,,,,,GCJ0,,previous_close_cross_instrument,,,,,,drop_main_sample,False,,,,,,,,,,,GCG0,2020-01-30,roll_mismatch,,,,,,,,GC.v.0,2020-02-03,,,,,
,,,,,GCM0,,previous_close_cross_instrument,,,,,,drop_main_sample,False,,,,,,,,,,,GCJ0,2020-03-27,roll_mismatch,,,,,,,,GC.v.0,2020-03-30,,,,,
,,,,,GCQ0,,previous_close_cross_instrument,,,,,,drop_main_sample,False,,,,,,,,,,,GCM0,2020-05-28,roll_mismatch,,,,,,,,GC.v.0,2020-05-29,,,,,
,,,,,CLH1,,calendar_early_close_before_effective_close;previous_close_cross_instrument,,,,,,drop_main_sample,False,,,,,,,,,,,CLG1,2021-01-15,roll_mismatch,,,,,,,,CL.v.0,2021-01-18,,,,,
,,,,,CLH1,,previous_close_cross_instrument,,,,,,drop_main_sample,False,,,,,,,,,,,CLG1,2021-01-15,roll_mismatch,,,,,,,,CL.v.0,2021-01-19,,,,,
,,,,,CLJ1,,previous_close_cross_instrument,,,,,,drop_main_sample,False,,,,,,,,,,,CLH1,2021-02-18,roll_mismatch,,,,,,,,CL.v.0,2021-02-19,,,,,
,,,,,CLK1,,previous_close_cross_instrument,,,,,,drop_main_sample,False,,,,,,,,,,,CLJ1,2021-03-18,roll_mismatch,,,,,,,,CL.v.0,2021-03-19,,,,,
,,,,,CLM1,,previous_close_cross_instrument,,,,,,drop_main_sample,False,,,,,,,,,,,CLK1,2021-04-16,roll_mismatch,,,,,,,,CL.v.0,2021-04-19,,,,,
,,,,,CLN1,,previous_close_cross_instrument,,,,,,drop_main_sample,False,,,,,,,,,,,CLM1,2021-05-19,roll_mismatch,,,,,,,,CL.v.0,2021-05-20,,,,,
,,,,,CLQ1,,previous_close_cross_instrument,,,,,,drop_main_sample,False,,,,,,,,,,,CLN1,2021-06-18,roll_mismatch,,,,,,,,CL.v.0,2021-06-21,,,,,
,,,,,CLU1,,previous_close_cross_instrument,,,,,,drop_main_sample,False,,,,,,,,,,,CLQ1,2021-07-16,roll_mismatch,,,,,,,,CL.v.0,2021-07-19,,,,,
,,,,,CLV1,,previous_close_cross_instrument,,,,,,drop_main_sample,False,,,,,,,,,,,CLU1,2021-08-19,roll_mismatch,,,,,,,,CL.v.0,2021-08-20,,,,,
,,,,,CLX1,,previous_close_cross_instrument,,,,,,drop_main_sample,False,,,,,,,,,,,CLV1,2021-09-17,roll_mismatch,,,,,,,,CL.v.0,2021-09-20,,,,,
,,,,,CLZ1,,previous_close_cross_instrument,,,,,,drop_main_sample,False,,,,,,,,,,,CLX1,2021-10-15,roll_mismatch,,,,,,,,CL.v.0,2021-10-18,,,,,
,,,,,CLF2,,previous_close_cross_instrument,,,,,,drop_main_sample,False,,,,,,,,,,,CLZ1,2021-11-18,roll_mismatch,,,,,,,,CL.v.0,2021-11-19,,,,,
,,,,,CLG2,,previous_close_cross_instrument,,,,,,drop_main_sample,False,,,,,,,,,,,CLF2,2021-12-17,roll_mismatch,,,,,,,,CL.v.0,2021-12-20,,,,,
,,,,,CLH2,,previous_close_cross_instrument,,,,,,drop_main_sample,False,,,,,,,,,,,CLG2,2022-01-19,roll_mismatch,,,,,,,,CL.v.0,2022-01-20,,,,,
,,,,,CLJ2,,previous_close_cross_instrument,,,,,,drop_main_sample,False,,,,,,,,,,,CLH2,2022-02-18,roll_mismatch,,,,,,,,CL.v.0,2022-02-21,,,,,
,,,,,CLK2,,previous_close_cross_instrument,,,,,,drop_main_sample,False,,,,,,,,,,,CLJ2,2022-03-18,roll_mismatch,,,,,,,,CL.v.0,2022-03-21,,,,,
,,,,,CLM2,,previous_close_cross_instrument,,,,,,drop_main_sample,False,,,,,,,,,,,CLK2,2022-04-19,roll_mismatch,,,,,,,,CL.v.0,2022-04-20,,,,,
,,,,,CLN2,,previous_close_cross_instrument,,,,,,drop_main_sample,False,,,,,,,,,,,CLM2,2022-05-19,roll_mismatch,,,,,,,,CL.v.0,2022-05-20,,,,,
,,,,,CLQ2,,previous_close_cross_instrument,,,,,,drop_main_sample,False,,,,,,,,,,,CLN2,2022-06-17,roll_mismatch,,,,,,,,CL.v.0,2022-06-20,,,,,
,,,,,CLU2,,previous_close_cross_instrument,,,,,,drop_main_sample,False,,,,,,,,,,,CLQ2,2022-07-19,roll_mismatch,,,,,,,,CL.v.0,2022-07-20,,,,,
,,,,,CLV2,,previous_close_cross_instrument,,,,,,drop_main_sample,False,,,,,,,,,,,CLU2,2022-08-19,roll_mismatch,,,,,,,,CL.v.0,2022-08-22,,,,,
,,,,,CLX2,,previous_close_cross_instrument,,,,,,drop_main_sample,False,,,,,,,,,,,CLV2,2022-09-16,roll_mismatch,,,,,,,,CL.v.0,2022-09-19,,,,,
,,,,,CLZ2,,previous_close_cross_instrument,,,,,,drop_main_sample,False,,,,,,,,,,,CLX2,2022-10-18,roll_mismatch,,,,,,,,CL.v.0,2022-10-19,,,,,
,,,,,CLF3,,previous_close_cross_instrument,,,,,,drop_main_sample,False,,,,,,,,,,,CLZ2,2022-11-18,roll_mismatch,,,,,,,,CL.v.0,2022-11-21,,,,,
,,,,,CLG3,,previous_close_cross_instrument,,,,,,drop_main_sample,False,,,,,,,,,,,CLF3,2022-12-16,roll_mismatch,,,,,,,,CL.v.0,2022-12-19,,,,,
,,,,,CLH3,,previous_close_cross_instrument,,,,,,drop_main_sample,False,,,,,,,,,,,CLG3,2023-01-19,roll_mismatch,,,,,,,,CL.v.0,2023-01-20,,,,,
,,,,,CLJ3,,previous_close_cross_instrument,,,,,,drop_main_sample,False,,,,,,,,,,,CLH3,2023-02-17,roll_mismatch,,,,,,,,CL.v.0,2023-02-20,,,,,
,,,,,CLK3,,previous_close_cross_instrument,,,,,,drop_main_sample,False,,,,,,,,,,,CLJ3,2023-03-17,roll_mismatch,,,,,,,,CL.v.0,2023-03-20,,,,,
,,,,,CLM3,,previous_close_cross_instrument,,,,,,drop_main_sample,False,,,,,,,,,,,CLK3,2023-04-18,roll_mismatch,,,,,,,,CL.v.0,2023-04-19,,,,,
,,,,,CLN3,,previous_close_cross_instrument,,,,,,drop_main_sample,False,,,,,,,,,,,CLM3,2023-05-19,roll_mismatch,,,,,,,,CL.v.0,2023-05-22,,,,,
,,,,,CLQ3,,previous_close_cross_instrument,,,,,,drop_main_sample,False,,,,,,,,,,,CLN3,2023-06-16,roll_mismatch,,,,,,,,CL.v.0,2023-06-19,,,,,
,,,,,CLU3,,previous_close_cross_instrument,,,,,,drop_main_sample,False,,,,,,,,,,,CLQ3,2023-07-18,roll_mismatch,,,,,,,,CL.v.0,2023-07-19,,,,,
,,,,,CLV3,,previous_close_cross_instrument,,,,,,drop_main_sample,False,,,,,,,,,,,CLU3,2023-08-18,roll_mismatch,,,,,,,,CL.v.0,2023-08-21,,,,,
,,,,,CLX3,,previous_close_cross_instrument,,,,,,drop_main_sample,False,,,,,,,,,,,CLV3,2023-09-15,roll_mismatch,,,,,,,,CL.v.0,2023-09-18,,,,,
,,,,,CLZ3,,previous_close_cross_instrument,,,,,,drop_main_sample,False,,,,,,,,,,,CLX3,2023-10-18,roll_mismatch,,,,,,,,CL.v.0,2023-10-19,,,,,
,,,,,CLF4,,previous_close_cross_instrument,,,,,,drop_main_sample,False,,,,,,,,,,,CLZ3,2023-11-17,roll_mismatch,,,,,,,,CL.v.0,2023-11-20,,,,,
,,,,,CLG4,,previous_close_cross_instrument,,,,,,drop_main_sample,False,,,,,,,,,,,CLF4,2023-12-15,roll_mismatch,,,,,,,,CL.v.0,2023-12-18,,,,,
,,,,,CLH4,,previous_close_cross_instrument,,,,,,drop_main_sample,False,,,,,,,,,,,CLG4,2024-01-18,roll_mismatch,,,,,,,,CL.v.0,2024-01-19,,,,,
,,,,,CLJ4,,previous_close_cross_instrument,,,,,,drop_main_sample,False,,,,,,,,,,,CLH4,2024-02-16,roll_mismatch,,,,,,,,CL.v.0,2024-02-19,,,,,
,,,,,CLK4,,previous_close_cross_instrument,,,,,,drop_main_sample,False,,,,,,,,,,,CLJ4,2024-03-15,roll_mismatch,,,,,,,,CL.v.0,2024-03-18,,,,,
,,,,,CLM4,,previous_close_cross_instrument,,,,,,drop_main_sample,False,,,,,,,,,,,CLK4,2024-04-18,roll_mismatch,,,,,,,,CL.v.0,2024-04-19,,,,,
,,,,,CLN4,,previous_close_cross_instrument,,,,,,drop_main_sample,False,,,,,,,,,,,CLM4,2024-05-17,roll_mismatch,,,,,,,,CL.v.0,2024-05-20,,,,,
,,,,,CLQ4,,previous_close_cross_instrument,,,,,,drop_main_sample,False,,,,,,,,,,,CLN4,2024-06-14,roll_mismatch,,,,,,,,CL.v.0,2024-06-17,,,,,
,,,,,CLU4,,previous_close_cross_instrument,,,,,,drop_main_sample,False,,,,,,,,,,,CLQ4,2024-07-18,roll_mismatch,,,,,,,,CL.v.0,2024-07-19,,,,,
,,,,,CLV4,,previous_close_cross_instrument,,,,,,drop_main_sample,False,,,,,,,,,,,CLU4,2024-08-16,roll_mismatch,,,,,,,,CL.v.0,2024-08-19,,,,,
,,,,,CLX4,,previous_close_cross_instrument,,,,,,drop_main_sample,False,,,,,,,,,,,CLV4,2024-09-18,roll_mismatch,,,,,,,,CL.v.0,2024-09-19,,,,,
,,,,,CLZ4,,previous_close_cross_instrument,,,,,,drop_main_sample,False,,,,,,,,,,,CLX4,2024-10-18,roll_mismatch,,,,,,,,CL.v.0,2024-10-21,,,,,
,,,,,CLF5,,previous_close_cross_instrument,,,,,,drop_main_sample,False,,,,,,,,,,,CLZ4,2024-11-19,roll_mismatch,,,,,,,,CL.v.0,2024-11-20,,,,,
,,,,,CLG5,,previous_close_cross_instrument,,,,,,drop_main_sample,False,,,,,,,,,,,CLF5,2024-12-17,roll_mismatch,,,,,,,,CL.v.0,2024-12-18,,,,,
,,,,,CLH5,,previous_close_cross_instrument,,,,,,drop_main_sample,False,,,,,,,,,,,CLG5,2025-01-14,roll_mismatch,,,,,,,,CL.v.0,2025-01-15,,,,,
,,,,,CLJ5,,previous_close_cross_instrument,,,,,,drop_main_sample,False,,,,,,,,,,,CLH5,2025-02-14,roll_mismatch,,,,,,,,CL.v.0,2025-02-17,,,,,
,,,,,CLK5,,previous_close_cross_instrument,,,,,,drop_main_sample,False,,,,,,,,,,,CLJ5,2025-03-18,roll_mismatch,,,,,,,,CL.v.0,2025-03-19,,,,,
,,,,,CLM5,,previous_close_cross_instrument,,,,,,drop_main_sample,False,,,,,,,,,,,CLK5,2025-04-16,roll_mismatch,,,,,,,,CL.v.0,2025-04-17,,,,,
,,,,,CLN5,,previous_close_cross_instrument,,,,,,drop_main_sample,False,,,,,,,,,,,CLM5,2025-05-16,roll_mismatch,,,,,,,,CL.v.0,2025-05-19,,,,,
,,,,,CLQ5,,previous_close_cross_instrument,,,,,,drop_main_sample,False,,,,,,,,,,,CLN5,2025-06-13,roll_mismatch,,,,,,,,CL.v.0,2025-06-16,,,,,
,,,,,CLU5,,previous_close_cross_instrument,,,,,,drop_main_sample,False,,,,,,,,,,,CLQ5,2025-07-17,roll_mismatch,,,,,,,,CL.v.0,2025-07-18,,,,,
,,,,,CLV5,,previous_close_cross_instrument,,,,,,drop_main_sample,False,,,,,,,,,,,CLU5,2025-08-15,roll_mismatch,,,,,,,,CL.v.0,2025-08-18,,,,,
,,,,,CLX5,,previous_close_cross_instrument,,,,,,drop_main_sample,False,,,,,,,,,,,CLV5,2025-09-18,roll_mismatch,,,,,,,,CL.v.0,2025-09-19,,,,,
,,,,,CLZ5,,previous_close_cross_instrument,,,,,,drop_main_sample,False,,,,,,,,,,,CLX5,2025-10-16,roll_mismatch,,,,,,,,CL.v.0,2025-10-17,,,,,
,,,,,CLF6,,previous_close_cross_instrument,,,,,,drop_main_sample,False,,,,,,,,,,,CLZ5,2025-11-18,roll_mismatch,,,,,,,,CL.v.0,2025-11-19,,,,,
,,,,,CLG6,,previous_close_cross_instrument,,,,,,drop_main_sample,False,,,,,,,,,,,CLF6,2025-12-17,roll_mismatch,,,,,,,,CL.v.0,2025-12-18,,,,,
,,,,,CLQ0,,previous_close_cross_instrument,,,,,,drop_main_sample,False,,,,,,,,,,,CLN0,2010-06-18,roll_mismatch,,,,,,,,CL.v.0,2010-06-21,,,,,
,,,,,CLU0,,previous_close_cross_instrument,,,,,,drop_main_sample,False,,,,,,,,,,,CLQ0,2010-07-20,roll_mismatch,,,,,,,,CL.v.0,2010-07-21,,,,,
,,,,,CLV0,,previous_close_cross_instrument,,,,,,drop_main_sample,False,,,,,,,,,,,CLU0,2010-08-19,roll_mismatch,,,,,,,,CL.v.0,2010-08-20,,,,,
,,,,,CLX0,,previous_close_cross_instrument,,,,,,drop_main_sample,False,,,,,,,,,,,CLV0,2010-09-17,roll_mismatch,,,,,,,,CL.v.0,2010-09-20,,,,,
,,,,,CLZ0,,previous_close_cross_instrument,,,,,,drop_main_sample,False,,,,,,,,,,,CLX0,2010-10-19,roll_mismatch,,,,,,,,CL.v.0,2010-10-20,,,,,
,,,,,CLF1,,previous_close_cross_instrument,,,,,,drop_main_sample,False,,,,,,,,,,,CLZ0,2010-11-18,roll_mismatch,,,,,,,,CL.v.0,2010-11-19,,,,,
,,,,,CLG1,,previous_close_cross_instrument,,,,,,drop_main_sample,False,,,,,,,,,,,CLF1,2010-12-17,roll_mismatch,,,,,,,,CL.v.0,2010-12-20,,,,,
,,,,,CLH1,,previous_close_cross_instrument,,,,,,drop_main_sample,False,,,,,,,,,,,CLG1,2011-01-19,roll_mismatch,,,,,,,,CL.v.0,2011-01-20,,,,,
,,,,,CLJ1,,calendar_early_close_before_effective_close;previous_close_cross_instrument,,,,,,drop_main_sample,False,,,,,,,,,,,CLH1,2011-02-18,roll_mismatch,,,,,,,,CL.v.0,2011-02-21,,,,,
,,,,,CLJ1,,previous_close_cross_instrument,,,,,,drop_main_sample,False,,,,,,,,,,,CLH1,2011-02-18,roll_mismatch,,,,,,,,CL.v.0,2011-02-22,,,,,
,,,,,CLK1,,previous_close_cross_instrument,,,,,,drop_main_sample,False,,,,,,,,,,,CLJ1,2011-03-18,roll_mismatch,,,,,,,,CL.v.0,2011-03-21,,,,,
,,,,,CLM1,,previous_close_cross_instrument,,,,,,drop_main_sample,False,,,,,,,,,,,CLK1,2011-04-19,roll_mismatch,,,,,,,,CL.v.0,2011-04-20,,,,,
,,,,,CLN1,,previous_close_cross_instrument,,,,,,drop_main_sample,False,,,,,,,,,,,CLM1,2011-05-19,roll_mismatch,,,,,,,,CL.v.0,2011-05-20,,,,,
,,,,,CLQ1,,previous_close_cross_instrument,,,,,,drop_main_sample,False,,,,,,,,,,,CLN1,2011-06-21,roll_mismatch,,,,,,,,CL.v.0,2011-06-22,,,,,
,,,,,CLU1,,previous_close_cross_instrument,,,,,,drop_main_sample,False,,,,,,,,,,,CLQ1,2011-07-20,roll_mismatch,,,,,,,,CL.v.0,2011-07-21,,,,,
,,,,,CLV1,,previous_close_cross_instrument,,,,,,drop_main_sample,False,,,,,,,,,,,CLU1,2011-08-19,roll_mismatch,,,,,,,,CL.v.0,2011-08-22,,,,,
,,,,,CLX1,,previous_close_cross_instrument,,,,,,drop_main_sample,False,,,,,,,,,,,CLV1,2011-09-20,roll_mismatch,,,,,,,,CL.v.0,2011-09-21,,,,,
,,,,,CLZ1,,previous_close_cross_instrument,,,,,,drop_main_sample,False,,,,,,,,,,,CLX1,2011-10-19,roll_mismatch,,,,,,,,CL.v.0,2011-10-20,,,,,
,,,,,CLF2,,previous_close_cross_instrument,,,,,,drop_main_sample,False,,,,,,,,,,,CLZ1,2011-11-18,roll_mismatch,,,,,,,,CL.v.0,2011-11-21,,,,,
,,,,,CLG2,,previous_close_cross_instrument,,,,,,drop_main_sample,False,,,,,,,,,,,CLF2,2011-12-20,roll_mismatch,,,,,,,,CL.v.0,2011-12-21,,,,,
,,,,,CLH2,,previous_close_cross_instrument,,,,,,drop_main_sample,False,,,,,,,,,,,CLG2,2012-01-20,roll_mismatch,,,,,,,,CL.v.0,2012-01-23,,,,,
,,,,,CLJ2,,calendar_early_close_before_effective_close;previous_close_cross_instrument,,,,,,drop_main_sample,False,,,,,,,,,,,CLH2,2012-02-17,roll_mismatch,,,,,,,,CL.v.0,2012-02-20,,,,,
,,,,,CLJ2,,previous_close_cross_instrument,,,,,,drop_main_sample,False,,,,,,,,,,,CLH2,2012-02-17,roll_mismatch,,,,,,,,CL.v.0,2012-02-21,,,,,
,,,,,CLK2,,previous_close_cross_instrument,,,,,,drop_main_sample,False,,,,,,,,,,,CLJ2,2012-03-20,roll_mismatch,,,,,,,,CL.v.0,2012-03-21,,,,,
,,,,,CLM2,,previous_close_cross_instrument,,,,,,drop_main_sample,False,,,,,,,,,,,CLK2,2012-04-20,roll_mismatch,,,,,,,,CL.v.0,2012-04-23,,,,,
,,,,,CLN2,,previous_close_cross_instrument,,,,,,drop_main_sample,False,,,,,,,,,,,CLM2,2012-05-22,roll_mismatch,,,,,,,,CL.v.0,2012-05-23,,,,,
,,,,,CLQ2,,previous_close_cross_instrument,,,,,,drop_main_sample,False,,,,,,,,,,,CLN2,2012-06-20,roll_mismatch,,,,,,,,CL.v.0,2012-06-21,,,,,
,,,,,CLU2,,previous_close_cross_instrument,,,,,,drop_main_sample,False,,,,,,,,,,,CLQ2,2012-07-20,roll_mismatch,,,,,,,,CL.v.0,2012-07-23,,,,,
,,,,,CLV2,,previous_close_cross_instrument,,,,,,drop_main_sample,False,,,,,,,,,,,CLU2,2012-08-21,roll_mismatch,,,,,,,,CL.v.0,2012-08-22,,,,,
,,,,,CLX2,,previous_close_cross_instrument,,,,,,drop_main_sample,False,,,,,,,,,,,CLV2,2012-09-20,roll_mismatch,,,,,,,,CL.v.0,2012-09-21,,,,,
,,,,,CLZ2,,previous_close_cross_instrument,,,,,,drop_main_sample,False,,,,,,,,,,,CLX2,2012-10-19,roll_mismatch,,,,,,,,CL.v.0,2012-10-22,,,,,
,,,,,CLF3,,previous_close_cross_instrument,,,,,,drop_main_sample,False,,,,,,,,,,,CLZ2,2012-11-16,roll_mismatch,,,,,,,,CL.v.0,2012-11-19,,,,,
,,,,,CLG3,,previous_close_cross_instrument,,,,,,drop_main_sample,False,,,,,,,,,,,CLF3,2012-12-19,roll_mismatch,,,,,,,,CL.v.0,2012-12-20,,,,,
,,,,,CLH3,,previous_close_cross_instrument,,,,,,drop_main_sample,False,,,,,,,,,,,CLG3,2013-01-18,roll_mismatch,,,,,,,,CL.v.0,2013-01-22,,,,,
,,,,,CLJ3,,previous_close_cross_instrument,,,,,,drop_main_sample,False,,,,,,,,,,,CLH3,2013-02-20,roll_mismatch,,,,,,,,CL.v.0,2013-02-21,,,,,
,,,,,CLK3,,previous_close_cross_instrument,,,,,,drop_main_sample,False,,,,,,,,,,,CLJ3,2013-03-19,roll_mismatch,,,,,,,,CL.v.0,2013-03-20,,,,,
,,,,,CLM3,,previous_close_cross_instrument,,,,,,drop_main_sample,False,,,,,,,,,,,CLK3,2013-04-19,roll_mismatch,,,,,,,,CL.v.0,2013-04-22,,,,,
,,,,,CLN3,,previous_close_cross_instrument,,,,,,drop_main_sample,False,,,,,,,,,,,CLM3,2013-05-21,roll_mismatch,,,,,,,,CL.v.0,2013-05-22,,,,,
,,,,,CLQ3,,previous_close_cross_instrument,,,,,,drop_main_sample,False,,,,,,,,,,,CLN3,2013-06-19,roll_mismatch,,,,,,,,CL.v.0,2013-06-20,,,,,
,,,,,CLU3,,previous_close_cross_instrument,,,,,,drop_main_sample,False,,,,,,,,,,,CLQ3,2013-07-19,roll_mismatch,,,,,,,,CL.v.0,2013-07-22,,,,,
,,,,,CLV3,,previous_close_cross_instrument,,,,,,drop_main_sample,False,,,,,,,,,,,CLU3,2013-08-16,roll_mismatch,,,,,,,,CL.v.0,2013-08-19,,,,,
,,,,,CLX3,,previous_close_cross_instrument,,,,,,drop_main_sample,False,,,,,,,,,,,CLV3,2013-09-19,roll_mismatch,,,,,,,,CL.v.0,2013-09-20,,,,,
,,,,,CLZ3,,previous_close_cross_instrument,,,,,,drop_main_sample,False,,,,,,,,,,,CLX3,2013-10-18,roll_mismatch,,,,,,,,CL.v.0,2013-10-21,,,,,
,,,,,CLF4,,previous_close_cross_instrument,,,,,,drop_main_sample,False,,,,,,,,,,,CLZ3,2013-11-20,roll_mismatch,,,,,,,,CL.v.0,2013-11-21,,,,,
,,,,,CLG4,,previous_close_cross_instrument,,,,,,drop_main_sample,False,,,,,,,,,,,CLF4,2013-12-18,roll_mismatch,,,,,,,,CL.v.0,2013-12-19,,,,,
,,,,,CLH4,,previous_close_cross_instrument,,,,,,drop_main_sample,False,,,,,,,,,,,CLG4,2014-01-17,roll_mismatch,,,,,,,,CL.v.0,2014-01-21,,,,,
,,,,,CLJ4,,previous_close_cross_instrument,,,,,,drop_main_sample,False,,,,,,,,,,,CLH4,2014-02-19,roll_mismatch,,,,,,,,CL.v.0,2014-02-20,,,,,
,,,,,CLK4,,previous_close_cross_instrument,,,,,,drop_main_sample,False,,,,,,,,,,,CLJ4,2014-03-19,roll_mismatch,,,,,,,,CL.v.0,2014-03-20,,,,,
,,,,,CLM4,,previous_close_cross_instrument,,,,,,drop_main_sample,False,,,,,,,,,,,CLK4,2014-04-22,roll_mismatch,,,,,,,,CL.v.0,2014-04-23,,,,,
,,,,,CLN4,,previous_close_cross_instrument,,,,,,drop_main_sample,False,,,,,,,,,,,CLM4,2014-05-20,roll_mismatch,,,,,,,,CL.v.0,2014-05-21,,,,,
,,,,,CLQ4,,previous_close_cross_instrument,,,,,,drop_main_sample,False,,,,,,,,,,,CLN4,2014-06-19,roll_mismatch,,,,,,,,CL.v.0,2014-06-20,,,,,
,,,,,CLU4,,previous_close_cross_instrument,,,,,,drop_main_sample,False,,,,,,,,,,,CLQ4,2014-07-21,roll_mismatch,,,,,,,,CL.v.0,2014-07-22,,,,,
,,,,,CLV4,,previous_close_cross_instrument,,,,,,drop_main_sample,False,,,,,,,,,,,CLU4,2014-08-19,roll_mismatch,,,,,,,,CL.v.0,2014-08-20,,,,,
,,,,,CLX4,,previous_close_cross_instrument,,,,,,drop_main_sample,False,,,,,,,,,,,CLV4,2014-09-19,roll_mismatch,,,,,,,,CL.v.0,2014-09-22,,,,,
,,,,,CLZ4,,previous_close_cross_instrument,,,,,,drop_main_sample,False,,,,,,,,,,,CLX4,2014-10-17,roll_mismatch,,,,,,,,CL.v.0,2014-10-20,,,,,
,,,,,CLF5,,previous_close_cross_instrument,,,,,,drop_main_sample,False,,,,,,,,,,,CLZ4,2014-11-19,roll_mismatch,,,,,,,,CL.v.0,2014-11-20,,,,,
,,,,,CLG5,,previous_close_cross_instrument,,,,,,drop_main_sample,False,,,,,,,,,,,CLF5,2014-12-19,roll_mismatch,,,,,,,,CL.v.0,2014-12-22,,,,,
,,,,,CLH5,,calendar_early_close_before_effective_close;previous_close_cross_instrument,,,,,,drop_main_sample,False,,,,,,,,,,,CLG5,2015-01-16,roll_mismatch,,,,,,,,CL.v.0,2015-01-19,,,,,
,,,,,CLH5,,previous_close_cross_instrument,,,,,,drop_main_sample,False,,,,,,,,,,,CLG5,2015-01-16,roll_mismatch,,,,,,,,CL.v.0,2015-01-20,,,,,
,,,,,CLJ5,,previous_close_cross_instrument,,,,,,drop_main_sample,False,,,,,,,,,,,CLH5,2015-02-19,roll_mismatch,,,,,,,,CL.v.0,2015-02-20,,,,,
,,,,,CLK5,,previous_close_cross_instrument,,,,,,drop_main_sample,False,,,,,,,,,,,CLJ5,2015-03-19,roll_mismatch,,,,,,,,CL.v.0,2015-03-20,,,,,
,,,,,CLM5,,previous_close_cross_instrument,,,,,,drop_main_sample,False,,,,,,,,,,,CLK5,2015-04-17,roll_mismatch,,,,,,,,CL.v.0,2015-04-20,,,,,
,,,,,CLN5,,previous_close_cross_instrument,,,,,,drop_main_sample,False,,,,,,,,,,,CLM5,2015-05-19,roll_mismatch,,,,,,,,CL.v.0,2015-05-20,,,,,
,,,,,CLQ5,,previous_close_cross_instrument,,,,,,drop_main_sample,False,,,,,,,,,,,CLN5,2015-06-19,roll_mismatch,,,,,,,,CL.v.0,2015-06-22,,,,,
,,,,,CLU5,,previous_close_cross_instrument,,,,,,drop_main_sample,False,,,,,,,,,,,CLQ5,2015-07-21,roll_mismatch,,,,,,,,CL.v.0,2015-07-22,,,,,
,,,,,CLV5,,previous_close_cross_instrument,,,,,,drop_main_sample,False,,,,,,,,,,,CLU5,2015-08-19,roll_mismatch,,,,,,,,CL.v.0,2015-08-20,,,,,
,,,,,CLX5,,previous_close_cross_instrument,,,,,,drop_main_sample,False,,,,,,,,,,,CLV5,2015-09-18,roll_mismatch,,,,,,,,CL.v.0,2015-09-21,,,,,
,,,,,CLZ5,,previous_close_cross_instrument,,,,,,drop_main_sample,False,,,,,,,,,,,CLX5,2015-10-16,roll_mismatch,,,,,,,,CL.v.0,2015-10-19,,,,,
,,,,,CLF6,,previous_close_cross_instrument,,,,,,drop_main_sample,False,,,,,,,,,,,CLZ5,2015-11-19,roll_mismatch,,,,,,,,CL.v.0,2015-11-20,,,,,
,,,,,CLG6,,previous_close_cross_instrument,,,,,,drop_main_sample,False,,,,,,,,,,,CLF6,2015-12-18,roll_mismatch,,,,,,,,CL.v.0,2015-12-21,,,,,
,,,,,CLH6,,calendar_early_close_before_effective_close;previous_close_cross_instrument,,,,,,drop_main_sample,False,,,,,,,,,,,CLG6,2016-01-15,roll_mismatch,,,,,,,,CL.v.0,2016-01-18,,,,,
,,,,,CLH6,,previous_close_cross_instrument,,,,,,drop_main_sample,False,,,,,,,,,,,CLG6,2016-01-15,roll_mismatch,,,,,,,,CL.v.0,2016-01-19,,,,,
,,,,,CLJ6,,previous_close_cross_instrument,,,,,,drop_main_sample,False,,,,,,,,,,,CLH6,2016-02-19,roll_mismatch,,,,,,,,CL.v.0,2016-02-22,,,,,
,,,,,CLK6,,previous_close_cross_instrument,,,,,,drop_main_sample,False,,,,,,,,,,,CLJ6,2016-03-18,roll_mismatch,,,,,,,,CL.v.0,2016-03-21,,,,,
,,,,,CLM6,,previous_close_cross_instrument,,,,,,drop_main_sample,False,,,,,,,,,,,CLK6,2016-04-19,roll_mismatch,,,,,,,,CL.v.0,2016-04-20,,,,,
,,,,,CLN6,,previous_close_cross_instrument,,,,,,drop_main_sample,False,,,,,,,,,,,CLM6,2016-05-19,roll_mismatch,,,,,,,,CL.v.0,2016-05-20,,,,,
,,,,,CLQ6,,previous_close_cross_instrument,,,,,,drop_main_sample,False,,,,,,,,,,,CLN6,2016-06-17,roll_mismatch,,,,,,,,CL.v.0,2016-06-20,,,,,
,,,,,CLU6,,previous_close_cross_instrument,,,,,,drop_main_sample,False,,,,,,,,,,,CLQ6,2016-07-19,roll_mismatch,,,,,,,,CL.v.0,2016-07-20,,,,,
,,,,,CLV6,,previous_close_cross_instrument,,,,,,drop_main_sample,False,,,,,,,,,,,CLU6,2016-08-19,roll_mismatch,,,,,,,,CL.v.0,2016-08-22,,,,,
,,,,,CLX6,,previous_close_cross_instrument,,,,,,drop_main_sample,False,,,,,,,,,,,CLV6,2016-09-16,roll_mismatch,,,,,,,,CL.v.0,2016-09-19,,,,,
,,,,,CLZ6,,previous_close_cross_instrument,,,,,,drop_main_sample,False,,,,,,,,,,,CLX6,2016-10-19,roll_mismatch,,,,,,,,CL.v.0,2016-10-20,,,,,
,,,,,CLF7,,previous_close_cross_instrument,,,,,,drop_main_sample,False,,,,,,,,,,,CLZ6,2016-11-18,roll_mismatch,,,,,,,,CL.v.0,2016-11-21,,,,,
,,,,,CLG7,,previous_close_cross_instrument,,,,,,drop_main_sample,False,,,,,,,,,,,CLF7,2016-12-16,roll_mismatch,,,,,,,,CL.v.0,2016-12-19,,,,,
,,,,,CLH7,,previous_close_cross_instrument,,,,,,drop_main_sample,False,,,,,,,,,,,CLG7,2017-01-19,roll_mismatch,,,,,,,,CL.v.0,2017-01-20,,,,,
,,,,,CLJ7,,calendar_early_close_before_effective_close;previous_close_cross_instrument,,,,,,drop_main_sample,False,,,,,,,,,,,CLH7,2017-02-17,roll_mismatch,,,,,,,,CL.v.0,2017-02-20,,,,,
,,,,,CLJ7,,previous_close_cross_instrument,,,,,,drop_main_sample,False,,,,,,,,,,,CLH7,2017-02-17,roll_mismatch,,,,,,,,CL.v.0,2017-02-21,,,,,
,,,,,CLK7,,previous_close_cross_instrument,,,,,,drop_main_sample,False,,,,,,,,,,,CLJ7,2017-03-17,roll_mismatch,,,,,,,,CL.v.0,2017-03-20,,,,,
,,,,,CLM7,,previous_close_cross_instrument,,,,,,drop_main_sample,False,,,,,,,,,,,CLK7,2017-04-19,roll_mismatch,,,,,,,,CL.v.0,2017-04-20,,,,,
,,,,,CLN7,,previous_close_cross_instrument,,,,,,drop_main_sample,False,,,,,,,,,,,CLM7,2017-05-19,roll_mismatch,,,,,,,,CL.v.0,2017-05-22,,,,,
,,,,,CLQ7,,previous_close_cross_instrument,,,,,,drop_main_sample,False,,,,,,,,,,,CLN7,2017-06-16,roll_mismatch,,,,,,,,CL.v.0,2017-06-19,,,,,
,,,,,CLU7,,previous_close_cross_instrument,,,,,,drop_main_sample,False,,,,,,,,,,,CLQ7,2017-07-19,roll_mismatch,,,,,,,,CL.v.0,2017-07-20,,,,,
,,,,,CLV7,,previous_close_cross_instrument,,,,,,drop_main_sample,False,,,,,,,,,,,CLU7,2017-08-18,roll_mismatch,,,,,,,,CL.v.0,2017-08-21,,,,,
,,,,,CLX7,,previous_close_cross_instrument,,,,,,drop_main_sample,False,,,,,,,,,,,CLV7,2017-09-19,roll_mismatch,,,,,,,,CL.v.0,2017-09-20,,,,,
,,,,,CLZ7,,previous_close_cross_instrument,,,,,,drop_main_sample,False,,,,,,,,,,,CLX7,2017-10-18,roll_mismatch,,,,,,,,CL.v.0,2017-10-19,,,,,
,,,,,CLF8,,previous_close_cross_instrument,,,,,,drop_main_sample,False,,,,,,,,,,,CLZ7,2017-11-17,roll_mismatch,,,,,,,,CL.v.0,2017-11-20,,,,,
,,,,,CLG8,,previous_close_cross_instrument,,,,,,drop_main_sample,False,,,,,,,,,,,CLF8,2017-12-15,roll_mismatch,,,,,,,,CL.v.0,2017-12-18,,,,,
,,,,,CLH8,,previous_close_cross_instrument,,,,,,drop_main_sample,False,,,,,,,,,,,CLG8,2018-01-19,roll_mismatch,,,,,,,,CL.v.0,2018-01-22,,,,,
,,,,,CLJ8,,calendar_early_close_before_effective_close;previous_close_cross_instrument,,,,,,drop_main_sample,False,,,,,,,,,,,CLH8,2018-02-16,roll_mismatch,,,,,,,,CL.v.0,2018-02-19,,,,,
,,,,,CLJ8,,previous_close_cross_instrument,,,,,,drop_main_sample,False,,,,,,,,,,,CLH8,2018-02-16,roll_mismatch,,,,,,,,CL.v.0,2018-02-20,,,,,
,,,,,CLK8,,previous_close_cross_instrument,,,,,,drop_main_sample,False,,,,,,,,,,,CLJ8,2018-03-16,roll_mismatch,,,,,,,,CL.v.0,2018-03-19,,,,,
,,,,,CLM8,,previous_close_cross_instrument,,,,,,drop_main_sample,False,,,,,,,,,,,CLK8,2018-04-19,roll_mismatch,,,,,,,,CL.v.0,2018-04-20,,,,,
,,,,,CLN8,,previous_close_cross_instrument,,,,,,drop_main_sample,False,,,,,,,,,,,CLM8,2018-05-18,roll_mismatch,,,,,,,,CL.v.0,2018-05-21,,,,,
,,,,,CLQ8,,previous_close_cross_instrument,,,,,,drop_main_sample,False,,,,,,,,,,,CLN8,2018-06-19,roll_mismatch,,,,,,,,CL.v.0,2018-06-20,,,,,
,,,,,CLU8,,previous_close_cross_instrument,,,,,,drop_main_sample,False,,,,,,,,,,,CLQ8,2018-07-19,roll_mismatch,,,,,,,,CL.v.0,2018-07-20,,,,,
,,,,,CLV8,,previous_close_cross_instrument,,,,,,drop_main_sample,False,,,,,,,,,,,CLU8,2018-08-17,roll_mismatch,,,,,,,,CL.v.0,2018-08-20,,,,,
,,,,,CLX8,,previous_close_cross_instrument,,,,,,drop_main_sample,False,,,,,,,,,,,CLV8,2018-09-19,roll_mismatch,,,,,,,,CL.v.0,2018-09-20,,,,,
,,,,,CLZ8,,previous_close_cross_instrument,,,,,,drop_main_sample,False,,,,,,,,,,,CLX8,2018-10-19,roll_mismatch,,,,,,,,CL.v.0,2018-10-22,,,,,
,,,,,CLF9,,previous_close_cross_instrument,,,,,,drop_main_sample,False,,,,,,,,,,,CLZ8,2018-11-16,roll_mismatch,,,,,,,,CL.v.0,2018-11-19,,,,,
,,,,,CLG9,,previous_close_cross_instrument,,,,,,drop_main_sample,False,,,,,,,,,,,CLF9,2018-12-18,roll_mismatch,,,,,,,,CL.v.0,2018-12-19,,,,,
,,,,,CLH9,,calendar_early_close_before_effective_close;previous_close_cross_instrument,,,,,,drop_main_sample,False,,,,,,,,,,,CLG9,2019-01-18,roll_mismatch,,,,,,,,CL.v.0,2019-01-21,,,,,
,,,,,CLH9,,previous_close_cross_instrument,,,,,,drop_main_sample,False,,,,,,,,,,,CLG9,2019-01-18,roll_mismatch,,,,,,,,CL.v.0,2019-01-22,,,,,
,,,,,CLJ9,,calendar_early_close_before_effective_close;previous_close_cross_instrument,,,,,,drop_main_sample,False,,,,,,,,,,,CLH9,2019-02-15,roll_mismatch,,,,,,,,CL.v.0,2019-02-18,,,,,
,,,,,CLJ9,,previous_close_cross_instrument,,,,,,drop_main_sample,False,,,,,,,,,,,CLH9,2019-02-15,roll_mismatch,,,,,,,,CL.v.0,2019-02-19,,,,,
,,,,,CLK9,,previous_close_cross_instrument,,,,,,drop_main_sample,False,,,,,,,,,,,CLJ9,2019-03-19,roll_mismatch,,,,,,,,CL.v.0,2019-03-20,,,,,
,,,,,CLM9,,previous_close_cross_instrument,,,,,,drop_main_sample,False,,,,,,,,,,,CLK9,2019-04-18,roll_mismatch,,,,,,,,CL.v.0,2019-04-22,,,,,
,,,,,CLN9,,previous_close_cross_instrument,,,,,,drop_main_sample,False,,,,,,,,,,,CLM9,2019-05-17,roll_mismatch,,,,,,,,CL.v.0,2019-05-20,,,,,
,,,,,CLQ9,,previous_close_cross_instrument,,,,,,drop_main_sample,False,,,,,,,,,,,CLN9,2019-06-19,roll_mismatch,,,,,,,,CL.v.0,2019-06-20,,,,,
,,,,,CLU9,,previous_close_cross_instrument,,,,,,drop_main_sample,False,,,,,,,,,,,CLQ9,2019-07-19,roll_mismatch,,,,,,,,CL.v.0,2019-07-22,,,,,
,,,,,CLV9,,previous_close_cross_instrument,,,,,,drop_main_sample,False,,,,,,,,,,,CLU9,2019-08-16,roll_mismatch,,,,,,,,CL.v.0,2019-08-19,,,,,
,,,,,CLX9,,previous_close_cross_instrument,,,,,,drop_main_sample,False,,,,,,,,,,,CLV9,2019-09-19,roll_mismatch,,,,,,,,CL.v.0,2019-09-20,,,,,
,,,,,CLZ9,,previous_close_cross_instrument,,,,,,drop_main_sample,False,,,,,,,,,,,CLX9,2019-10-18,roll_mismatch,,,,,,,,CL.v.0,2019-10-21,,,,,
,,,,,CLF0,,previous_close_cross_instrument,,,,,,drop_main_sample,False,,,,,,,,,,,CLZ9,2019-11-19,roll_mismatch,,,,,,,,CL.v.0,2019-11-20,,,,,
,,,,,CLG0,,previous_close_cross_instrument,,,,,,drop_main_sample,False,,,,,,,,,,,CLF0,2019-12-18,roll_mismatch,,,,,,,,CL.v.0,2019-12-19,,,,,
,,,,,CLH0,,calendar_early_close_before_effective_close;previous_close_cross_instrument,,,,,,drop_main_sample,False,,,,,,,,,,,CLG0,2020-01-17,roll_mismatch,,,,,,,,CL.v.0,2020-01-20,,,,,
,,,,,CLH0,,previous_close_cross_instrument,,,,,,drop_main_sample,False,,,,,,,,,,,CLG0,2020-01-17,roll_mismatch,,,,,,,,CL.v.0,2020-01-21,,,,,
,,,,,CLJ0,,previous_close_cross_instrument,,,,,,drop_main_sample,False,,,,,,,,,,,CLH0,2020-02-19,roll_mismatch,,,,,,,,CL.v.0,2020-02-20,,,,,
,,,,,CLK0,,previous_close_cross_instrument,,,,,,drop_main_sample,False,,,,,,,,,,,CLJ0,2020-03-19,roll_mismatch,,,,,,,,CL.v.0,2020-03-20,,,,,
,,,,,CLM0,,previous_close_cross_instrument,,,,,,drop_main_sample,False,,,,,,,,,,,CLK0,2020-04-17,roll_mismatch,,,,,,,,CL.v.0,2020-04-20,,,,,
,,,,,CLN0,,previous_close_cross_instrument,,,,,,drop_main_sample,False,,,,,,,,,,,CLM0,2020-05-06,roll_mismatch,,,,,,,,CL.v.0,2020-05-07,,,,,
,,,,,ZNM1,,previous_close_cross_instrument,,,,,,drop_main_sample,False,,,,,,,,,,,ZNH1,2021-02-26,roll_mismatch,,,,,,,,ZN.v.0,2021-03-01,,,,,
,,,,,ZNU1,,calendar_early_close_before_effective_close;previous_close_cross_instrument,,,,,,drop_main_sample,False,,,,,,,,,,,ZNM1,2021-05-28,roll_mismatch,,,,,,,,ZN.v.0,2021-05-31,,,,,
,,,,,ZNU1,,previous_close_cross_instrument,,,,,,drop_main_sample,False,,,,,,,,,,,ZNM1,2021-05-28,roll_mismatch,,,,,,,,ZN.v.0,2021-06-01,,,,,
,,,,,ZNZ1,,previous_close_cross_instrument,,,,,,drop_main_sample,False,,,,,,,,,,,ZNU1,2021-08-31,roll_mismatch,,,,,,,,ZN.v.0,2021-09-01,,,,,
,,,,,ZNH2,,previous_close_cross_instrument,,,,,,drop_main_sample,False,,,,,,,,,,,ZNZ1,2021-11-30,roll_mismatch,,,,,,,,ZN.v.0,2021-12-01,,,,,
,,,,,ZNM2,,previous_close_cross_instrument,,,,,,drop_main_sample,False,,,,,,,,,,,ZNH2,2022-02-25,roll_mismatch,,,,,,,,ZN.v.0,2022-02-28,,,,,
,,,,,ZNU2,,calendar_early_close_before_effective_close;previous_close_cross_instrument,,,,,,drop_main_sample,False,,,,,,,,,,,ZNM2,2022-05-27,roll_mismatch,,,,,,,,ZN.v.0,2022-05-30,,,,,
,,,,,ZNU2,,previous_close_cross_instrument,,,,,,drop_main_sample,False,,,,,,,,,,,ZNM2,2022-05-27,roll_mismatch,,,,,,,,ZN.v.0,2022-05-31,,,,,
,,,,,ZNZ2,,previous_close_cross_instrument,,,,,,drop_main_sample,False,,,,,,,,,,,ZNU2,2022-08-30,roll_mismatch,,,,,,,,ZN.v.0,2022-08-31,,,,,
,,,,,ZNH3,,previous_close_cross_instrument,,,,,,drop_main_sample,False,,,,,,,,,,,ZNZ2,2022-11-29,roll_mismatch,,,,,,,,ZN.v.0,2022-11-30,,,,,
,,,,,ZNM3,,previous_close_cross_instrument,,,,,,drop_main_sample,False,,,,,,,,,,,ZNH3,2023-02-28,roll_mismatch,,,,,,,,ZN.v.0,2023-03-01,,,,,
,,,,,ZNU3,,previous_close_cross_instrument,,,,,,drop_main_sample,False,,,,,,,,,,,ZNM3,2023-05-31,roll_mismatch,,,,,,,,ZN.v.0,2023-06-01,,,,,
,,,,,ZNZ3,,previous_close_cross_instrument,,,,,,drop_main_sample,False,,,,,,,,,,,ZNU3,2023-08-30,roll_mismatch,,,,,,,,ZN.v.0,2023-08-31,,,,,
,,,,,ZNH4,,previous_close_cross_instrument,,,,,,drop_main_sample,False,,,,,,,,,,,ZNZ3,2023-11-29,roll_mismatch,,,,,,,,ZN.v.0,2023-11-30,,,,,
,,,,,ZNM4,,previous_close_cross_instrument,,,,,,drop_main_sample,False,,,,,,,,,,,ZNH4,2024-02-28,roll_mismatch,,,,,,,,ZN.v.0,2024-02-29,,,,,
,,,,,ZNU4,,previous_close_cross_instrument,,,,,,drop_main_sample,False,,,,,,,,,,,ZNM4,2024-05-30,roll_mismatch,,,,,,,,ZN.v.0,2024-05-31,,,,,
,,,,,ZNZ4,,previous_close_cross_instrument,,,,,,drop_main_sample,False,,,,,,,,,,,ZNU4,2024-08-29,roll_mismatch,,,,,,,,ZN.v.0,2024-08-30,,,,,
,,,,,ZNH5,,calendar_early_close_before_effective_close;previous_close_cross_instrument,,,,,,drop_main_sample,False,,,,,,,,,,,ZNZ4,2024-11-27,roll_mismatch,,,,,,,,ZN.v.0,2024-11-29,,,,,
,,,,,ZNH5,,previous_close_cross_instrument,,,,,,drop_main_sample,False,,,,,,,,,,,ZNZ4,2024-11-27,roll_mismatch,,,,,,,,ZN.v.0,2024-12-02,,,,,
,,,,,ZNM5,,previous_close_cross_instrument,,,,,,drop_main_sample,False,,,,,,,,,,,ZNH5,2025-02-27,roll_mismatch,,,,,,,,ZN.v.0,2025-02-28,,,,,
,,,,,ZNU5,,previous_close_cross_instrument,,,,,,drop_main_sample,False,,,,,,,,,,,ZNM5,2025-05-29,roll_mismatch,,,,,,,,ZN.v.0,2025-05-30,,,,,
,,,,,ZNZ5,,previous_close_cross_instrument,,,,,,drop_main_sample,False,,,,,,,,,,,ZNU5,2025-08-28,roll_mismatch,,,,,,,,ZN.v.0,2025-08-29,,,,,
,,,,,ZNH6,,calendar_early_close_before_effective_close;previous_close_cross_instrument,,,,,,drop_main_sample,False,,,,,,,,,,,ZNZ5,2025-11-26,roll_mismatch,,,,,,,,ZN.v.0,2025-11-27,,,,,
,,,,,ZNH6,,calendar_early_close_before_effective_close;previous_close_cross_instrument,,,,,,drop_main_sample,False,,,,,,,,,,,ZNZ5,2025-11-26,roll_mismatch,,,,,,,,ZN.v.0,2025-11-28,,,,,
,,,,,ZNH6,,previous_close_cross_instrument,,,,,,drop_main_sample,False,,,,,,,,,,,ZNZ5,2025-11-26,roll_mismatch,,,,,,,,ZN.v.0,2025-12-01,,,,,
,,,,,ZNZ0,,previous_close_cross_instrument,,,,,,drop_main_sample,False,,,,,,,,,,,ZNU0,2010-09-01,roll_mismatch,,,,,,,,ZN.v.0,2010-09-02,,,,,
,,,,,ZNH1,,previous_close_cross_instrument,,,,,,drop_main_sample,False,,,,,,,,,,,ZNZ0,2010-12-01,roll_mismatch,,,,,,,,ZN.v.0,2010-12-02,,,,,
,,,,,ZNM1,,previous_close_cross_instrument,,,,,,drop_main_sample,False,,,,,,,,,,,ZNH1,2011-03-01,roll_mismatch,,,,,,,,ZN.v.0,2011-03-02,,,,,
,,,,,ZNU1,,previous_close_cross_instrument,,,,,,drop_main_sample,False,,,,,,,,,,,ZNM1,2011-06-01,roll_mismatch,,,,,,,,ZN.v.0,2011-06-02,,,,,
,,,,,ZNZ1,,previous_close_cross_instrument,,,,,,drop_main_sample,False,,,,,,,,,,,ZNU1,2011-09-01,roll_mismatch,,,,,,,,ZN.v.0,2011-09-02,,,,,
,,,,,ZNH2,,previous_close_cross_instrument,,,,,,drop_main_sample,False,,,,,,,,,,,ZNZ1,2011-12-01,roll_mismatch,,,,,,,,ZN.v.0,2011-12-02,,,,,
,,,,,ZNM2,,previous_close_cross_instrument,,,,,,drop_main_sample,False,,,,,,,,,,,ZNH2,2012-03-01,roll_mismatch,,,,,,,,ZN.v.0,2012-03-02,,,,,
,,,,,ZNU2,,previous_close_cross_instrument,,,,,,drop_main_sample,False,,,,,,,,,,,ZNM2,2012-06-01,roll_mismatch,,,,,,,,ZN.v.0,2012-06-04,,,,,
,,,,,ZNZ2,,calendar_early_close_before_effective_close;previous_close_cross_instrument,,,,,,drop_main_sample,False,,,,,,,,,,,ZNU2,2012-08-31,roll_mismatch,,,,,,,,ZN.v.0,2012-09-03,,,,,
,,,,,ZNZ2,,previous_close_cross_instrument,,,,,,drop_main_sample,False,,,,,,,,,,,ZNU2,2012-08-31,roll_mismatch,,,,,,,,ZN.v.0,2012-09-04,,,,,
,,,,,ZNH3,,previous_close_cross_instrument,,,,,,drop_main_sample,False,,,,,,,,,,,ZNZ2,2012-11-30,roll_mismatch,,,,,,,,ZN.v.0,2012-12-03,,,,,
,,,,,ZNM3,,previous_close_cross_instrument,,,,,,drop_main_sample,False,,,,,,,,,,,ZNH3,2013-03-01,roll_mismatch,,,,,,,,ZN.v.0,2013-03-04,,,,,
,,,,,ZNU3,,previous_close_cross_instrument,,,,,,drop_main_sample,False,,,,,,,,,,,ZNM3,2013-05-31,roll_mismatch,,,,,,,,ZN.v.0,2013-06-03,,,,,
,,,,,ZNZ3,,previous_close_cross_instrument,,,,,,drop_main_sample,False,,,,,,,,,,,ZNU3,2013-08-30,roll_mismatch,,,,,,,,ZN.v.0,2013-09-03,,,,,
,,,,,ZNH4,,previous_close_cross_instrument,,,,,,drop_main_sample,False,,,,,,,,,,,ZNZ3,2013-11-27,roll_mismatch,,,,,,,,ZN.v.0,2013-12-02,,,,,
,,,,,ZNM4,,previous_close_cross_instrument,,,,,,drop_main_sample,False,,,,,,,,,,,ZNH4,2014-02-28,roll_mismatch,,,,,,,,ZN.v.0,2014-03-03,,,,,
,,,,,ZNU4,,previous_close_cross_instrument,,,,,,drop_main_sample,False,,,,,,,,,,,ZNM4,2014-05-30,roll_mismatch,,,,,,,,ZN.v.0,2014-06-02,,,,,
,,,,,ZNZ4,,calendar_early_close_before_effective_close;previous_close_cross_instrument,,,,,,drop_main_sample,False,,,,,,,,,,,ZNU4,2014-08-29,roll_mismatch,,,,,,,,ZN.v.0,2014-09-01,,,,,
,,,,,ZNZ4,,previous_close_cross_instrument,,,,,,drop_main_sample,False,,,,,,,,,,,ZNU4,2014-08-29,roll_mismatch,,,,,,,,ZN.v.0,2014-09-02,,,,,
,,,,,ZNH5,,previous_close_cross_instrument,,,,,,drop_main_sample,False,,,,,,,,,,,ZNZ4,2014-11-26,roll_mismatch,,,,,,,,ZN.v.0,2014-12-01,,,,,
,,,,,ZNM5,,previous_close_cross_instrument,,,,,,drop_main_sample,False,,,,,,,,,,,ZNH5,2015-02-27,roll_mismatch,,,,,,,,ZN.v.0,2015-03-02,,,,,
,,,,,ZNU5,,previous_close_cross_instrument,,,,,,drop_main_sample,False,,,,,,,,,,,ZNM5,2015-05-29,roll_mismatch,,,,,,,,ZN.v.0,2015-06-01,,,,,
,,,,,ZNZ5,,previous_close_cross_instrument,,,,,,drop_main_sample,False,,,,,,,,,,,ZNU5,2015-09-01,roll_mismatch,,,,,,,,ZN.v.0,2015-09-02,,,,,
,,,,,ZNH6,,previous_close_cross_instrument,,,,,,drop_main_sample,False,,,,,,,,,,,ZNZ5,2015-11-25,roll_mismatch,,,,,,,,ZN.v.0,2015-11-30,,,,,
,,,,,ZNM6,,previous_close_cross_instrument,,,,,,drop_main_sample,False,,,,,,,,,,,ZNH6,2016-03-01,roll_mismatch,,,,,,,,ZN.v.0,2016-03-02,,,,,
,,,,,ZNU6,,previous_close_cross_instrument,,,,,,drop_main_sample,False,,,,,,,,,,,ZNM6,2016-06-01,roll_mismatch,,,,,,,,ZN.v.0,2016-06-02,,,,,
,,,,,ZNZ6,,previous_close_cross_instrument,,,,,,drop_main_sample,False,,,,,,,,,,,ZNU6,2016-09-01,roll_mismatch,,,,,,,,ZN.v.0,2016-09-02,,,,,
,,,,,ZNH7,,previous_close_cross_instrument,,,,,,drop_main_sample,False,,,,,,,,,,,ZNZ6,2016-12-01,roll_mismatch,,,,,,,,ZN.v.0,2016-12-02,,,,,
,,,,,ZNM7,,previous_close_cross_instrument,,,,,,drop_main_sample,False,,,,,,,,,,,ZNH7,2017-03-01,roll_mismatch,,,,,,,,ZN.v.0,2017-03-02,,,,,
,,,,,ZNU7,,previous_close_cross_instrument,,,,,,drop_main_sample,False,,,,,,,,,,,ZNM7,2017-06-01,roll_mismatch,,,,,,,,ZN.v.0,2017-06-02,,,,,
,,,,,ZNZ7,,previous_close_cross_instrument,,,,,,drop_main_sample,False,,,,,,,,,,,ZNU7,2017-08-31,roll_mismatch,,,,,,,,ZN.v.0,2017-09-01,,,,,
,,,,,ZNH8,,previous_close_cross_instrument,,,,,,drop_main_sample,False,,,,,,,,,,,ZNZ7,2017-12-01,roll_mismatch,,,,,,,,ZN.v.0,2017-12-04,,,,,
,,,,,ZNM8,,previous_close_cross_instrument,,,,,,drop_main_sample,False,,,,,,,,,,,ZNH8,2018-03-01,roll_mismatch,,,,,,,,ZN.v.0,2018-03-02,,,,,
,,,,,ZNU8,,previous_close_cross_instrument,,,,,,drop_main_sample,False,,,,,,,,,,,ZNM8,2018-06-01,roll_mismatch,,,,,,,,ZN.v.0,2018-06-04,,,,,
,,,,,ZNZ8,,previous_close_cross_instrument,,,,,,drop_main_sample,False,,,,,,,,,,,ZNU8,2018-08-31,roll_mismatch,,,,,,,,ZN.v.0,2018-09-04,,,,,
,,,,,ZNH9,,previous_close_cross_instrument,,,,,,drop_main_sample,False,,,,,,,,,,,ZNZ8,2018-11-30,roll_mismatch,,,,,,,,ZN.v.0,2018-12-03,,,,,
,,,,,ZNM9,,previous_close_cross_instrument,,,,,,drop_main_sample,False,,,,,,,,,,,ZNH9,2019-02-28,roll_mismatch,,,,,,,,ZN.v.0,2019-03-01,,,,,
,,,,,ZNU9,,previous_close_cross_instrument,,,,,,drop_main_sample,False,,,,,,,,,,,ZNM9,2019-05-31,roll_mismatch,,,,,,,,ZN.v.0,2019-06-03,,,,,
,,,,,ZNZ9,,calendar_early_close_before_effective_close;previous_close_cross_instrument,,,,,,drop_main_sample,False,,,,,,,,,,,ZNU9,2019-08-30,roll_mismatch,,,,,,,,ZN.v.0,2019-09-02,,,,,
,,,,,ZNZ9,,previous_close_cross_instrument,,,,,,drop_main_sample,False,,,,,,,,,,,ZNU9,2019-08-30,roll_mismatch,,,,,,,,ZN.v.0,2019-09-03,,,,,
,,,,,ZNH0,,calendar_early_close_before_effective_close;previous_close_cross_instrument,,,,,,drop_main_sample,False,,,,,,,,,,,ZNZ9,2019-11-27,roll_mismatch,,,,,,,,ZN.v.0,2019-11-29,,,,,
,,,,,ZNH0,,previous_close_cross_instrument,,,,,,drop_main_sample,False,,,,,,,,,,,ZNZ9,2019-11-27,roll_mismatch,,,,,,,,ZN.v.0,2019-12-02,,,,,
,,,,,ZNM0,,previous_close_cross_instrument,,,,,,drop_main_sample,False,,,,,,,,,,,ZNH0,2020-02-26,roll_mismatch,,,,,,,,ZN.v.0,2020-03-02,,,,,
,,,,,6EM1,,previous_close_cross_instrument,,,,,,drop_main_sample,False,,,,,,,,,,,6EH1,2021-03-12,roll_mismatch,,,,,,,,6E.v.0,2021-03-15,,,,,
,,,,,6EU1,,previous_close_cross_instrument,,,,,,drop_main_sample,False,,,,,,,,,,,6EM1,2021-06-11,roll_mismatch,,,,,,,,6E.v.0,2021-06-14,,,,,
,,,,,6EZ1,,previous_close_cross_instrument,,,,,,drop_main_sample,False,,,,,,,,,,,6EU1,2021-09-10,roll_mismatch,,,,,,,,6E.v.0,2021-09-13,,,,,
,,,,,6EH2,,previous_close_cross_instrument,,,,,,drop_main_sample,False,,,,,,,,,,,6EZ1,2021-12-09,roll_mismatch,,,,,,,,6E.v.0,2021-12-13,,,,,
,,,,,6EM2,,previous_close_cross_instrument,,,,,,drop_main_sample,False,,,,,,,,,,,6EH2,2022-03-11,roll_mismatch,,,,,,,,6E.v.0,2022-03-14,,,,,
,,,,,6EU2,,previous_close_cross_instrument,,,,,,drop_main_sample,False,,,,,,,,,,,6EM2,2022-06-10,roll_mismatch,,,,,,,,6E.v.0,2022-06-13,,,,,
,,,,,6EZ2,,previous_close_cross_instrument,,,,,,drop_main_sample,False,,,,,,,,,,,6EU2,2022-09-16,roll_mismatch,,,,,,,,6E.v.0,2022-09-19,,,,,
,,,,,6EH3,,previous_close_cross_instrument,,,,,,drop_main_sample,False,,,,,,,,,,,6EZ2,2022-12-16,roll_mismatch,,,,,,,,6E.v.0,2022-12-19,,,,,
,,,,,6EM3,,previous_close_cross_instrument,,,,,,drop_main_sample,False,,,,,,,,,,,6EH3,2023-03-09,roll_mismatch,,,,,,,,6E.v.0,2023-03-13,,,,,
,,,,,6EU3,,previous_close_cross_instrument,,,,,,drop_main_sample,False,,,,,,,,,,,6EM3,2023-06-15,roll_mismatch,,,,,,,,6E.v.0,2023-06-19,,,,,
,,,,,6EZ3,,previous_close_cross_instrument,,,,,,drop_main_sample,False,,,,,,,,,,,6EU3,2023-09-15,roll_mismatch,,,,,,,,6E.v.0,2023-09-18,,,,,
,,,,,6EH4,,previous_close_cross_instrument,,,,,,drop_main_sample,False,,,,,,,,,,,6EZ3,2023-12-15,roll_mismatch,,,,,,,,6E.v.0,2023-12-18,,,,,
,,,,,6EM4,,previous_close_cross_instrument,,,,,,drop_main_sample,False,,,,,,,,,,,6EH4,2024-03-15,roll_mismatch,,,,,,,,6E.v.0,2024-03-18,,,,,
,,,,,6EU4,,previous_close_cross_instrument,,,,,,drop_main_sample,False,,,,,,,,,,,6EM4,2024-06-14,roll_mismatch,,,,,,,,6E.v.0,2024-06-17,,,,,
,,,,,6EZ4,,previous_close_cross_instrument,,,,,,drop_main_sample,False,,,,,,,,,,,6EU4,2024-09-13,roll_mismatch,,,,,,,,6E.v.0,2024-09-16,,,,,
,,,,,6EH5,,previous_close_cross_instrument,,,,,,drop_main_sample,False,,,,,,,,,,,6EZ4,2024-12-13,roll_mismatch,,,,,,,,6E.v.0,2024-12-16,,,,,
,,,,,6EM5,,previous_close_cross_instrument,,,,,,drop_main_sample,False,,,,,,,,,,,6EH5,2025-03-13,roll_mismatch,,,,,,,,6E.v.0,2025-03-17,,,,,
,,,,,6EU5,,previous_close_cross_instrument,,,,,,drop_main_sample,False,,,,,,,,,,,6EM5,2025-06-13,roll_mismatch,,,,,,,,6E.v.0,2025-06-16,,,,,
,,,,,6EZ5,,previous_close_cross_instrument,,,,,,drop_main_sample,False,,,,,,,,,,,6EU5,2025-09-12,roll_mismatch,,,,,,,,6E.v.0,2025-09-15,,,,,
,,,,,6EH6,,previous_close_cross_instrument,,,,,,drop_main_sample,False,,,,,,,,,,,6EZ5,2025-12-12,roll_mismatch,,,,,,,,6E.v.0,2025-12-15,,,,,
,,,,,6EU0,,previous_close_cross_instrument,,,,,,drop_main_sample,False,,,,,,,,,,,6EM0,2010-06-11,roll_mismatch,,,,,,,,6E.v.0,2010-06-14,,,,,
,,,,,6EZ0,,previous_close_cross_instrument,,,,,,drop_main_sample,False,,,,,,,,,,,6EU0,2010-09-10,roll_mismatch,,,,,,,,6E.v.0,2010-09-13,,,,,
,,,,,6EH1,,previous_close_cross_instrument,,,,,,drop_main_sample,False,,,,,,,,,,,6EZ0,2010-12-10,roll_mismatch,,,,,,,,6E.v.0,2010-12-13,,,,,
,,,,,6EM1,,previous_close_cross_instrument,,,,,,drop_main_sample,False,,,,,,,,,,,6EH1,2011-03-11,roll_mismatch,,,,,,,,6E.v.0,2011-03-14,,,,,
,,,,,6EU1,,previous_close_cross_instrument,,,,,,drop_main_sample,False,,,,,,,,,,,6EM1,2011-06-10,roll_mismatch,,,,,,,,6E.v.0,2011-06-13,,,,,
,,,,,6EZ1,,previous_close_cross_instrument,,,,,,drop_main_sample,False,,,,,,,,,,,6EU1,2011-09-16,roll_mismatch,,,,,,,,6E.v.0,2011-09-19,,,,,
,,,,,6EH2,,previous_close_cross_instrument,,,,,,drop_main_sample,False,,,,,,,,,,,6EZ1,2011-12-16,roll_mismatch,,,,,,,,6E.v.0,2011-12-19,,,,,
,,,,,6EM2,,previous_close_cross_instrument,,,,,,drop_main_sample,False,,,,,,,,,,,6EH2,2012-03-16,roll_mismatch,,,,,,,,6E.v.0,2012-03-19,,,,,
,,,,,6EU2,,previous_close_cross_instrument,,,,,,drop_main_sample,False,,,,,,,,,,,6EM2,2012-06-15,roll_mismatch,,,,,,,,6E.v.0,2012-06-18,,,,,
,,,,,6EZ2,,previous_close_cross_instrument,,,,,,drop_main_sample,False,,,,,,,,,,,6EU2,2012-09-14,roll_mismatch,,,,,,,,6E.v.0,2012-09-17,,,,,
,,,,,6EH3,,previous_close_cross_instrument,,,,,,drop_main_sample,False,,,,,,,,,,,6EZ2,2012-12-14,roll_mismatch,,,,,,,,6E.v.0,2012-12-17,,,,,
,,,,,6EM3,,previous_close_cross_instrument,,,,,,drop_main_sample,False,,,,,,,,,,,6EH3,2013-03-15,roll_mismatch,,,,,,,,6E.v.0,2013-03-18,,,,,
,,,,,6EU3,,previous_close_cross_instrument,,,,,,drop_main_sample,False,,,,,,,,,,,6EM3,2013-06-14,roll_mismatch,,,,,,,,6E.v.0,2013-06-17,,,,,
,,,,,6EZ3,,previous_close_cross_instrument,,,,,,drop_main_sample,False,,,,,,,,,,,6EU3,2013-09-13,roll_mismatch,,,,,,,,6E.v.0,2013-09-16,,,,,
,,,,,6EH4,,previous_close_cross_instrument,,,,,,drop_main_sample,False,,,,,,,,,,,6EZ3,2013-12-13,roll_mismatch,,,,,,,,6E.v.0,2013-12-16,,,,,
,,,,,6EM4,,previous_close_cross_instrument,,,,,,drop_main_sample,False,,,,,,,,,,,6EH4,2014-03-14,roll_mismatch,,,,,,,,6E.v.0,2014-03-17,,,,,
,,,,,6EU4,,previous_close_cross_instrument,,,,,,drop_main_sample,False,,,,,,,,,,,6EM4,2014-06-11,roll_mismatch,,,,,,,,6E.v.0,2014-06-16,,,,,
,,,,,6EZ4,,missing_exact_boundary_source_on_calendar_day;missing_exact_boundary_source:close_minus_60;previous_close_cross_instrument,,,,,,drop_main_sample,False,,,,,,,,,,,6EU4,2014-09-12,roll_mismatch,,,,,,,,6E.v.0,2014-09-15,,,,,
,,,,,6EH5,,previous_close_cross_instrument,,,,,,drop_main_sample,False,,,,,,,,,,,6EZ4,2014-12-12,roll_mismatch,,,,,,,,6E.v.0,2014-12-15,,,,,
,,,,,6EM5,,previous_close_cross_instrument,,,,,,drop_main_sample,False,,,,,,,,,,,6EH5,2015-03-13,roll_mismatch,,,,,,,,6E.v.0,2015-03-16,,,,,
,,,,,6EU5,,previous_close_cross_instrument,,,,,,drop_main_sample,False,,,,,,,,,,,6EM5,2015-06-12,roll_mismatch,,,,,,,,6E.v.0,2015-06-15,,,,,
,,,,,6EZ5,,previous_close_cross_instrument,,,,,,drop_main_sample,False,,,,,,,,,,,6EU5,2015-09-11,roll_mismatch,,,,,,,,6E.v.0,2015-09-14,,,,,
,,,,,6EH6,,previous_close_cross_instrument,,,,,,drop_main_sample,False,,,,,,,,,,,6EZ5,2015-12-11,roll_mismatch,,,,,,,,6E.v.0,2015-12-14,,,,,
,,,,,6EM6,,previous_close_cross_instrument,,,,,,drop_main_sample,False,,,,,,,,,,,6EH6,2016-03-10,roll_mismatch,,,,,,,,6E.v.0,2016-03-14,,,,,
,,,,,6EU6,,missing_exact_boundary_source_on_calendar_day;missing_exact_boundary_source:close_minus_30;previous_close_cross_instrument,,,,,,drop_main_sample,False,,,,,,,,,,,6EM6,2016-06-10,roll_mismatch,,,,,,,,6E.v.0,2016-06-13,,,,,
,,,,,6EZ6,,previous_close_cross_instrument,,,,,,drop_main_sample,False,,,,,,,,,,,6EU6,2016-09-15,roll_mismatch,,,,,,,,6E.v.0,2016-09-19,,,,,
,,,,,6EH7,,previous_close_cross_instrument,,,,,,drop_main_sample,False,,,,,,,,,,,6EZ6,2016-12-16,roll_mismatch,,,,,,,,6E.v.0,2016-12-19,,,,,
,,,,,6EM7,,previous_close_cross_instrument,,,,,,drop_main_sample,False,,,,,,,,,,,6EH7,2017-03-10,roll_mismatch,,,,,,,,6E.v.0,2017-03-13,,,,,
,,,,,6EU7,,previous_close_cross_instrument,,,,,,drop_main_sample,False,,,,,,,,,,,6EM7,2017-06-16,roll_mismatch,,,,,,,,6E.v.0,2017-06-19,,,,,
,,,,,6EZ7,,previous_close_cross_instrument,,,,,,drop_main_sample,False,,,,,,,,,,,6EU7,2017-09-15,roll_mismatch,,,,,,,,6E.v.0,2017-09-18,,,,,
,,,,,6EH8,,previous_close_cross_instrument,,,,,,drop_main_sample,False,,,,,,,,,,,6EZ7,2017-12-15,roll_mismatch,,,,,,,,6E.v.0,2017-12-18,,,,,
,,,,,6EM8,,previous_close_cross_instrument,,,,,,drop_main_sample,False,,,,,,,,,,,6EH8,2018-03-16,roll_mismatch,,,,,,,,6E.v.0,2018-03-19,,,,,
,,,,,6EU8,,previous_close_cross_instrument,,,,,,drop_main_sample,False,,,,,,,,,,,6EM8,2018-06-15,roll_mismatch,,,,,,,,6E.v.0,2018-06-18,,,,,
,,,,,6EZ8,,previous_close_cross_instrument,,,,,,drop_main_sample,False,,,,,,,,,,,6EU8,2018-09-14,roll_mismatch,,,,,,,,6E.v.0,2018-09-17,,,,,
,,,,,6EH9,,previous_close_cross_instrument,,,,,,drop_main_sample,False,,,,,,,,,,,6EZ8,2018-12-14,roll_mismatch,,,,,,,,6E.v.0,2018-12-17,,,,,
,,,,,6EM9,,previous_close_cross_instrument,,,,,,drop_main_sample,False,,,,,,,,,,,6EH9,2019-03-15,roll_mismatch,,,,,,,,6E.v.0,2019-03-18,,,,,
,,,,,6EU9,,previous_close_cross_instrument,,,,,,drop_main_sample,False,,,,,,,,,,,6EM9,2019-06-14,roll_mismatch,,,,,,,,6E.v.0,2019-06-17,,,,,
,,,,,6EZ9,,previous_close_cross_instrument,,,,,,drop_main_sample,False,,,,,,,,,,,6EU9,2019-09-13,roll_mismatch,,,,,,,,6E.v.0,2019-09-16,,,,,
,,,,,6EH0,,previous_close_cross_instrument,,,,,,drop_main_sample,False,,,,,,,,,,,6EZ9,2019-12-12,roll_mismatch,,,,,,,,6E.v.0,2019-12-16,,,,,
,,,,,6EM0,,previous_close_cross_instrument,,,,,,drop_main_sample,False,,,,,,,,,,,6EH0,2020-03-13,roll_mismatch,,,,,,,,6E.v.0,2020-03-16,,,,,
,,,,,,,,,,,,3.0,,,,,,,,,,,,,,2021-01-08,previous_gap,,,,,,,,ES.v.0,2021-01-11,,,,,Monday
,,,,,,,,,,,,4.0,,,,,,,,,,,,,,2021-01-15,previous_gap,,,,,,,,ES.v.0,2021-01-19,,,,,Tuesday
,,,,,,,,,,,,3.0,,,,,,,,,,,,,,2021-01-22,previous_gap,,,,,,,,ES.v.0,2021-01-25,,,,,Monday
,,,,,,,,,,,,3.0,,,,,,,,,,,,,,2021-01-29,previous_gap,,,,,,,,ES.v.0,2021-02-01,,,,,Monday
,,,,,,,,,,,,3.0,,,,,,,,,,,,,,2021-02-05,previous_gap,,,,,,,,ES.v.0,2021-02-08,,,,,Monday
,,,,,,,,,,,,4.0,,,,,,,,,,,,,,2021-02-12,previous_gap,,,,,,,,ES.v.0,2021-02-16,,,,,Tuesday
,,,,,,,,,,,,3.0,,,,,,,,,,,,,,2021-02-19,previous_gap,,,,,,,,ES.v.0,2021-02-22,,,,,Monday
,,,,,,,,,,,,3.0,,,,,,,,,,,,,,2021-02-26,previous_gap,,,,,,,,ES.v.0,2021-03-01,,,,,Monday
,,,,,,,,,,,,3.0,,,,,,,,,,,,,,2021-03-05,previous_gap,,,,,,,,ES.v.0,2021-03-08,,,,,Monday
,,,,,,,,,,,,3.0,,,,,,,,,,,,,,2021-03-19,previous_gap,,,,,,,,ES.v.0,2021-03-22,,,,,Monday
,,,,,,,,,,,,3.0,,,,,,,,,,,,,,2021-03-26,previous_gap,,,,,,,,ES.v.0,2021-03-29,,,,,Monday
,,,,,,,,,,,,4.0,,,,,,,,,,,,,,2021-04-01,previous_gap,,,,,,,,ES.v.0,2021-04-05,,,,,Monday
,,,,,,,,,,,,3.0,,,,,,,,,,,,,,2021-04-09,previous_gap,,,,,,,,ES.v.0,2021-04-12,,,,,Monday
,,,,,,,,,,,,3.0,,,,,,,,,,,,,,2021-04-16,previous_gap,,,,,,,,ES.v.0,2021-04-19,,,,,Monday
,,,,,,,,,,,,3.0,,,,,,,,,,,,,,2021-04-23,previous_gap,,,,,,,,ES.v.0,2021-04-26,,,,,Monday
,,,,,,,,,,,,3.0,,,,,,,,,,,,,,2021-04-30,previous_gap,,,,,,,,ES.v.0,2021-05-03,,,,,Monday
,,,,,,,,,,,,3.0,,,,,,,,,,,,,,2021-05-07,previous_gap,,,,,,,,ES.v.0,2021-05-10,,,,,Monday
,,,,,,,,,,,,3.0,,,,,,,,,,,,,,2021-05-14,previous_gap,,,,,,,,ES.v.0,2021-05-17,,,,,Monday
,,,,,,,,,,,,3.0,,,,,,,,,,,,,,2021-05-21,previous_gap,,,,,,,,ES.v.0,2021-05-24,,,,,Monday
,,,,,,,,,,,,4.0,,,,,,,,,,,,,,2021-05-28,previous_gap,,,,,,,,ES.v.0,2021-06-01,,,,,Tuesday
,,,,,,,,,,,,3.0,,,,,,,,,,,,,,2021-06-04,previous_gap,,,,,,,,ES.v.0,2021-06-07,,,,,Monday
,,,,,,,,,,,,3.0,,,,,,,,,,,,,,2021-06-18,previous_gap,,,,,,,,ES.v.0,2021-06-21,,,,,Monday
,,,,,,,,,,,,3.0,,,,,,,,,,,,,,2021-06-25,previous_gap,,,,,,,,ES.v.0,2021-06-28,,,,,Monday
,,,,,,,,,,,,4.0,,,,,,,,,,,,,,2021-07-02,previous_gap,,,,,,,,ES.v.0,2021-07-06,,,,,Tuesday
,,,,,,,,,,,,3.0,,,,,,,,,,,,,,2021-07-09,previous_gap,,,,,,,,ES.v.0,2021-07-12,,,,,Monday
,,,,,,,,,,,,3.0,,,,,,,,,,,,,,2021-07-16,previous_gap,,,,,,,,ES.v.0,2021-07-19,,,,,Monday
,,,,,,,,,,,,3.0,,,,,,,,,,,,,,2021-07-23,previous_gap,,,,,,,,ES.v.0,2021-07-26,,,,,Monday
,,,,,,,,,,,,3.0,,,,,,,,,,,,,,2021-07-30,previous_gap,,,,,,,,ES.v.0,2021-08-02,,,,,Monday
,,,,,,,,,,,,3.0,,,,,,,,,,,,,,2021-08-06,previous_gap,,,,,,,,ES.v.0,2021-08-09,,,,,Monday
,,,,,,,,,,,,3.0,,,,,,,,,,,,,,2021-08-13,previous_gap,,,,,,,,ES.v.0,2021-08-16,,,,,Monday
,,,,,,,,,,,,3.0,,,,,,,,,,,,,,2021-08-20,previous_gap,,,,,,,,ES.v.0,2021-08-23,,,,,Monday
,,,,,,,,,,,,3.0,,,,,,,,,,,,,,2021-08-27,previous_gap,,,,,,,,ES.v.0,2021-08-30,,,,,Monday
,,,,,,,,,,,,4.0,,,,,,,,,,,,,,2021-09-03,previous_gap,,,,,,,,ES.v.0,2021-09-07,,,,,Tuesday
,,,,,,,,,,,,3.0,,,,,,,,,,,,,,2021-09-17,previous_gap,,,,,,,,ES.v.0,2021-09-20,,,,,Monday
,,,,,,,,,,,,3.0,,,,,,,,,,,,,,2021-09-24,previous_gap,,,,,,,,ES.v.0,2021-09-27,,,,,Monday
,,,,,,,,,,,,3.0,,,,,,,,,,,,,,2021-10-01,previous_gap,,,,,,,,ES.v.0,2021-10-04,,,,,Monday
,,,,,,,,,,,,3.0,,,,,,,,,,,,,,2021-10-08,previous_gap,,,,,,,,ES.v.0,2021-10-11,,,,,Monday
,,,,,,,,,,,,3.0,,,,,,,,,,,,,,2021-10-15,previous_gap,,,,,,,,ES.v.0,2021-10-18,,,,,Monday
,,,,,,,,,,,,3.0,,,,,,,,,,,,,,2021-10-22,previous_gap,,,,,,,,ES.v.0,2021-10-25,,,,,Monday
,,,,,,,,,,,,3.0,,,,,,,,,,,,,,2021-10-29,previous_gap,,,,,,,,ES.v.0,2021-11-01,,,,,Monday
,,,,,,,,,,,,3.0,,,,,,,,,,,,,,2021-11-05,previous_gap,,,,,,,,ES.v.0,2021-11-08,,,,,Monday
,,,,,,,,,,,,3.0,,,,,,,,,,,,,,2021-11-12,previous_gap,,,,,,,,ES.v.0,2021-11-15,,,,,Monday
,,,,,,,,,,,,3.0,,,,,,,,,,,,,,2021-11-19,previous_gap,,,,,,,,ES.v.0,2021-11-22,,,,,Monday
,,,,,,,,,,,,5.0,,,,,,,,,,,,,,2021-11-24,previous_gap,,,,,,,,ES.v.0,2021-11-29,,,,,Monday
,,,,,,,,,,,,3.0,,,,,,,,,,,,,,2021-12-03,previous_gap,,,,,,,,ES.v.0,2021-12-06,,,,,Monday
,,,,,,,,,,,,3.0,,,,,,,,,,,,,,2021-12-17,previous_gap,,,,,,,,ES.v.0,2021-12-20,,,,,Monday
,,,,,,,,,,,,4.0,,,,,,,,,,,,,,2021-12-23,previous_gap,,,,,,,,ES.v.0,2021-12-27,,,,,Monday
,,,,,,,,,,,,3.0,,,,,,,,,,,,,,2021-12-31,previous_gap,,,,,,,,ES.v.0,2022-01-03,,,,,Monday
,,,,,,,,,,,,3.0,,,,,,,,,,,,,,2022-01-07,previous_gap,,,,,,,,ES.v.0,2022-01-10,,,,,Monday
,,,,,,,,,,,,4.0,,,,,,,,,,,,,,2022-01-14,previous_gap,,,,,,,,ES.v.0,2022-01-18,,,,,Tuesday
,,,,,,,,,,,,3.0,,,,,,,,,,,,,,2022-01-21,previous_gap,,,,,,,,ES.v.0,2022-01-24,,,,,Monday
,,,,,,,,,,,,3.0,,,,,,,,,,,,,,2022-01-28,previous_gap,,,,,,,,ES.v.0,2022-01-31,,,,,Monday
,,,,,,,,,,,,3.0,,,,,,,,,,,,,,2022-02-04,previous_gap,,,,,,,,ES.v.0,2022-02-07,,,,,Monday
,,,,,,,,,,,,3.0,,,,,,,,,,,,,,2022-02-11,previous_gap,,,,,,,,ES.v.0,2022-02-14,,,,,Monday
,,,,,,,,,,,,4.0,,,,,,,,,,,,,,2022-02-18,previous_gap,,,,,,,,ES.v.0,2022-02-22,,,,,Tuesday
,,,,,,,,,,,,3.0,,,,,,,,,,,,,,2022-02-25,previous_gap,,,,,,,,ES.v.0,2022-02-28,,,,,Monday
,,,,,,,,,,,,3.0,,,,,,,,,,,,,,2022-03-04,previous_gap,,,,,,,,ES.v.0,2022-03-07,,,,,Monday
,,,,,,,,,,,,3.0,,,,,,,,,,,,,,2022-03-18,previous_gap,,,,,,,,ES.v.0,2022-03-21,,,,,Monday
,,,,,,,,,,,,3.0,,,,,,,,,,,,,,2022-03-25,previous_gap,,,,,,,,ES.v.0,2022-03-28,,,,,Monday
,,,,,,,,,,,,3.0,,,,,,,,,,,,,,2022-04-01,previous_gap,,,,,,,,ES.v.0,2022-04-04,,,,,Monday
,,,,,,,,,,,,3.0,,,,,,,,,,,,,,2022-04-08,previous_gap,,,,,,,,ES.v.0,2022-04-11,,,,,Monday
,,,,,,,,,,,,4.0,,,,,,,,,,,,,,2022-04-14,previous_gap,,,,,,,,ES.v.0,2022-04-18,,,,,Monday
,,,,,,,,,,,,3.0,,,,,,,,,,,,,,2022-04-22,previous_gap,,,,,,,,ES.v.0,2022-04-25,,,,,Monday
,,,,,,,,,,,,3.0,,,,,,,,,,,,,,2022-04-29,previous_gap,,,,,,,,ES.v.0,2022-05-02,,,,,Monday
,,,,,,,,,,,,3.0,,,,,,,,,,,,,,2022-05-06,previous_gap,,,,,,,,ES.v.0,2022-05-09,,,,,Monday
,,,,,,,,,,,,3.0,,,,,,,,,,,,,,2022-05-13,previous_gap,,,,,,,,ES.v.0,2022-05-16,,,,,Monday
,,,,,,,,,,,,3.0,,,,,,,,,,,,,,2022-05-20,previous_gap,,,,,,,,ES.v.0,2022-05-23,,,,,Monday
,,,,,,,,,,,,4.0,,,,,,,,,,,,,,2022-05-27,previous_gap,,,,,,,,ES.v.0,2022-05-31,,,,,Tuesday
,,,,,,,,,,,,3.0,,,,,,,,,,,,,,2022-06-03,previous_gap,,,,,,,,ES.v.0,2022-06-06,,,,,Monday
,,,,,,,,,,,,3.0,,,,,,,,,,,,,,2022-06-10,previous_gap,,,,,,,,ES.v.0,2022-06-13,,,,,Monday
,,,,,,,,,,,,4.0,,,,,,,,,,,,,,2022-06-17,previous_gap,,,,,,,,ES.v.0,2022-06-21,,,,,Tuesday
,,,,,,,,,,,,3.0,,,,,,,,,,,,,,2022-06-24,previous_gap,,,,,,,,ES.v.0,2022-06-27,,,,,Monday
,,,,,,,,,,,,4.0,,,,,,,,,,,,,,2022-07-01,previous_gap,,,,,,,,ES.v.0,2022-07-05,,,,,Tuesday
,,,,,,,,,,,,3.0,,,,,,,,,,,,,,2022-07-08,previous_gap,,,,,,,,ES.v.0,2022-07-11,,,,,Monday
,,,,,,,,,,,,3.0,,,,,,,,,,,,,,2022-07-15,previous_gap,,,,,,,,ES.v.0,2022-07-18,,,,,Monday
,,,,,,,,,,,,3.0,,,,,,,,,,,,,,2022-07-22,previous_gap,,,,,,,,ES.v.0,2022-07-25,,,,,Monday
,,,,,,,,,,,,3.0,,,,,,,,,,,,,,2022-07-29,previous_gap,,,,,,,,ES.v.0,2022-08-01,,,,,Monday
,,,,,,,,,,,,3.0,,,,,,,,,,,,,,2022-08-05,previous_gap,,,,,,,,ES.v.0,2022-08-08,,,,,Monday
,,,,,,,,,,,,3.0,,,,,,,,,,,,,,2022-08-12,previous_gap,,,,,,,,ES.v.0,2022-08-15,,,,,Monday
,,,,,,,,,,,,3.0,,,,,,,,,,,,,,2022-08-19,previous_gap,,,,,,,,ES.v.0,2022-08-22,,,,,Monday
,,,,,,,,,,,,3.0,,,,,,,,,,,,,,2021-01-08,previous_gap,,,,,,,,NQ.v.0,2021-01-11,,,,,Monday
,,,,,,,,,,,,4.0,,,,,,,,,,,,,,2021-01-15,previous_gap,,,,,,,,NQ.v.0,2021-01-19,,,,,Tuesday
,,,,,,,,,,,,3.0,,,,,,,,,,,,,,2021-01-22,previous_gap,,,,,,,,NQ.v.0,2021-01-25,,,,,Monday
,,,,,,,,,,,,3.0,,,,,,,,,,,,,,2021-01-29,previous_gap,,,,,,,,NQ.v.0,2021-02-01,,,,,Monday
,,,,,,,,,,,,3.0,,,,,,,,,,,,,,2021-02-05,previous_gap,,,,,,,,NQ.v.0,2021-02-08,,,,,Monday
,,,,,,,,,,,,4.0,,,,,,,,,,,,,,2021-02-12,previous_gap,,,,,,,,NQ.v.0,2021-02-16,,,,,Tuesday
,,,,,,,,,,,,3.0,,,,,,,,,,,,,,2021-02-19,previous_gap,,,,,,,,NQ.v.0,2021-02-22,,,,,Monday
,,,,,,,,,,,,3.0,,,,,,,,,,,,,,2021-02-26,previous_gap,,,,,,,,NQ.v.0,2021-03-01,,,,,Monday
,,,,,,,,,,,,3.0,,,,,,,,,,,,,,2021-03-05,previous_gap,,,,,,,,NQ.v.0,2021-03-08,,,,,Monday
,,,,,,,,,,,,3.0,,,,,,,,,,,,,,2021-03-12,previous_gap,,,,,,,,NQ.v.0,2021-03-15,,,,,Monday
,,,,,,,,,,,,3.0,,,,,,,,,,,,,,2021-03-19,previous_gap,,,,,,,,NQ.v.0,2021-03-22,,,,,Monday
,,,,,,,,,,,,3.0,,,,,,,,,,,,,,2021-03-26,previous_gap,,,,,,,,NQ.v.0,2021-03-29,,,,,Monday
,,,,,,,,,,,,4.0,,,,,,,,,,,,,,2021-04-01,previous_gap,,,,,,,,NQ.v.0,2021-04-05,,,,,Monday
,,,,,,,,,,,,3.0,,,,,,,,,,,,,,2021-04-09,previous_gap,,,,,,,,NQ.v.0,2021-04-12,,,,,Monday
,,,,,,,,,,,,3.0,,,,,,,,,,,,,,2021-04-16,previous_gap,,,,,,,,NQ.v.0,2021-04-19,,,,,Monday
,,,,,,,,,,,,3.0,,,,,,,,,,,,,,2021-04-23,previous_gap,,,,,,,,NQ.v.0,2021-04-26,,,,,Monday
,,,,,,,,,,,,3.0,,,,,,,,,,,,,,2021-04-30,previous_gap,,,,,,,,NQ.v.0,2021-05-03,,,,,Monday
,,,,,,,,,,,,3.0,,,,,,,,,,,,,,2021-05-07,previous_gap,,,,,,,,NQ.v.0,2021-05-10,,,,,Monday
,,,,,,,,,,,,3.0,,,,,,,,,,,,,,2021-05-14,previous_gap,,,,,,,,NQ.v.0,2021-05-17,,,,,Monday
,,,,,,,,,,,,3.0,,,,,,,,,,,,,,2021-05-21,previous_gap,,,,,,,,NQ.v.0,2021-05-24,,,,,Monday
,,,,,,,,,,,,4.0,,,,,,,,,,,,,,2021-05-28,previous_gap,,,,,,,,NQ.v.0,2021-06-01,,,,,Tuesday
,,,,,,,,,,,,3.0,,,,,,,,,,,,,,2021-06-04,previous_gap,,,,,,,,NQ.v.0,2021-06-07,,,,,Monday
,,,,,,,,,,,,3.0,,,,,,,,,,,,,,2021-06-11,previous_gap,,,,,,,,NQ.v.0,2021-06-14,,,,,Monday
,,,,,,,,,,,,3.0,,,,,,,,,,,,,,2021-06-18,previous_gap,,,,,,,,NQ.v.0,2021-06-21,,,,,Monday
,,,,,,,,,,,,3.0,,,,,,,,,,,,,,2021-06-25,previous_gap,,,,,,,,NQ.v.0,2021-06-28,,,,,Monday
,,,,,,,,,,,,4.0,,,,,,,,,,,,,,2021-07-02,previous_gap,,,,,,,,NQ.v.0,2021-07-06,,,,,Tuesday
,,,,,,,,,,,,3.0,,,,,,,,,,,,,,2021-07-09,previous_gap,,,,,,,,NQ.v.0,2021-07-12,,,,,Monday
,,,,,,,,,,,,3.0,,,,,,,,,,,,,,2021-07-16,previous_gap,,,,,,,,NQ.v.0,2021-07-19,,,,,Monday
,,,,,,,,,,,,3.0,,,,,,,,,,,,,,2021-07-23,previous_gap,,,,,,,,NQ.v.0,2021-07-26,,,,,Monday
,,,,,,,,,,,,3.0,,,,,,,,,,,,,,2021-07-30,previous_gap,,,,,,,,NQ.v.0,2021-08-02,,,,,Monday
,,,,,,,,,,,,3.0,,,,,,,,,,,,,,2021-08-06,previous_gap,,,,,,,,NQ.v.0,2021-08-09,,,,,Monday
,,,,,,,,,,,,3.0,,,,,,,,,,,,,,2021-08-13,previous_gap,,,,,,,,NQ.v.0,2021-08-16,,,,,Monday
,,,,,,,,,,,,3.0,,,,,,,,,,,,,,2021-08-20,previous_gap,,,,,,,,NQ.v.0,2021-08-23,,,,,Monday
,,,,,,,,,,,,3.0,,,,,,,,,,,,,,2021-08-27,previous_gap,,,,,,,,NQ.v.0,2021-08-30,,,,,Monday
,,,,,,,,,,,,4.0,,,,,,,,,,,,,,2021-09-03,previous_gap,,,,,,,,NQ.v.0,2021-09-07,,,,,Tuesday
,,,,,,,,,,,,3.0,,,,,,,,,,,,,,2021-09-10,previous_gap,,,,,,,,NQ.v.0,2021-09-13,,,,,Monday
,,,,,,,,,,,,3.0,,,,,,,,,,,,,,2021-09-17,previous_gap,,,,,,,,NQ.v.0,2021-09-20,,,,,Monday
,,,,,,,,,,,,3.0,,,,,,,,,,,,,,2021-09-24,previous_gap,,,,,,,,NQ.v.0,2021-09-27,,,,,Monday
,,,,,,,,,,,,3.0,,,,,,,,,,,,,,2021-10-01,previous_gap,,,,,,,,NQ.v.0,2021-10-04,,,,,Monday
,,,,,,,,,,,,3.0,,,,,,,,,,,,,,2021-10-08,previous_gap,,,,,,,,NQ.v.0,2021-10-11,,,,,Monday
,,,,,,,,,,,,3.0,,,,,,,,,,,,,,2021-10-15,previous_gap,,,,,,,,NQ.v.0,2021-10-18,,,,,Monday
,,,,,,,,,,,,3.0,,,,,,,,,,,,,,2021-10-22,previous_gap,,,,,,,,NQ.v.0,2021-10-25,,,,,Monday
,,,,,,,,,,,,3.0,,,,,,,,,,,,,,2021-10-29,previous_gap,,,,,,,,NQ.v.0,2021-11-01,,,,,Monday
,,,,,,,,,,,,3.0,,,,,,,,,,,,,,2021-11-05,previous_gap,,,,,,,,NQ.v.0,2021-11-08,,,,,Monday
,,,,,,,,,,,,3.0,,,,,,,,,,,,,,2021-11-12,previous_gap,,,,,,,,NQ.v.0,2021-11-15,,,,,Monday
,,,,,,,,,,,,3.0,,,,,,,,,,,,,,2021-11-19,previous_gap,,,,,,,,NQ.v.0,2021-11-22,,,,,Monday
,,,,,,,,,,,,5.0,,,,,,,,,,,,,,2021-11-24,previous_gap,,,,,,,,NQ.v.0,2021-11-29,,,,,Monday
,,,,,,,,,,,,3.0,,,,,,,,,,,,,,2021-12-03,previous_gap,,,,,,,,NQ.v.0,2021-12-06,,,,,Monday
,,,,,,,,,,,,3.0,,,,,,,,,,,,,,2021-12-17,previous_gap,,,,,,,,NQ.v.0,2021-12-20,,,,,Monday
,,,,,,,,,,,,4.0,,,,,,,,,,,,,,2021-12-23,previous_gap,,,,,,,,NQ.v.0,2021-12-27,,,,,Monday
,,,,,,,,,,,,3.0,,,,,,,,,,,,,,2021-12-31,previous_gap,,,,,,,,NQ.v.0,2022-01-03,,,,,Monday
,,,,,,,,,,,,3.0,,,,,,,,,,,,,,2022-01-07,previous_gap,,,,,,,,NQ.v.0,2022-01-10,,,,,Monday
,,,,,,,,,,,,4.0,,,,,,,,,,,,,,2022-01-14,previous_gap,,,,,,,,NQ.v.0,2022-01-18,,,,,Tuesday
,,,,,,,,,,,,3.0,,,,,,,,,,,,,,2022-01-21,previous_gap,,,,,,,,NQ.v.0,2022-01-24,,,,,Monday
,,,,,,,,,,,,3.0,,,,,,,,,,,,,,2022-01-28,previous_gap,,,,,,,,NQ.v.0,2022-01-31,,,,,Monday
,,,,,,,,,,,,3.0,,,,,,,,,,,,,,2022-02-04,previous_gap,,,,,,,,NQ.v.0,2022-02-07,,,,,Monday
,,,,,,,,,,,,3.0,,,,,,,,,,,,,,2022-02-11,previous_gap,,,,,,,,NQ.v.0,2022-02-14,,,,,Monday
,,,,,,,,,,,,4.0,,,,,,,,,,,,,,2022-02-18,previous_gap,,,,,,,,NQ.v.0,2022-02-22,,,,,Tuesday
,,,,,,,,,,,,3.0,,,,,,,,,,,,,,2022-02-25,previous_gap,,,,,,,,NQ.v.0,2022-02-28,,,,,Monday
,,,,,,,,,,,,3.0,,,,,,,,,,,,,,2022-03-04,previous_gap,,,,,,,,NQ.v.0,2022-03-07,,,,,Monday
,,,,,,,,,,,,3.0,,,,,,,,,,,,,,2022-03-11,previous_gap,,,,,,,,NQ.v.0,2022-03-14,,,,,Monday
,,,,,,,,,,,,3.0,,,,,,,,,,,,,,2022-03-18,previous_gap,,,,,,,,NQ.v.0,2022-03-21,,,,,Monday
,,,,,,,,,,,,3.0,,,,,,,,,,,,,,2022-03-25,previous_gap,,,,,,,,NQ.v.0,2022-03-28,,,,,Monday
,,,,,,,,,,,,3.0,,,,,,,,,,,,,,2022-04-01,previous_gap,,,,,,,,NQ.v.0,2022-04-04,,,,,Monday
,,,,,,,,,,,,3.0,,,,,,,,,,,,,,2022-04-08,previous_gap,,,,,,,,NQ.v.0,2022-04-11,,,,,Monday
,,,,,,,,,,,,4.0,,,,,,,,,,,,,,2022-04-14,previous_gap,,,,,,,,NQ.v.0,2022-04-18,,,,,Monday
,,,,,,,,,,,,3.0,,,,,,,,,,,,,,2022-04-22,previous_gap,,,,,,,,NQ.v.0,2022-04-25,,,,,Monday
,,,,,,,,,,,,3.0,,,,,,,,,,,,,,2022-04-29,previous_gap,,,,,,,,NQ.v.0,2022-05-02,,,,,Monday
,,,,,,,,,,,,3.0,,,,,,,,,,,,,,2022-05-06,previous_gap,,,,,,,,NQ.v.0,2022-05-09,,,,,Monday
,,,,,,,,,,,,3.0,,,,,,,,,,,,,,2022-05-13,previous_gap,,,,,,,,NQ.v.0,2022-05-16,,,,,Monday
,,,,,,,,,,,,3.0,,,,,,,,,,,,,,2022-05-20,previous_gap,,,,,,,,NQ.v.0,2022-05-23,,,,,Monday
,,,,,,,,,,,,4.0,,,,,,,,,,,,,,2022-05-27,previous_gap,,,,,,,,NQ.v.0,2022-05-31,,,,,Tuesday
,,,,,,,,,,,,3.0,,,,,,,,,,,,,,2022-06-03,previous_gap,,,,,,,,NQ.v.0,2022-06-06,,,,,Monday
,,,,,,,,,,,,3.0,,,,,,,,,,,,,,2022-06-10,previous_gap,,,,,,,,NQ.v.0,2022-06-13,,,,,Monday
,,,,,,,,,,,,4.0,,,,,,,,,,,,,,2022-06-17,previous_gap,,,,,,,,NQ.v.0,2022-06-21,,,,,Tuesday
,,,,,,,,,,,,3.0,,,,,,,,,,,,,,2022-06-24,previous_gap,,,,,,,,NQ.v.0,2022-06-27,,,,,Monday
,,,,,,,,,,,,4.0,,,,,,,,,,,,,,2022-07-01,previous_gap,,,,,,,,NQ.v.0,2022-07-05,,,,,Tuesday
,,,,,,,,,,,,3.0,,,,,,,,,,,,,,2022-07-08,previous_gap,,,,,,,,NQ.v.0,2022-07-11,,,,,Monday
,,,,,,,,,,,,3.0,,,,,,,,,,,,,,2022-07-15,previous_gap,,,,,,,,NQ.v.0,2022-07-18,,,,,Monday
,,,,,,,,,,,,3.0,,,,,,,,,,,,,,2022-07-22,previous_gap,,,,,,,,NQ.v.0,2022-07-25,,,,,Monday
,,,,,,,,,,,,3.0,,,,,,,,,,,,,,2021-01-08,previous_gap,,,,,,,,GC.v.0,2021-01-11,,,,,Monday
,,,,,,,,,,,,4.0,,,,,,,,,,,,,,2021-01-15,previous_gap,,,,,,,,GC.v.0,2021-01-19,,,,,Tuesday
,,,,,,,,,,,,3.0,,,,,,,,,,,,,,2021-01-22,previous_gap,,,,,,,,GC.v.0,2021-01-25,,,,,Monday
,,,,,,,,,,,,3.0,,,,,,,,,,,,,,2021-02-05,previous_gap,,,,,,,,GC.v.0,2021-02-08,,,,,Monday
,,,,,,,,,,,,4.0,,,,,,,,,,,,,,2021-02-12,previous_gap,,,,,,,,GC.v.0,2021-02-16,,,,,Tuesday
,,,,,,,,,,,,3.0,,,,,,,,,,,,,,2021-02-19,previous_gap,,,,,,,,GC.v.0,2021-02-22,,,,,Monday
,,,,,,,,,,,,3.0,,,,,,,,,,,,,,2021-02-26,previous_gap,,,,,,,,GC.v.0,2021-03-01,,,,,Monday
,,,,,,,,,,,,3.0,,,,,,,,,,,,,,2021-03-05,previous_gap,,,,,,,,GC.v.0,2021-03-08,,,,,Monday
,,,,,,,,,,,,3.0,,,,,,,,,,,,,,2021-03-12,previous_gap,,,,,,,,GC.v.0,2021-03-15,,,,,Monday
,,,,,,,,,,,,3.0,,,,,,,,,,,,,,2021-03-19,previous_gap,,,,,,,,GC.v.0,2021-03-22,,,,,Monday
,,,,,,,,,,,,3.0,,,,,,,,,,,,,,2021-03-26,previous_gap,,,,,,,,GC.v.0,2021-03-29,,,,,Monday
,,,,,,,,,,,,4.0,,,,,,,,,,,,,,2021-04-01,previous_gap,,,,,,,,GC.v.0,2021-04-05,,,,,Monday
,,,,,,,,,,,,3.0,,,,,,,,,,,,,,2021-04-09,previous_gap,,,,,,,,GC.v.0,2021-04-12,,,,,Monday
,,,,,,,,,,,,3.0,,,,,,,,,,,,,,2021-04-16,previous_gap,,,,,,,,GC.v.0,2021-04-19,,,,,Monday
,,,,,,,,,,,,3.0,,,,,,,,,,,,,,2021-04-23,previous_gap,,,,,,,,GC.v.0,2021-04-26,,,,,Monday
,,,,,,,,,,,,3.0,,,,,,,,,,,,,,2021-04-30,previous_gap,,,,,,,,GC.v.0,2021-05-03,,,,,Monday
,,,,,,,,,,,,3.0,,,,,,,,,,,,,,2021-05-07,previous_gap,,,,,,,,GC.v.0,2021-05-10,,,,,Monday
,,,,,,,,,,,,3.0,,,,,,,,,,,,,,2021-05-14,previous_gap,,,,,,,,GC.v.0,2021-05-17,,,,,Monday
,,,,,,,,,,,,3.0,,,,,,,,,,,,,,2021-05-21,previous_gap,,,,,,,,GC.v.0,2021-05-24,,,,,Monday
,,,,,,,,,,,,4.0,,,,,,,,,,,,,,2021-05-28,previous_gap,,,,,,,,GC.v.0,2021-06-01,,,,,Tuesday
,,,,,,,,,,,,3.0,,,,,,,,,,,,,,2021-06-04,previous_gap,,,,,,,,GC.v.0,2021-06-07,,,,,Monday
,,,,,,,,,,,,3.0,,,,,,,,,,,,,,2021-06-11,previous_gap,,,,,,,,GC.v.0,2021-06-14,,,,,Monday
,,,,,,,,,,,,3.0,,,,,,,,,,,,,,2021-06-18,previous_gap,,,,,,,,GC.v.0,2021-06-21,,,,,Monday
,,,,,,,,,,,,3.0,,,,,,,,,,,,,,2021-06-25,previous_gap,,,,,,,,GC.v.0,2021-06-28,,,,,Monday
,,,,,,,,,,,,4.0,,,,,,,,,,,,,,2021-07-02,previous_gap,,,,,,,,GC.v.0,2021-07-06,,,,,Tuesday
,,,,,,,,,,,,3.0,,,,,,,,,,,,,,2021-07-09,previous_gap,,,,,,,,GC.v.0,2021-07-12,,,,,Monday
,,,,,,,,,,,,3.0,,,,,,,,,,,,,,2021-07-16,previous_gap,,,,,,,,GC.v.0,2021-07-19,,,,,Monday
,,,,,,,,,,,,3.0,,,,,,,,,,,,,,2021-07-23,previous_gap,,,,,,,,GC.v.0,2021-07-26,,,,,Monday
,,,,,,,,,,,,3.0,,,,,,,,,,,,,,2021-08-06,previous_gap,,,,,,,,GC.v.0,2021-08-09,,,,,Monday
,,,,,,,,,,,,3.0,,,,,,,,,,,,,,2021-08-13,previous_gap,,,,,,,,GC.v.0,2021-08-16,,,,,Monday
,,,,,,,,,,,,3.0,,,,,,,,,,,,,,2021-08-20,previous_gap,,,,,,,,GC.v.0,2021-08-23,,,,,Monday
,,,,,,,,,,,,3.0,,,,,,,,,,,,,,2021-08-27,previous_gap,,,,,,,,GC.v.0,2021-08-30,,,,,Monday
,,,,,,,,,,,,4.0,,,,,,,,,,,,,,2021-09-03,previous_gap,,,,,,,,GC.v.0,2021-09-07,,,,,Tuesday
,,,,,,,,,,,,3.0,,,,,,,,,,,,,,2021-09-10,previous_gap,,,,,,,,GC.v.0,2021-09-13,,,,,Monday
,,,,,,,,,,,,3.0,,,,,,,,,,,,,,2021-09-17,previous_gap,,,,,,,,GC.v.0,2021-09-20,,,,,Monday
,,,,,,,,,,,,3.0,,,,,,,,,,,,,,2021-09-24,previous_gap,,,,,,,,GC.v.0,2021-09-27,,,,,Monday
,,,,,,,,,,,,3.0,,,,,,,,,,,,,,2021-10-01,previous_gap,,,,,,,,GC.v.0,2021-10-04,,,,,Monday
,,,,,,,,,,,,3.0,,,,,,,,,,,,,,2021-10-08,previous_gap,,,,,,,,GC.v.0,2021-10-11,,,,,Monday
,,,,,,,,,,,,3.0,,,,,,,,,,,,,,2021-10-15,previous_gap,,,,,,,,GC.v.0,2021-10-18,,,,,Monday
,,,,,,,,,,,,3.0,,,,,,,,,,,,,,2021-10-22,previous_gap,,,,,,,,GC.v.0,2021-10-25,,,,,Monday
,,,,,,,,,,,,3.0,,,,,,,,,,,,,,2021-10-29,previous_gap,,,,,,,,GC.v.0,2021-11-01,,,,,Monday
,,,,,,,,,,,,3.0,,,,,,,,,,,,,,2021-11-05,previous_gap,,,,,,,,GC.v.0,2021-11-08,,,,,Monday
,,,,,,,,,,,,3.0,,,,,,,,,,,,,,2021-11-12,previous_gap,,,,,,,,GC.v.0,2021-11-15,,,,,Monday
,,,,,,,,,,,,3.0,,,,,,,,,,,,,,2021-11-19,previous_gap,,,,,,,,GC.v.0,2021-11-22,,,,,Monday
,,,,,,,,,,,,2.0,,,,,,,,,,,,,,2021-11-24,previous_gap,,,,,,,,GC.v.0,2021-11-26,,,,,Friday
,,,,,,,,,,,,3.0,,,,,,,,,,,,,,2021-12-03,previous_gap,,,,,,,,GC.v.0,2021-12-06,,,,,Monday
,,,,,,,,,,,,3.0,,,,,,,,,,,,,,2021-12-10,previous_gap,,,,,,,,GC.v.0,2021-12-13,,,,,Monday
,,,,,,,,,,,,3.0,,,,,,,,,,,,,,2021-12-17,previous_gap,,,,,,,,GC.v.0,2021-12-20,,,,,Monday
,,,,,,,,,,,,4.0,,,,,,,,,,,,,,2021-12-23,previous_gap,,,,,,,,GC.v.0,2021-12-27,,,,,Monday
,,,,,,,,,,,,3.0,,,,,,,,,,,,,,2021-12-31,previous_gap,,,,,,,,GC.v.0,2022-01-03,,,,,Monday
,,,,,,,,,,,,3.0,,,,,,,,,,,,,,2022-01-07,previous_gap,,,,,,,,GC.v.0,2022-01-10,,,,,Monday
,,,,,,,,,,,,3.0,,,,,,,,,,,,,,2022-01-14,previous_gap,,,,,,,,GC.v.0,2022-01-17,,,,,Monday
,,,,,,,,,,,,3.0,,,,,,,,,,,,,,2022-01-21,previous_gap,,,,,,,,GC.v.0,2022-01-24,,,,,Monday
,,,,,,,,,,,,3.0,,,,,,,,,,,,,,2022-02-04,previous_gap,,,,,,,,GC.v.0,2022-02-07,,,,,Monday
,,,,,,,,,,,,3.0,,,,,,,,,,,,,,2022-02-11,previous_gap,,,,,,,,GC.v.0,2022-02-14,,,,,Monday
,,,,,,,,,,,,3.0,,,,,,,,,,,,,,2022-02-18,previous_gap,,,,,,,,GC.v.0,2022-02-21,,,,,Monday
,,,,,,,,,,,,3.0,,,,,,,,,,,,,,2022-02-25,previous_gap,,,,,,,,GC.v.0,2022-02-28,,,,,Monday
,,,,,,,,,,,,3.0,,,,,,,,,,,,,,2022-03-04,previous_gap,,,,,,,,GC.v.0,2022-03-07,,,,,Monday
,,,,,,,,,,,,3.0,,,,,,,,,,,,,,2022-03-11,previous_gap,,,,,,,,GC.v.0,2022-03-14,,,,,Monday
,,,,,,,,,,,,3.0,,,,,,,,,,,,,,2022-03-18,previous_gap,,,,,,,,GC.v.0,2022-03-21,,,,,Monday
,,,,,,,,,,,,3.0,,,,,,,,,,,,,,2022-03-25,previous_gap,,,,,,,,GC.v.0,2022-03-28,,,,,Monday
,,,,,,,,,,,,3.0,,,,,,,,,,,,,,2022-04-01,previous_gap,,,,,,,,GC.v.0,2022-04-04,,,,,Monday
,,,,,,,,,,,,3.0,,,,,,,,,,,,,,2022-04-08,previous_gap,,,,,,,,GC.v.0,2022-04-11,,,,,Monday
,,,,,,,,,,,,4.0,,,,,,,,,,,,,,2022-04-14,previous_gap,,,,,,,,GC.v.0,2022-04-18,,,,,Monday
,,,,,,,,,,,,3.0,,,,,,,,,,,,,,2022-04-22,previous_gap,,,,,,,,GC.v.0,2022-04-25,,,,,Monday
,,,,,,,,,,,,3.0,,,,,,,,,,,,,,2022-04-29,previous_gap,,,,,,,,GC.v.0,2022-05-02,,,,,Monday
,,,,,,,,,,,,3.0,,,,,,,,,,,,,,2022-05-06,previous_gap,,,,,,,,GC.v.0,2022-05-09,,,,,Monday
,,,,,,,,,,,,3.0,,,,,,,,,,,,,,2022-05-13,previous_gap,,,,,,,,GC.v.0,2022-05-16,,,,,Monday
,,,,,,,,,,,,3.0,,,,,,,,,,,,,,2022-05-20,previous_gap,,,,,,,,GC.v.0,2022-05-23,,,,,Monday
,,,,,,,,,,,,3.0,,,,,,,,,,,,,,2022-06-03,previous_gap,,,,,,,,GC.v.0,2022-06-06,,,,,Monday
,,,,,,,,,,,,3.0,,,,,,,,,,,,,,2022-06-10,previous_gap,,,,,,,,GC.v.0,2022-06-13,,,,,Monday
,,,,,,,,,,,,3.0,,,,,,,,,,,,,,2022-06-17,previous_gap,,,,,,,,GC.v.0,2022-06-20,,,,,Monday
,,,,,,,,,,,,3.0,,,,,,,,,,,,,,2022-06-24,previous_gap,,,,,,,,GC.v.0,2022-06-27,,,,,Monday
,,,,,,,,,,,,3.0,,,,,,,,,,,,,,2022-07-01,previous_gap,,,,,,,,GC.v.0,2022-07-04,,,,,Monday
,,,,,,,,,,,,3.0,,,,,,,,,,,,,,2022-07-08,previous_gap,,,,,,,,GC.v.0,2022-07-11,,,,,Monday
,,,,,,,,,,,,3.0,,,,,,,,,,,,,,2022-07-15,previous_gap,,,,,,,,GC.v.0,2022-07-18,,,,,Monday
,,,,,,,,,,,,3.0,,,,,,,,,,,,,,2022-07-22,previous_gap,,,,,,,,GC.v.0,2022-07-25,,,,,Monday
,,,,,,,,,,,,3.0,,,,,,,,,,,,,,2022-08-05,previous_gap,,,,,,,,GC.v.0,2022-08-08,,,,,Monday
,,,,,,,,,,,,3.0,,,,,,,,,,,,,,2022-08-12,previous_gap,,,,,,,,GC.v.0,2022-08-15,,,,,Monday
,,,,,,,,,,,,3.0,,,,,,,,,,,,,,2022-08-19,previous_gap,,,,,,,,GC.v.0,2022-08-22,,,,,Monday
,,,,,,,,,,,,3.0,,,,,,,,,,,,,,2021-01-08,previous_gap,,,,,,,,CL.v.0,2021-01-11,,,,,Monday
,,,,,,,,,,,,3.0,,,,,,,,,,,,,,2021-01-22,previous_gap,,,,,,,,CL.v.0,2021-01-25,,,,,Monday
,,,,,,,,,,,,3.0,,,,,,,,,,,,,,2021-01-29,previous_gap,,,,,,,,CL.v.0,2021-02-01,,,,,Monday
,,,,,,,,,,,,3.0,,,,,,,,,,,,,,2021-02-05,previous_gap,,,,,,,,CL.v.0,2021-02-08,,,,,Monday
,,,,,,,,,,,,4.0,,,,,,,,,,,,,,2021-02-12,previous_gap,,,,,,,,CL.v.0,2021-02-16,,,,,Tuesday
,,,,,,,,,,,,3.0,,,,,,,,,,,,,,2021-02-19,previous_gap,,,,,,,,CL.v.0,2021-02-22,,,,,Monday
,,,,,,,,,,,,3.0,,,,,,,,,,,,,,2021-02-26,previous_gap,,,,,,,,CL.v.0,2021-03-01,,,,,Monday
,,,,,,,,,,,,3.0,,,,,,,,,,,,,,2021-03-05,previous_gap,,,,,,,,CL.v.0,2021-03-08,,,,,Monday
,,,,,,,,,,,,3.0,,,,,,,,,,,,,,2021-03-12,previous_gap,,,,,,,,CL.v.0,2021-03-15,,,,,Monday
,,,,,,,,,,,,3.0,,,,,,,,,,,,,,2021-03-19,previous_gap,,,,,,,,CL.v.0,2021-03-22,,,,,Monday
,,,,,,,,,,,,3.0,,,,,,,,,,,,,,2021-03-26,previous_gap,,,,,,,,CL.v.0,2021-03-29,,,,,Monday
,,,,,,,,,,,,4.0,,,,,,,,,,,,,,2021-04-01,previous_gap,,,,,,,,CL.v.0,2021-04-05,,,,,Monday
,,,,,,,,,,,,3.0,,,,,,,,,,,,,,2021-04-09,previous_gap,,,,,,,,CL.v.0,2021-04-12,,,,,Monday
,,,,,,,,,,,,3.0,,,,,,,,,,,,,,2021-04-23,previous_gap,,,,,,,,CL.v.0,2021-04-26,,,,,Monday
,,,,,,,,,,,,3.0,,,,,,,,,,,,,,2021-04-30,previous_gap,,,,,,,,CL.v.0,2021-05-03,,,,,Monday
,,,,,,,,,,,,3.0,,,,,,,,,,,,,,2021-05-07,previous_gap,,,,,,,,CL.v.0,2021-05-10,,,,,Monday
,,,,,,,,,,,,3.0,,,,,,,,,,,,,,2021-05-14,previous_gap,,,,,,,,CL.v.0,2021-05-17,,,,,Monday
,,,,,,,,,,,,3.0,,,,,,,,,,,,,,2021-05-21,previous_gap,,,,,,,,CL.v.0,2021-05-24,,,,,Monday
,,,,,,,,,,,,4.0,,,,,,,,,,,,,,2021-05-28,previous_gap,,,,,,,,CL.v.0,2021-06-01,,,,,Tuesday
,,,,,,,,,,,,3.0,,,,,,,,,,,,,,2021-06-04,previous_gap,,,,,,,,CL.v.0,2021-06-07,,,,,Monday
,,,,,,,,,,,,3.0,,,,,,,,,,,,,,2021-06-11,previous_gap,,,,,,,,CL.v.0,2021-06-14,,,,,Monday
,,,,,,,,,,,,3.0,,,,,,,,,,,,,,2021-06-25,previous_gap,,,,,,,,CL.v.0,2021-06-28,,,,,Monday
,,,,,,,,,,,,4.0,,,,,,,,,,,,,,2021-07-02,previous_gap,,,,,,,,CL.v.0,2021-07-06,,,,,Tuesday
,,,,,,,,,,,,3.0,,,,,,,,,,,,,,2021-07-09,previous_gap,,,,,,,,CL.v.0,2021-07-12,,,,,Monday
,,,,,,,,,,,,3.0,,,,,,,,,,,,,,2021-07-23,previous_gap,,,,,,,,CL.v.0,2021-07-26,,,,,Monday
,,,,,,,,,,,,3.0,,,,,,,,,,,,,,2021-07-30,previous_gap,,,,,,,,CL.v.0,2021-08-02,,,,,Monday
,,,,,,,,,,,,3.0,,,,,,,,,,,,,,2021-08-06,previous_gap,,,,,,,,CL.v.0,2021-08-09,,,,,Monday
,,,,,,,,,,,,3.0,,,,,,,,,,,,,,2021-08-13,previous_gap,,,,,,,,CL.v.0,2021-08-16,,,,,Monday
,,,,,,,,,,,,3.0,,,,,,,,,,,,,,2021-08-20,previous_gap,,,,,,,,CL.v.0,2021-08-23,,,,,Monday
,,,,,,,,,,,,3.0,,,,,,,,,,,,,,2021-08-27,previous_gap,,,,,,,,CL.v.0,2021-08-30,,,,,Monday
,,,,,,,,,,,,4.0,,,,,,,,,,,,,,2021-09-03,previous_gap,,,,,,,,CL.v.0,2021-09-07,,,,,Tuesday
,,,,,,,,,,,,3.0,,,,,,,,,,,,,,2021-09-10,previous_gap,,,,,,,,CL.v.0,2021-09-13,,,,,Monday
,,,,,,,,,,,,3.0,,,,,,,,,,,,,,2021-09-24,previous_gap,,,,,,,,CL.v.0,2021-09-27,,,,,Monday
,,,,,,,,,,,,3.0,,,,,,,,,,,,,,2021-10-01,previous_gap,,,,,,,,CL.v.0,2021-10-04,,,,,Monday
,,,,,,,,,,,,3.0,,,,,,,,,,,,,,2021-10-08,previous_gap,,,,,,,,CL.v.0,2021-10-11,,,,,Monday
,,,,,,,,,,,,3.0,,,,,,,,,,,,,,2021-10-22,previous_gap,,,,,,,,CL.v.0,2021-10-25,,,,,Monday
,,,,,,,,,,,,3.0,,,,,,,,,,,,,,2021-10-29,previous_gap,,,,,,,,CL.v.0,2021-11-01,,,,,Monday
,,,,,,,,,,,,3.0,,,,,,,,,,,,,,2021-11-05,previous_gap,,,,,,,,CL.v.0,2021-11-08,,,,,Monday
,,,,,,,,,,,,3.0,,,,,,,,,,,,,,2021-11-12,previous_gap,,,,,,,,CL.v.0,2021-11-15,,,,,Monday
,,,,,,,,,,,,3.0,,,,,,,,,,,,,,2021-11-19,previous_gap,,,,,,,,CL.v.0,2021-11-22,,,,,Monday
,,,,,,,,,,,,5.0,,,,,,,,,,,,,,2021-11-24,previous_gap,,,,,,,,CL.v.0,2021-11-29,,,,,Monday
,,,,,,,,,,,,3.0,,,,,,,,,,,,,,2021-12-03,previous_gap,,,,,,,,CL.v.0,2021-12-06,,,,,Monday
,,,,,,,,,,,,3.0,,,,,,,,,,,,,,2021-12-10,previous_gap,,,,,,,,CL.v.0,2021-12-13,,,,,Monday
,,,,,,,,,,,,4.0,,,,,,,,,,,,,,2021-12-23,previous_gap,,,,,,,,CL.v.0,2021-12-27,,,,,Monday
,,,,,,,,,,,,3.0,,,,,,,,,,,,,,2021-12-31,previous_gap,,,,,,,,CL.v.0,2022-01-03,,,,,Monday
,,,,,,,,,,,,3.0,,,,,,,,,,,,,,2022-01-07,previous_gap,,,,,,,,CL.v.0,2022-01-10,,,,,Monday
,,,,,,,,,,,,3.0,,,,,,,,,,,,,,2022-01-14,previous_gap,,,,,,,,CL.v.0,2022-01-17,,,,,Monday
,,,,,,,,,,,,3.0,,,,,,,,,,,,,,2022-01-21,previous_gap,,,,,,,,CL.v.0,2022-01-24,,,,,Monday
,,,,,,,,,,,,3.0,,,,,,,,,,,,,,2022-01-28,previous_gap,,,,,,,,CL.v.0,2022-01-31,,,,,Monday
,,,,,,,,,,,,3.0,,,,,,,,,,,,,,2022-02-04,previous_gap,,,,,,,,CL.v.0,2022-02-07,,,,,Monday
,,,,,,,,,,,,3.0,,,,,,,,,,,,,,2022-02-11,previous_gap,,,,,,,,CL.v.0,2022-02-14,,,,,Monday
,,,,,,,,,,,,3.0,,,,,,,,,,,,,,2022-02-25,previous_gap,,,,,,,,CL.v.0,2022-02-28,,,,,Monday
,,,,,,,,,,,,3.0,,,,,,,,,,,,,,2022-03-04,previous_gap,,,,,,,,CL.v.0,2022-03-07,,,,,Monday
,,,,,,,,,,,,3.0,,,,,,,,,,,,,,2022-03-11,previous_gap,,,,,,,,CL.v.0,2022-03-14,,,,,Monday
,,,,,,,,,,,,3.0,,,,,,,,,,,,,,2022-03-25,previous_gap,,,,,,,,CL.v.0,2022-03-28,,,,,Monday
,,,,,,,,,,,,3.0,,,,,,,,,,,,,,2022-04-01,previous_gap,,,,,,,,CL.v.0,2022-04-04,,,,,Monday
,,,,,,,,,,,,3.0,,,,,,,,,,,,,,2022-04-08,previous_gap,,,,,,,,CL.v.0,2022-04-11,,,,,Monday
,,,,,,,,,,,,4.0,,,,,,,,,,,,,,2022-04-14,previous_gap,,,,,,,,CL.v.0,2022-04-18,,,,,Monday
,,,,,,,,,,,,3.0,,,,,,,,,,,,,,2022-04-22,previous_gap,,,,,,,,CL.v.0,2022-04-25,,,,,Monday
,,,,,,,,,,,,3.0,,,,,,,,,,,,,,2022-04-29,previous_gap,,,,,,,,CL.v.0,2022-05-02,,,,,Monday
,,,,,,,,,,,,3.0,,,,,,,,,,,,,,2022-05-06,previous_gap,,,,,,,,CL.v.0,2022-05-09,,,,,Monday
,,,,,,,,,,,,3.0,,,,,,,,,,,,,,2022-05-13,previous_gap,,,,,,,,CL.v.0,2022-05-16,,,,,Monday
,,,,,,,,,,,,3.0,,,,,,,,,,,,,,2022-05-20,previous_gap,,,,,,,,CL.v.0,2022-05-23,,,,,Monday
,,,,,,,,,,,,3.0,,,,,,,,,,,,,,2022-05-27,previous_gap,,,,,,,,CL.v.0,2022-05-30,,,,,Monday
,,,,,,,,,,,,3.0,,,,,,,,,,,,,,2022-06-03,previous_gap,,,,,,,,CL.v.0,2022-06-06,,,,,Monday
,,,,,,,,,,,,3.0,,,,,,,,,,,,,,2022-06-10,previous_gap,,,,,,,,CL.v.0,2022-06-13,,,,,Monday
,,,,,,,,,,,,3.0,,,,,,,,,,,,,,2022-06-24,previous_gap,,,,,,,,CL.v.0,2022-06-27,,,,,Monday
,,,,,,,,,,,,3.0,,,,,,,,,,,,,,2022-07-01,previous_gap,,,,,,,,CL.v.0,2022-07-04,,,,,Monday
,,,,,,,,,,,,3.0,,,,,,,,,,,,,,2022-07-08,previous_gap,,,,,,,,CL.v.0,2022-07-11,,,,,Monday
,,,,,,,,,,,,3.0,,,,,,,,,,,,,,2022-07-15,previous_gap,,,,,,,,CL.v.0,2022-07-18,,,,,Monday
,,,,,,,,,,,,3.0,,,,,,,,,,,,,,2022-07-22,previous_gap,,,,,,,,CL.v.0,2022-07-25,,,,,Monday
,,,,,,,,,,,,3.0,,,,,,,,,,,,,,2022-07-29,previous_gap,,,,,,,,CL.v.0,2022-08-01,,,,,Monday
,,,,,,,,,,,,3.0,,,,,,,,,,,,,,2022-08-05,previous_gap,,,,,,,,CL.v.0,2022-08-08,,,,,Monday
,,,,,,,,,,,,3.0,,,,,,,,,,,,,,2022-08-12,previous_gap,,,,,,,,CL.v.0,2022-08-15,,,,,Monday
,,,,,,,,,,,,3.0,,,,,,,,,,,,,,2022-08-26,previous_gap,,,,,,,,CL.v.0,2022-08-29,,,,,Monday
,,,,,,,,,,,,3.0,,,,,,,,,,,,,,2022-09-09,previous_gap,,,,,,,,CL.v.0,2022-09-12,,,,,Monday
,,,,,,,,,,,,3.0,,,,,,,,,,,,,,2022-09-23,previous_gap,,,,,,,,CL.v.0,2022-09-26,,,,,Monday
,,,,,,,,,,,,3.0,,,,,,,,,,,,,,2022-09-30,previous_gap,,,,,,,,CL.v.0,2022-10-03,,,,,Monday
,,,,,,,,,,,,3.0,,,,,,,,,,,,,,2022-10-07,previous_gap,,,,,,,,CL.v.0,2022-10-10,,,,,Monday
,,,,,,,,,,,,3.0,,,,,,,,,,,,,,2022-10-14,previous_gap,,,,,,,,CL.v.0,2022-10-17,,,,,Monday
,,,,,,,,,,,,3.0,,,,,,,,,,,,,,2021-01-08,previous_gap,,,,,,,,ZN.v.0,2021-01-11,,,,,Monday
,,,,,,,,,,,,4.0,,,,,,,,,,,,,,2021-01-15,previous_gap,,,,,,,,ZN.v.0,2021-01-19,,,,,Tuesday
,,,,,,,,,,,,3.0,,,,,,,,,,,,,,2021-01-22,previous_gap,,,,,,,,ZN.v.0,2021-01-25,,,,,Monday
,,,,,,,,,,,,3.0,,,,,,,,,,,,,,2021-01-29,previous_gap,,,,,,,,ZN.v.0,2021-02-01,,,,,Monday
,,,,,,,,,,,,3.0,,,,,,,,,,,,,,2021-02-05,previous_gap,,,,,,,,ZN.v.0,2021-02-08,,,,,Monday
,,,,,,,,,,,,4.0,,,,,,,,,,,,,,2021-02-12,previous_gap,,,,,,,,ZN.v.0,2021-02-16,,,,,Tuesday
,,,,,,,,,,,,3.0,,,,,,,,,,,,,,2021-02-19,previous_gap,,,,,,,,ZN.v.0,2021-02-22,,,,,Monday
,,,,,,,,,,,,3.0,,,,,,,,,,,,,,2021-03-05,previous_gap,,,,,,,,ZN.v.0,2021-03-08,,,,,Monday
,,,,,,,,,,,,3.0,,,,,,,,,,,,,,2021-03-12,previous_gap,,,,,,,,ZN.v.0,2021-03-15,,,,,Monday
,,,,,,,,,,,,3.0,,,,,,,,,,,,,,2021-03-19,previous_gap,,,,,,,,ZN.v.0,2021-03-22,,,,,Monday
,,,,,,,,,,,,3.0,,,,,,,,,,,,,,2021-03-26,previous_gap,,,,,,,,ZN.v.0,2021-03-29,,,,,Monday
,,,,,,,,,,,,4.0,,,,,,,,,,,,,,2021-04-01,previous_gap,,,,,,,,ZN.v.0,2021-04-05,,,,,Monday
,,,,,,,,,,,,3.0,,,,,,,,,,,,,,2021-04-09,previous_gap,,,,,,,,ZN.v.0,2021-04-12,,,,,Monday
,,,,,,,,,,,,3.0,,,,,,,,,,,,,,2021-04-16,previous_gap,,,,,,,,ZN.v.0,2021-04-19,,,,,Monday
,,,,,,,,,,,,3.0,,,,,,,,,,,,,,2021-04-23,previous_gap,,,,,,,,ZN.v.0,2021-04-26,,,,,Monday
,,,,,,,,,,,,3.0,,,,,,,,,,,,,,2021-04-30,previous_gap,,,,,,,,ZN.v.0,2021-05-03,,,,,Monday
,,,,,,,,,,,,3.0,,,,,,,,,,,,,,2021-05-07,previous_gap,,,,,,,,ZN.v.0,2021-05-10,,,,,Monday
,,,,,,,,,,,,3.0,,,,,,,,,,,,,,2021-05-14,previous_gap,,,,,,,,ZN.v.0,2021-05-17,,,,,Monday
,,,,,,,,,,,,3.0,,,,,,,,,,,,,,2021-05-21,previous_gap,,,,,,,,ZN.v.0,2021-05-24,,,,,Monday
,,,,,,,,,,,,3.0,,,,,,,,,,,,,,2021-06-04,previous_gap,,,,,,,,ZN.v.0,2021-06-07,,,,,Monday
,,,,,,,,,,,,3.0,,,,,,,,,,,,,,2021-06-11,previous_gap,,,,,,,,ZN.v.0,2021-06-14,,,,,Monday
,,,,,,,,,,,,3.0,,,,,,,,,,,,,,2021-06-18,previous_gap,,,,,,,,ZN.v.0,2021-06-21,,,,,Monday
,,,,,,,,,,,,3.0,,,,,,,,,,,,,,2021-06-25,previous_gap,,,,,,,,ZN.v.0,2021-06-28,,,,,Monday
,,,,,,,,,,,,4.0,,,,,,,,,,,,,,2021-07-02,previous_gap,,,,,,,,ZN.v.0,2021-07-06,,,,,Tuesday
,,,,,,,,,,,,3.0,,,,,,,,,,,,,,2021-07-09,previous_gap,,,,,,,,ZN.v.0,2021-07-12,,,,,Monday
,,,,,,,,,,,,3.0,,,,,,,,,,,,,,2021-07-16,previous_gap,,,,,,,,ZN.v.0,2021-07-19,,,,,Monday
,,,,,,,,,,,,3.0,,,,,,,,,,,,,,2021-07-23,previous_gap,,,,,,,,ZN.v.0,2021-07-26,,,,,Monday
,,,,,,,,,,,,3.0,,,,,,,,,,,,,,2021-07-30,previous_gap,,,,,,,,ZN.v.0,2021-08-02,,,,,Monday
,,,,,,,,,,,,3.0,,,,,,,,,,,,,,2021-08-06,previous_gap,,,,,,,,ZN.v.0,2021-08-09,,,,,Monday
,,,,,,,,,,,,3.0,,,,,,,,,,,,,,2021-08-13,previous_gap,,,,,,,,ZN.v.0,2021-08-16,,,,,Monday
,,,,,,,,,,,,3.0,,,,,,,,,,,,,,2021-08-20,previous_gap,,,,,,,,ZN.v.0,2021-08-23,,,,,Monday
,,,,,,,,,,,,3.0,,,,,,,,,,,,,,2021-08-27,previous_gap,,,,,,,,ZN.v.0,2021-08-30,,,,,Monday
,,,,,,,,,,,,4.0,,,,,,,,,,,,,,2021-09-03,previous_gap,,,,,,,,ZN.v.0,2021-09-07,,,,,Tuesday
,,,,,,,,,,,,3.0,,,,,,,,,,,,,,2021-09-10,previous_gap,,,,,,,,ZN.v.0,2021-09-13,,,,,Monday
,,,,,,,,,,,,3.0,,,,,,,,,,,,,,2021-09-17,previous_gap,,,,,,,,ZN.v.0,2021-09-20,,,,,Monday
,,,,,,,,,,,,3.0,,,,,,,,,,,,,,2021-09-24,previous_gap,,,,,,,,ZN.v.0,2021-09-27,,,,,Monday
,,,,,,,,,,,,3.0,,,,,,,,,,,,,,2021-10-01,previous_gap,,,,,,,,ZN.v.0,2021-10-04,,,,,Monday
,,,,,,,,,,,,3.0,,,,,,,,,,,,,,2021-10-08,previous_gap,,,,,,,,ZN.v.0,2021-10-11,,,,,Monday
,,,,,,,,,,,,3.0,,,,,,,,,,,,,,2021-10-15,previous_gap,,,,,,,,ZN.v.0,2021-10-18,,,,,Monday
,,,,,,,,,,,,3.0,,,,,,,,,,,,,,2021-10-22,previous_gap,,,,,,,,ZN.v.0,2021-10-25,,,,,Monday
,,,,,,,,,,,,3.0,,,,,,,,,,,,,,2021-10-29,previous_gap,,,,,,,,ZN.v.0,2021-11-01,,,,,Monday
,,,,,,,,,,,,3.0,,,,,,,,,,,,,,2021-11-05,previous_gap,,,,,,,,ZN.v.0,2021-11-08,,,,,Monday
,,,,,,,,,,,,3.0,,,,,,,,,,,,,,2021-11-12,previous_gap,,,,,,,,ZN.v.0,2021-11-15,,,,,Monday
,,,,,,,,,,,,3.0,,,,,,,,,,,,,,2021-11-19,previous_gap,,,,,,,,ZN.v.0,2021-11-22,,,,,Monday
,,,,,,,,,,,,5.0,,,,,,,,,,,,,,2021-11-24,previous_gap,,,,,,,,ZN.v.0,2021-11-29,,,,,Monday
,,,,,,,,,,,,3.0,,,,,,,,,,,,,,2021-12-03,previous_gap,,,,,,,,ZN.v.0,2021-12-06,,,,,Monday
,,,,,,,,,,,,3.0,,,,,,,,,,,,,,2021-12-10,previous_gap,,,,,,,,ZN.v.0,2021-12-13,,,,,Monday
,,,,,,,,,,,,3.0,,,,,,,,,,,,,,2021-12-17,previous_gap,,,,,,,,ZN.v.0,2021-12-20,,,,,Monday
,,,,,,,,,,,,4.0,,,,,,,,,,,,,,2021-12-23,previous_gap,,,,,,,,ZN.v.0,2021-12-27,,,,,Monday
,,,,,,,,,,,,3.0,,,,,,,,,,,,,,2021-12-31,previous_gap,,,,,,,,ZN.v.0,2022-01-03,,,,,Monday
,,,,,,,,,,,,3.0,,,,,,,,,,,,,,2022-01-07,previous_gap,,,,,,,,ZN.v.0,2022-01-10,,,,,Monday
,,,,,,,,,,,,4.0,,,,,,,,,,,,,,2022-01-14,previous_gap,,,,,,,,ZN.v.0,2022-01-18,,,,,Tuesday
,,,,,,,,,,,,3.0,,,,,,,,,,,,,,2022-01-21,previous_gap,,,,,,,,ZN.v.0,2022-01-24,,,,,Monday
,,,,,,,,,,,,3.0,,,,,,,,,,,,,,2022-01-28,previous_gap,,,,,,,,ZN.v.0,2022-01-31,,,,,Monday
,,,,,,,,,,,,3.0,,,,,,,,,,,,,,2022-02-04,previous_gap,,,,,,,,ZN.v.0,2022-02-07,,,,,Monday
,,,,,,,,,,,,3.0,,,,,,,,,,,,,,2022-02-11,previous_gap,,,,,,,,ZN.v.0,2022-02-14,,,,,Monday
,,,,,,,,,,,,4.0,,,,,,,,,,,,,,2022-02-18,previous_gap,,,,,,,,ZN.v.0,2022-02-22,,,,,Tuesday
,,,,,,,,,,,,3.0,,,,,,,,,,,,,,2022-03-04,previous_gap,,,,,,,,ZN.v.0,2022-03-07,,,,,Monday
,,,,,,,,,,,,3.0,,,,,,,,,,,,,,2022-03-11,previous_gap,,,,,,,,ZN.v.0,2022-03-14,,,,,Monday
,,,,,,,,,,,,3.0,,,,,,,,,,,,,,2022-03-18,previous_gap,,,,,,,,ZN.v.0,2022-03-21,,,,,Monday
,,,,,,,,,,,,3.0,,,,,,,,,,,,,,2022-03-25,previous_gap,,,,,,,,ZN.v.0,2022-03-28,,,,,Monday
,,,,,,,,,,,,3.0,,,,,,,,,,,,,,2022-04-01,previous_gap,,,,,,,,ZN.v.0,2022-04-04,,,,,Monday
,,,,,,,,,,,,3.0,,,,,,,,,,,,,,2022-04-08,previous_gap,,,,,,,,ZN.v.0,2022-04-11,,,,,Monday
,,,,,,,,,,,,4.0,,,,,,,,,,,,,,2022-04-14,previous_gap,,,,,,,,ZN.v.0,2022-04-18,,,,,Monday
,,,,,,,,,,,,3.0,,,,,,,,,,,,,,2022-04-22,previous_gap,,,,,,,,ZN.v.0,2022-04-25,,,,,Monday
,,,,,,,,,,,,3.0,,,,,,,,,,,,,,2022-04-29,previous_gap,,,,,,,,ZN.v.0,2022-05-02,,,,,Monday
,,,,,,,,,,,,3.0,,,,,,,,,,,,,,2022-05-06,previous_gap,,,,,,,,ZN.v.0,2022-05-09,,,,,Monday
,,,,,,,,,,,,3.0,,,,,,,,,,,,,,2022-05-13,previous_gap,,,,,,,,ZN.v.0,2022-05-16,,,,,Monday
,,,,,,,,,,,,3.0,,,,,,,,,,,,,,2022-05-20,previous_gap,,,,,,,,ZN.v.0,2022-05-23,,,,,Monday
,,,,,,,,,,,,3.0,,,,,,,,,,,,,,2022-06-03,previous_gap,,,,,,,,ZN.v.0,2022-06-06,,,,,Monday
,,,,,,,,,,,,3.0,,,,,,,,,,,,,,2022-06-10,previous_gap,,,,,,,,ZN.v.0,2022-06-13,,,,,Monday
,,,,,,,,,,,,4.0,,,,,,,,,,,,,,2022-06-17,previous_gap,,,,,,,,ZN.v.0,2022-06-21,,,,,Tuesday
,,,,,,,,,,,,3.0,,,,,,,,,,,,,,2022-06-24,previous_gap,,,,,,,,ZN.v.0,2022-06-27,,,,,Monday
,,,,,,,,,,,,4.0,,,,,,,,,,,,,,2022-07-01,previous_gap,,,,,,,,ZN.v.0,2022-07-05,,,,,Tuesday
,,,,,,,,,,,,3.0,,,,,,,,,,,,,,2022-07-08,previous_gap,,,,,,,,ZN.v.0,2022-07-11,,,,,Monday
,,,,,,,,,,,,3.0,,,,,,,,,,,,,,2022-07-15,previous_gap,,,,,,,,ZN.v.0,2022-07-18,,,,,Monday
,,,,,,,,,,,,3.0,,,,,,,,,,,,,,2022-07-22,previous_gap,,,,,,,,ZN.v.0,2022-07-25,,,,,Monday
,,,,,,,,,,,,3.0,,,,,,,,,,,,,,2022-07-29,previous_gap,,,,,,,,ZN.v.0,2022-08-01,,,,,Monday
,,,,,,,,,,,,3.0,,,,,,,,,,,,,,2022-08-05,previous_gap,,,,,,,,ZN.v.0,2022-08-08,,,,,Monday
,,,,,,,,,,,,3.0,,,,,,,,,,,,,,2022-08-12,previous_gap,,,,,,,,ZN.v.0,2022-08-15,,,,,Monday
,,,,,,,,,,,,3.0,,,,,,,,,,,,,,2021-01-08,previous_gap,,,,,,,,6E.v.0,2021-01-11,,,,,Monday
,,,,,,,,,,,,4.0,,,,,,,,,,,,,,2021-01-15,previous_gap,,,,,,,,6E.v.0,2021-01-19,,,,,Tuesday
,,,,,,,,,,,,3.0,,,,,,,,,,,,,,2021-01-22,previous_gap,,,,,,,,6E.v.0,2021-01-25,,,,,Monday
,,,,,,,,,,,,3.0,,,,,,,,,,,,,,2021-01-29,previous_gap,,,,,,,,6E.v.0,2021-02-01,,,,,Monday
,,,,,,,,,,,,3.0,,,,,,,,,,,,,,2021-02-05,previous_gap,,,,,,,,6E.v.0,2021-02-08,,,,,Monday
,,,,,,,,,,,,4.0,,,,,,,,,,,,,,2021-02-12,previous_gap,,,,,,,,6E.v.0,2021-02-16,,,,,Tuesday
,,,,,,,,,,,,3.0,,,,,,,,,,,,,,2021-02-19,previous_gap,,,,,,,,6E.v.0,2021-02-22,,,,,Monday
,,,,,,,,,,,,3.0,,,,,,,,,,,,,,2021-02-26,previous_gap,,,,,,,,6E.v.0,2021-03-01,,,,,Monday
,,,,,,,,,,,,3.0,,,,,,,,,,,,,,2021-03-05,previous_gap,,,,,,,,6E.v.0,2021-03-08,,,,,Monday
,,,,,,,,,,,,3.0,,,,,,,,,,,,,,2021-03-19,previous_gap,,,,,,,,6E.v.0,2021-03-22,,,,,Monday
,,,,,,,,,,,,3.0,,,,,,,,,,,,,,2021-03-26,previous_gap,,,,,,,,6E.v.0,2021-03-29,,,,,Monday
,,,,,,,,,,,,4.0,,,,,,,,,,,,,,2021-04-01,previous_gap,,,,,,,,6E.v.0,2021-04-05,,,,,Monday
,,,,,,,,,,,,3.0,,,,,,,,,,,,,,2021-04-09,previous_gap,,,,,,,,6E.v.0,2021-04-12,,,,,Monday
,,,,,,,,,,,,3.0,,,,,,,,,,,,,,2021-04-16,previous_gap,,,,,,,,6E.v.0,2021-04-19,,,,,Monday
,,,,,,,,,,,,3.0,,,,,,,,,,,,,,2021-04-30,previous_gap,,,,,,,,6E.v.0,2021-05-03,,,,,Monday
,,,,,,,,,,,,3.0,,,,,,,,,,,,,,2021-05-07,previous_gap,,,,,,,,6E.v.0,2021-05-10,,,,,Monday
,,,,,,,,,,,,3.0,,,,,,,,,,,,,,2021-05-14,previous_gap,,,,,,,,6E.v.0,2021-05-17,,,,,Monday
,,,,,,,,,,,,3.0,,,,,,,,,,,,,,2021-05-21,previous_gap,,,,,,,,6E.v.0,2021-05-24,,,,,Monday
,,,,,,,,,,,,4.0,,,,,,,,,,,,,,2021-05-28,previous_gap,,,,,,,,6E.v.0,2021-06-01,,,,,Tuesday
,,,,,,,,,,,,3.0,,,,,,,,,,,,,,2021-06-04,previous_gap,,,,,,,,6E.v.0,2021-06-07,,,,,Monday
,,,,,,,,,,,,3.0,,,,,,,,,,,,,,2021-06-18,previous_gap,,,,,,,,6E.v.0,2021-06-21,,,,,Monday
,,,,,,,,,,,,3.0,,,,,,,,,,,,,,2021-06-25,previous_gap,,,,,,,,6E.v.0,2021-06-28,,,,,Monday
,,,,,,,,,,,,4.0,,,,,,,,,,,,,,2021-07-02,previous_gap,,,,,,,,6E.v.0,2021-07-06,,,,,Tuesday
,,,,,,,,,,,,3.0,,,,,,,,,,,,,,2021-07-09,previous_gap,,,,,,,,6E.v.0,2021-07-12,,,,,Monday
,,,,,,,,,,,,3.0,,,,,,,,,,,,,,2021-07-16,previous_gap,,,,,,,,6E.v.0,2021-07-19,,,,,Monday
,,,,,,,,,,,,3.0,,,,,,,,,,,,,,2021-07-23,previous_gap,,,,,,,,6E.v.0,2021-07-26,,,,,Monday
,,,,,,,,,,,,3.0,,,,,,,,,,,,,,2021-07-30,previous_gap,,,,,,,,6E.v.0,2021-08-02,,,,,Monday
,,,,,,,,,,,,3.0,,,,,,,,,,,,,,2021-08-06,previous_gap,,,,,,,,6E.v.0,2021-08-09,,,,,Monday
,,,,,,,,,,,,3.0,,,,,,,,,,,,,,2021-08-13,previous_gap,,,,,,,,6E.v.0,2021-08-16,,,,,Monday
,,,,,,,,,,,,3.0,,,,,,,,,,,,,,2021-08-20,previous_gap,,,,,,,,6E.v.0,2021-08-23,,,,,Monday
,,,,,,,,,,,,3.0,,,,,,,,,,,,,,2021-08-27,previous_gap,,,,,,,,6E.v.0,2021-08-30,,,,,Monday
,,,,,,,,,,,,4.0,,,,,,,,,,,,,,2021-09-03,previous_gap,,,,,,,,6E.v.0,2021-09-07,,,,,Tuesday
,,,,,,,,,,,,3.0,,,,,,,,,,,,,,2021-09-17,previous_gap,,,,,,,,6E.v.0,2021-09-20,,,,,Monday
,,,,,,,,,,,,3.0,,,,,,,,,,,,,,2021-09-24,previous_gap,,,,,,,,6E.v.0,2021-09-27,,,,,Monday
,,,,,,,,,,,,3.0,,,,,,,,,,,,,,2021-10-01,previous_gap,,,,,,,,6E.v.0,2021-10-04,,,,,Monday
,,,,,,,,,,,,3.0,,,,,,,,,,,,,,2021-10-08,previous_gap,,,,,,,,6E.v.0,2021-10-11,,,,,Monday
,,,,,,,,,,,,3.0,,,,,,,,,,,,,,2021-10-15,previous_gap,,,,,,,,6E.v.0,2021-10-18,,,,,Monday
,,,,,,,,,,,,3.0,,,,,,,,,,,,,,2021-10-22,previous_gap,,,,,,,,6E.v.0,2021-10-25,,,,,Monday
,,,,,,,,,,,,3.0,,,,,,,,,,,,,,2021-10-29,previous_gap,,,,,,,,6E.v.0,2021-11-01,,,,,Monday
,,,,,,,,,,,,3.0,,,,,,,,,,,,,,2021-11-05,previous_gap,,,,,,,,6E.v.0,2021-11-08,,,,,Monday
,,,,,,,,,,,,3.0,,,,,,,,,,,,,,2021-11-12,previous_gap,,,,,,,,6E.v.0,2021-11-15,,,,,Monday
,,,,,,,,,,,,3.0,,,,,,,,,,,,,,2021-11-19,previous_gap,,,,,,,,6E.v.0,2021-11-22,,,,,Monday
,,,,,,,,,,,,5.0,,,,,,,,,,,,,,2021-11-24,previous_gap,,,,,,,,6E.v.0,2021-11-29,,,,,Monday
,,,,,,,,,,,,3.0,,,,,,,,,,,,,,2021-12-03,previous_gap,,,,,,,,6E.v.0,2021-12-06,,,,,Monday
,,,,,,,,,,,,3.0,,,,,,,,,,,,,,2021-12-17,previous_gap,,,,,,,,6E.v.0,2021-12-20,,,,,Monday
,,,,,,,,,,,,4.0,,,,,,,,,,,,,,2021-12-23,previous_gap,,,,,,,,6E.v.0,2021-12-27,,,,,Monday
,,,,,,,,,,,,3.0,,,,,,,,,,,,,,2021-12-31,previous_gap,,,,,,,,6E.v.0,2022-01-03,,,,,Monday
,,,,,,,,,,,,3.0,,,,,,,,,,,,,,2022-01-07,previous_gap,,,,,,,,6E.v.0,2022-01-10,,,,,Monday
,,,,,,,,,,,,3.0,,,,,,,,,,,,,,2022-01-21,previous_gap,,,,,,,,6E.v.0,2022-01-24,,,,,Monday
,,,,,,,,,,,,3.0,,,,,,,,,,,,,,2022-01-28,previous_gap,,,,,,,,6E.v.0,2022-01-31,,,,,Monday
,,,,,,,,,,,,3.0,,,,,,,,,,,,,,2022-02-04,previous_gap,,,,,,,,6E.v.0,2022-02-07,,,,,Monday
,,,,,,,,,,,,3.0,,,,,,,,,,,,,,2022-02-11,previous_gap,,,,,,,,6E.v.0,2022-02-14,,,,,Monday
,,,,,,,,,,,,3.0,,,,,,,,,,,,,,2022-02-18,previous_gap,,,,,,,,6E.v.0,2022-02-21,,,,,Monday
,,,,,,,,,,,,3.0,,,,,,,,,,,,,,2022-02-25,previous_gap,,,,,,,,6E.v.0,2022-02-28,,,,,Monday
,,,,,,,,,,,,3.0,,,,,,,,,,,,,,2022-03-04,previous_gap,,,,,,,,6E.v.0,2022-03-07,,,,,Monday
,,,,,,,,,,,,3.0,,,,,,,,,,,,,,2022-03-18,previous_gap,,,,,,,,6E.v.0,2022-03-21,,,,,Monday
,,,,,,,,,,,,3.0,,,,,,,,,,,,,,2022-03-25,previous_gap,,,,,,,,6E.v.0,2022-03-28,,,,,Monday
,,,,,,,,,,,,3.0,,,,,,,,,,,,,,2022-04-01,previous_gap,,,,,,,,6E.v.0,2022-04-04,,,,,Monday
,,,,,,,,,,,,3.0,,,,,,,,,,,,,,2022-04-08,previous_gap,,,,,,,,6E.v.0,2022-04-11,,,,,Monday
,,,,,,,,,,,,4.0,,,,,,,,,,,,,,2022-04-14,previous_gap,,,,,,,,6E.v.0,2022-04-18,,,,,Monday
,,,,,,,,,,,,3.0,,,,,,,,,,,,,,2022-04-22,previous_gap,,,,,,,,6E.v.0,2022-04-25,,,,,Monday
,,,,,,,,,,,,3.0,,,,,,,,,,,,,,2022-04-29,previous_gap,,,,,,,,6E.v.0,2022-05-02,,,,,Monday
,,,,,,,,,,,,3.0,,,,,,,,,,,,,,2022-05-06,previous_gap,,,,,,,,6E.v.0,2022-05-09,,,,,Monday
,,,,,,,,,,,,3.0,,,,,,,,,,,,,,2022-05-13,previous_gap,,,,,,,,6E.v.0,2022-05-16,,,,,Monday
,,,,,,,,,,,,3.0,,,,,,,,,,,,,,2022-05-20,previous_gap,,,,,,,,6E.v.0,2022-05-23,,,,,Monday
,,,,,,,,,,,,3.0,,,,,,,,,,,,,,2022-05-27,previous_gap,,,,,,,,6E.v.0,2022-05-30,,,,,Monday
,,,,,,,,,,,,3.0,,,,,,,,,,,,,,2022-06-03,previous_gap,,,,,,,,6E.v.0,2022-06-06,,,,,Monday
,,,,,,,,,,,,3.0,,,,,,,,,,,,,,2022-06-17,previous_gap,,,,,,,,6E.v.0,2022-06-20,,,,,Monday
,,,,,,,,,,,,3.0,,,,,,,,,,,,,,2022-06-24,previous_gap,,,,,,,,6E.v.0,2022-06-27,,,,,Monday
,,,,,,,,,,,,3.0,,,,,,,,,,,,,,2022-07-08,previous_gap,,,,,,,,6E.v.0,2022-07-11,,,,,Monday
,,,,,,,,,,,,3.0,,,,,,,,,,,,,,2022-07-15,previous_gap,,,,,,,,6E.v.0,2022-07-18,,,,,Monday
,,,,,,,,,,,,3.0,,,,,,,,,,,,,,2022-07-22,previous_gap,,,,,,,,6E.v.0,2022-07-25,,,,,Monday
,,,,,,,,,,,,3.0,,,,,,,,,,,,,,2022-07-29,previous_gap,,,,,,,,6E.v.0,2022-08-01,,,,,Monday
,,,,,,,,,,,,3.0,,,,,,,,,,,,,,2022-08-05,previous_gap,,,,,,,,6E.v.0,2022-08-08,,,,,Monday
,,,,,,,,,,,,3.0,,,,,,,,,,,,,,2022-08-12,previous_gap,,,,,,,,6E.v.0,2022-08-15,,,,,Monday
,,,,,,,,,,,,3.0,,,,,,,,,,,,,,2022-08-19,previous_gap,,,,,,,,6E.v.0,2022-08-22,,,,,Monday
,,,,,,,,,,,,3.0,,,,,,,,,,,,,,2022-08-26,previous_gap,,,,,,,,6E.v.0,2022-08-29,,,,,Monday
,,,,,,,,,,,,3.0,,,,,,,,,,,,,,2022-09-09,previous_gap,,,,,,,,6E.v.0,2022-09-12,,,,,Monday
,,,,,,,,,,,,3.0,,,,,,,,,,,,,,2022-09-23,previous_gap,,,,,,,,6E.v.0,2022-09-26,,,,,Monday
,,,,,,,,,,,,3.0,,,,,,,,,,,,,,2022-09-30,previous_gap,,,,,,,,6E.v.0,2022-10-03,,,,,Monday
,,,13:00,,,,,,,,,,drop_main_sample,,,,,,,,,,,,,,early_close,,,,,,,,ES.v.0,2010-11-26,,,,,
,,,13:00,,,,,,,,,,drop_main_sample,,,,,,,,,,,,,,early_close,,,,,,,,ES.v.0,2011-11-25,,,,,
,,,13:00,,,,,,,,,,drop_main_sample,,,,,,,,,,,,,,early_close,,,,,,,,ES.v.0,2012-07-03,,,,,
,,,13:00,,,,,,,,,,drop_main_sample,,,,,,,,,,,,,,early_close,,,,,,,,ES.v.0,2012-11-23,,,,,
,,,13:00,,,,,,,,,,drop_main_sample,,,,,,,,,,,,,,early_close,,,,,,,,ES.v.0,2012-12-24,,,,,
,,,13:00,,,,,,,,,,drop_main_sample,,,,,,,,,,,,,,early_close,,,,,,,,ES.v.0,2013-07-03,,,,,
,,,13:00,,,,,,,,,,drop_main_sample,,,,,,,,,,,,,,early_close,,,,,,,,ES.v.0,2013-11-29,,,,,
,,,13:00,,,,,,,,,,drop_main_sample,,,,,,,,,,,,,,early_close,,,,,,,,ES.v.0,2013-12-24,,,,,
,,,13:00,,,,,,,,,,drop_main_sample,,,,,,,,,,,,,,early_close,,,,,,,,ES.v.0,2014-07-03,,,,,
,,,13:00,,,,,,,,,,drop_main_sample,,,,,,,,,,,,,,early_close,,,,,,,,ES.v.0,2014-11-28,,,,,
,,,13:00,,,,,,,,,,drop_main_sample,,,,,,,,,,,,,,early_close,,,,,,,,ES.v.0,2014-12-24,,,,,
,,,13:00,,,,,,,,,,drop_main_sample,,,,,,,,,,,,,,early_close,,,,,,,,ES.v.0,2015-11-27,,,,,
,,,13:00,,,,,,,,,,drop_main_sample,,,,,,,,,,,,,,early_close,,,,,,,,ES.v.0,2015-12-24,,,,,
,,,13:00,,,,,,,,,,drop_main_sample,,,,,,,,,,,,,,early_close,,,,,,,,ES.v.0,2016-11-25,,,,,
,,,13:00,,,,,,,,,,drop_main_sample,,,,,,,,,,,,,,early_close,,,,,,,,ES.v.0,2017-07-03,,,,,
,,,13:00,,,,,,,,,,drop_main_sample,,,,,,,,,,,,,,early_close,,,,,,,,ES.v.0,2017-11-24,,,,,
,,,13:00,,,,,,,,,,drop_main_sample,,,,,,,,,,,,,,early_close,,,,,,,,ES.v.0,2018-07-03,,,,,
,,,13:00,,,,,,,,,,drop_main_sample,,,,,,,,,,,,,,early_close,,,,,,,,ES.v.0,2018-11-23,,,,,
,,,13:00,,,,,,,,,,drop_main_sample,,,,,,,,,,,,,,early_close,,,,,,,,ES.v.0,2018-12-24,,,,,
,,,13:00,,,,,,,,,,drop_main_sample,,,,,,,,,,,,,,early_close,,,,,,,,ES.v.0,2019-07-03,,,,,
,,,13:00,,,,,,,,,,drop_main_sample,,,,,,,,,,,,,,early_close,,,,,,,,ES.v.0,2019-11-29,,,,,
,,,13:00,,,,,,,,,,drop_main_sample,,,,,,,,,,,,,,early_close,,,,,,,,ES.v.0,2019-12-24,,,,,
,,,13:00,,,,,,,,,,drop_main_sample,,,,,,,,,,,,,,early_close,,,,,,,,ES.v.0,2021-11-26,,,,,
,,,13:00,,,,,,,,,,drop_main_sample,,,,,,,,,,,,,,early_close,,,,,,,,ES.v.0,2022-11-25,,,,,
,,,13:00,,,,,,,,,,drop_main_sample,,,,,,,,,,,,,,early_close,,,,,,,,ES.v.0,2023-07-03,,,,,
,,,13:00,,,,,,,,,,drop_main_sample,,,,,,,,,,,,,,early_close,,,,,,,,ES.v.0,2023-11-24,,,,,
,,,13:00,,,,,,,,,,drop_main_sample,,,,,,,,,,,,,,early_close,,,,,,,,ES.v.0,2024-07-03,,,,,
,,,13:00,,,,,,,,,,drop_main_sample,,,,,,,,,,,,,,early_close,,,,,,,,ES.v.0,2024-11-29,,,,,
,,,13:00,,,,,,,,,,drop_main_sample,,,,,,,,,,,,,,early_close,,,,,,,,ES.v.0,2024-12-24,,,,,
,,,13:00,,,,,,,,,,drop_main_sample,,,,,,,,,,,,,,early_close,,,,,,,,ES.v.0,2025-07-03,,,,,
,,,13:00,,,,,,,,,,drop_main_sample,,,,,,,,,,,,,,early_close,,,,,,,,ES.v.0,2025-11-28,,,,,
,,,13:00,,,,,,,,,,drop_main_sample,,,,,,,,,,,,,,early_close,,,,,,,,ES.v.0,2025-12-24,,,,,
,,,13:00,,,,,,,,,,drop_main_sample,,,,,,,,,,,,,,early_close,,,,,,,,NQ.v.0,2010-11-26,,,,,
,,,13:00,,,,,,,,,,drop_main_sample,,,,,,,,,,,,,,early_close,,,,,,,,NQ.v.0,2011-11-25,,,,,
,,,13:00,,,,,,,,,,drop_main_sample,,,,,,,,,,,,,,early_close,,,,,,,,NQ.v.0,2012-07-03,,,,,
,,,13:00,,,,,,,,,,drop_main_sample,,,,,,,,,,,,,,early_close,,,,,,,,NQ.v.0,2012-11-23,,,,,
,,,13:00,,,,,,,,,,drop_main_sample,,,,,,,,,,,,,,early_close,,,,,,,,NQ.v.0,2012-12-24,,,,,
,,,13:00,,,,,,,,,,drop_main_sample,,,,,,,,,,,,,,early_close,,,,,,,,NQ.v.0,2013-07-03,,,,,
,,,13:00,,,,,,,,,,drop_main_sample,,,,,,,,,,,,,,early_close,,,,,,,,NQ.v.0,2013-11-29,,,,,
,,,13:00,,,,,,,,,,drop_main_sample,,,,,,,,,,,,,,early_close,,,,,,,,NQ.v.0,2013-12-24,,,,,
,,,13:00,,,,,,,,,,drop_main_sample,,,,,,,,,,,,,,early_close,,,,,,,,NQ.v.0,2014-07-03,,,,,
,,,13:00,,,,,,,,,,drop_main_sample,,,,,,,,,,,,,,early_close,,,,,,,,NQ.v.0,2014-11-28,,,,,
,,,13:00,,,,,,,,,,drop_main_sample,,,,,,,,,,,,,,early_close,,,,,,,,NQ.v.0,2014-12-24,,,,,
,,,13:00,,,,,,,,,,drop_main_sample,,,,,,,,,,,,,,early_close,,,,,,,,NQ.v.0,2015-11-27,,,,,
,,,13:00,,,,,,,,,,drop_main_sample,,,,,,,,,,,,,,early_close,,,,,,,,NQ.v.0,2015-12-24,,,,,
,,,13:00,,,,,,,,,,drop_main_sample,,,,,,,,,,,,,,early_close,,,,,,,,NQ.v.0,2016-11-25,,,,,
,,,13:00,,,,,,,,,,drop_main_sample,,,,,,,,,,,,,,early_close,,,,,,,,NQ.v.0,2017-07-03,,,,,
,,,13:00,,,,,,,,,,drop_main_sample,,,,,,,,,,,,,,early_close,,,,,,,,NQ.v.0,2017-11-24,,,,,
,,,13:00,,,,,,,,,,drop_main_sample,,,,,,,,,,,,,,early_close,,,,,,,,NQ.v.0,2018-07-03,,,,,
,,,13:00,,,,,,,,,,drop_main_sample,,,,,,,,,,,,,,early_close,,,,,,,,NQ.v.0,2018-11-23,,,,,
,,,13:00,,,,,,,,,,drop_main_sample,,,,,,,,,,,,,,early_close,,,,,,,,NQ.v.0,2018-12-24,,,,,
,,,13:00,,,,,,,,,,drop_main_sample,,,,,,,,,,,,,,early_close,,,,,,,,NQ.v.0,2019-07-03,,,,,
,,,13:00,,,,,,,,,,drop_main_sample,,,,,,,,,,,,,,early_close,,,,,,,,NQ.v.0,2019-11-29,,,,,
,,,13:00,,,,,,,,,,drop_main_sample,,,,,,,,,,,,,,early_close,,,,,,,,NQ.v.0,2019-12-24,,,,,
,,,13:00,,,,,,,,,,drop_main_sample,,,,,,,,,,,,,,early_close,,,,,,,,NQ.v.0,2021-11-26,,,,,
,,,13:00,,,,,,,,,,drop_main_sample,,,,,,,,,,,,,,early_close,,,,,,,,NQ.v.0,2022-11-25,,,,,
,,,13:00,,,,,,,,,,drop_main_sample,,,,,,,,,,,,,,early_close,,,,,,,,NQ.v.0,2023-07-03,,,,,
,,,13:00,,,,,,,,,,drop_main_sample,,,,,,,,,,,,,,early_close,,,,,,,,NQ.v.0,2023-11-24,,,,,
,,,13:00,,,,,,,,,,drop_main_sample,,,,,,,,,,,,,,early_close,,,,,,,,NQ.v.0,2024-07-03,,,,,
,,,13:00,,,,,,,,,,drop_main_sample,,,,,,,,,,,,,,early_close,,,,,,,,NQ.v.0,2024-11-29,,,,,
,,,13:00,,,,,,,,,,drop_main_sample,,,,,,,,,,,,,,early_close,,,,,,,,NQ.v.0,2024-12-24,,,,,
,,,13:00,,,,,,,,,,drop_main_sample,,,,,,,,,,,,,,early_close,,,,,,,,NQ.v.0,2025-07-03,,,,,
,,,13:00,,,,,,,,,,drop_main_sample,,,,,,,,,,,,,,early_close,,,,,,,,NQ.v.0,2025-11-28,,,,,
,,,13:00,,,,,,,,,,drop_main_sample,,,,,,,,,,,,,,early_close,,,,,,,,NQ.v.0,2025-12-24,,,,,
,,,13:00,,,,,,,,,,drop_main_sample,,,,,,,,,,,,,,early_close,,,,,,,,GC.v.0,2010-07-05,,,,,
,,,13:00,,,,,,,,,,drop_main_sample,,,,,,,,,,,,,,early_close,,,,,,,,GC.v.0,2010-09-06,,,,,
,,,13:00,,,,,,,,,,drop_main_sample,,,,,,,,,,,,,,early_close,,,,,,,,GC.v.0,2010-11-25,,,,,
,,,13:00,,,,,,,,,,drop_main_sample,,,,,,,,,,,,,,early_close,,,,,,,,GC.v.0,2011-01-17,,,,,
,,,13:00,,,,,,,,,,drop_main_sample,,,,,,,,,,,,,,early_close,,,,,,,,GC.v.0,2011-02-21,,,,,
,,,13:00,,,,,,,,,,drop_main_sample,,,,,,,,,,,,,,early_close,,,,,,,,GC.v.0,2011-05-30,,,,,
,,,13:00,,,,,,,,,,drop_main_sample,,,,,,,,,,,,,,early_close,,,,,,,,GC.v.0,2011-07-04,,,,,
,,,13:00,,,,,,,,,,drop_main_sample,,,,,,,,,,,,,,early_close,,,,,,,,GC.v.0,2011-09-05,,,,,
,,,13:00,,,,,,,,,,drop_main_sample,,,,,,,,,,,,,,early_close,,,,,,,,GC.v.0,2011-11-24,,,,,
,,,13:00,,,,,,,,,,drop_main_sample,,,,,,,,,,,,,,early_close,,,,,,,,GC.v.0,2012-01-16,,,,,
,,,13:00,,,,,,,,,,drop_main_sample,,,,,,,,,,,,,,early_close,,,,,,,,GC.v.0,2012-02-20,,,,,
,,,13:00,,,,,,,,,,drop_main_sample,,,,,,,,,,,,,,early_close,,,,,,,,GC.v.0,2012-05-28,,,,,
,,,13:00,,,,,,,,,,drop_main_sample,,,,,,,,,,,,,,early_close,,,,,,,,GC.v.0,2012-07-04,,,,,
,,,13:00,,,,,,,,,,drop_main_sample,,,,,,,,,,,,,,early_close,,,,,,,,GC.v.0,2012-09-03,,,,,
,,,13:00,,,,,,,,,,drop_main_sample,,,,,,,,,,,,,,early_close,,,,,,,,GC.v.0,2012-11-22,,,,,
,,,13:00,,,,,,,,,,drop_main_sample,,,,,,,,,,,,,,early_close,,,,,,,,GC.v.0,2013-01-21,,,,,
,,,13:00,,,,,,,,,,drop_main_sample,,,,,,,,,,,,,,early_close,,,,,,,,GC.v.0,2013-02-18,,,,,
,,,13:00,,,,,,,,,,drop_main_sample,,,,,,,,,,,,,,early_close,,,,,,,,GC.v.0,2013-05-27,,,,,
,,,13:00,,,,,,,,,,drop_main_sample,,,,,,,,,,,,,,early_close,,,,,,,,GC.v.0,2013-07-04,,,,,
,,,13:00,,,,,,,,,,drop_main_sample,,,,,,,,,,,,,,early_close,,,,,,,,GC.v.0,2013-09-02,,,,,
,,,13:00,,,,,,,,,,drop_main_sample,,,,,,,,,,,,,,early_close,,,,,,,,GC.v.0,2013-11-28,,,,,
,,,13:00,,,,,,,,,,drop_main_sample,,,,,,,,,,,,,,early_close,,,,,,,,GC.v.0,2014-01-20,,,,,
,,,13:00,,,,,,,,,,drop_main_sample,,,,,,,,,,,,,,early_close,,,,,,,,GC.v.0,2014-02-17,,,,,
,,,13:00,,,,,,,,,,drop_main_sample,,,,,,,,,,,,,,early_close,,,,,,,,GC.v.0,2014-05-26,,,,,
,,,13:00,,,,,,,,,,drop_main_sample,,,,,,,,,,,,,,early_close,,,,,,,,GC.v.0,2014-07-04,,,,,
,,,13:00,,,,,,,,,,drop_main_sample,,,,,,,,,,,,,,early_close,,,,,,,,GC.v.0,2014-09-01,,,,,
,,,13:00,,,,,,,,,,drop_main_sample,,,,,,,,,,,,,,early_close,,,,,,,,GC.v.0,2014-11-27,,,,,
,,,13:00,,,,,,,,,,drop_main_sample,,,,,,,,,,,,,,early_close,,,,,,,,GC.v.0,2015-01-19,,,,,
,,,13:00,,,,,,,,,,drop_main_sample,,,,,,,,,,,,,,early_close,,,,,,,,GC.v.0,2015-02-16,,,,,
,,,13:00,,,,,,,,,,drop_main_sample,,,,,,,,,,,,,,early_close,,,,,,,,GC.v.0,2015-05-25,,,,,
,,,13:00,,,,,,,,,,drop_main_sample,,,,,,,,,,,,,,early_close,,,,,,,,GC.v.0,2015-07-03,,,,,
,,,13:00,,,,,,,,,,drop_main_sample,,,,,,,,,,,,,,early_close,,,,,,,,GC.v.0,2015-09-07,,,,,
,,,13:00,,,,,,,,,,drop_main_sample,,,,,,,,,,,,,,early_close,,,,,,,,GC.v.0,2015-11-26,,,,,
,,,13:00,,,,,,,,,,drop_main_sample,,,,,,,,,,,,,,early_close,,,,,,,,GC.v.0,2016-01-18,,,,,
,,,13:00,,,,,,,,,,drop_main_sample,,,,,,,,,,,,,,early_close,,,,,,,,GC.v.0,2016-02-15,,,,,
,,,13:00,,,,,,,,,,drop_main_sample,,,,,,,,,,,,,,early_close,,,,,,,,GC.v.0,2016-05-30,,,,,
,,,13:00,,,,,,,,,,drop_main_sample,,,,,,,,,,,,,,early_close,,,,,,,,GC.v.0,2016-07-04,,,,,
,,,13:00,,,,,,,,,,drop_main_sample,,,,,,,,,,,,,,early_close,,,,,,,,GC.v.0,2016-09-05,,,,,
,,,13:00,,,,,,,,,,drop_main_sample,,,,,,,,,,,,,,early_close,,,,,,,,GC.v.0,2016-11-24,,,,,
,,,13:00,,,,,,,,,,drop_main_sample,,,,,,,,,,,,,,early_close,,,,,,,,GC.v.0,2017-01-16,,,,,
,,,13:00,,,,,,,,,,drop_main_sample,,,,,,,,,,,,,,early_close,,,,,,,,GC.v.0,2017-02-20,,,,,
,,,13:00,,,,,,,,,,drop_main_sample,,,,,,,,,,,,,,early_close,,,,,,,,GC.v.0,2017-05-29,,,,,
,,,13:00,,,,,,,,,,drop_main_sample,,,,,,,,,,,,,,early_close,,,,,,,,GC.v.0,2017-07-04,,,,,
,,,13:00,,,,,,,,,,drop_main_sample,,,,,,,,,,,,,,early_close,,,,,,,,GC.v.0,2017-09-04,,,,,
,,,13:00,,,,,,,,,,drop_main_sample,,,,,,,,,,,,,,early_close,,,,,,,,GC.v.0,2017-11-23,,,,,
,,,13:00,,,,,,,,,,drop_main_sample,,,,,,,,,,,,,,early_close,,,,,,,,GC.v.0,2018-01-15,,,,,
,,,13:00,,,,,,,,,,drop_main_sample,,,,,,,,,,,,,,early_close,,,,,,,,GC.v.0,2018-02-19,,,,,
,,,13:00,,,,,,,,,,drop_main_sample,,,,,,,,,,,,,,early_close,,,,,,,,GC.v.0,2018-05-28,,,,,
,,,13:00,,,,,,,,,,drop_main_sample,,,,,,,,,,,,,,early_close,,,,,,,,GC.v.0,2018-07-04,,,,,
,,,13:00,,,,,,,,,,drop_main_sample,,,,,,,,,,,,,,early_close,,,,,,,,GC.v.0,2018-09-03,,,,,
,,,13:00,,,,,,,,,,drop_main_sample,,,,,,,,,,,,,,early_close,,,,,,,,GC.v.0,2018-11-22,,,,,
,,,13:00,,,,,,,,,,drop_main_sample,,,,,,,,,,,,,,early_close,,,,,,,,GC.v.0,2019-01-21,,,,,
,,,13:00,,,,,,,,,,drop_main_sample,,,,,,,,,,,,,,early_close,,,,,,,,GC.v.0,2019-02-18,,,,,
,,,13:00,,,,,,,,,,drop_main_sample,,,,,,,,,,,,,,early_close,,,,,,,,GC.v.0,2019-05-27,,,,,
,,,13:00,,,,,,,,,,drop_main_sample,,,,,,,,,,,,,,early_close,,,,,,,,GC.v.0,2019-07-04,,,,,
,,,13:00,,,,,,,,,,drop_main_sample,,,,,,,,,,,,,,early_close,,,,,,,,GC.v.0,2019-09-02,,,,,
,,,13:00,,,,,,,,,,drop_main_sample,,,,,,,,,,,,,,early_close,,,,,,,,GC.v.0,2019-11-28,,,,,
,,,13:00,,,,,,,,,,drop_main_sample,,,,,,,,,,,,,,early_close,,,,,,,,GC.v.0,2020-01-20,,,,,
,,,13:00,,,,,,,,,,drop_main_sample,,,,,,,,,,,,,,early_close,,,,,,,,GC.v.0,2020-02-17,,,,,
,,,13:00,,,,,,,,,,drop_main_sample,,,,,,,,,,,,,,early_close,,,,,,,,GC.v.0,2020-05-25,,,,,
,,,13:00,,,,,,,,,,drop_main_sample,,,,,,,,,,,,,,early_close,,,,,,,,GC.v.0,2021-01-18,,,,,
,,,13:00,,,,,,,,,,drop_main_sample,,,,,,,,,,,,,,early_close,,,,,,,,GC.v.0,2021-02-15,,,,,
,,,13:00,,,,,,,,,,drop_main_sample,,,,,,,,,,,,,,early_close,,,,,,,,GC.v.0,2021-05-31,,,,,
,,,13:00,,,,,,,,,,drop_main_sample,,,,,,,,,,,,,,early_close,,,,,,,,GC.v.0,2021-07-05,,,,,
,,,13:00,,,,,,,,,,drop_main_sample,,,,,,,,,,,,,,early_close,,,,,,,,GC.v.0,2021-09-06,,,,,
,,,13:00,,,,,,,,,,drop_main_sample,,,,,,,,,,,,,,early_close,,,,,,,,GC.v.0,2021-11-25,,,,,
,,,13:00,,,,,,,,,,drop_main_sample,,,,,,,,,,,,,,early_close,,,,,,,,GC.v.0,2022-09-05,,,,,
,,,13:00,,,,,,,,,,drop_main_sample,,,,,,,,,,,,,,early_close,,,,,,,,GC.v.0,2023-09-04,,,,,
,,,13:00,,,,,,,,,,drop_main_sample,,,,,,,,,,,,,,early_close,,,,,,,,GC.v.0,2024-09-02,,,,,
,,,13:00,,,,,,,,,,drop_main_sample,,,,,,,,,,,,,,early_close,,,,,,,,GC.v.0,2025-09-01,,,,,
,,,13:00,,,,,,,,,,drop_main_sample,,,,,,,,,,,,,,early_close,,,,,,,,CL.v.0,2010-07-05,,,,,
,,,13:00,,,,,,,,,,drop_main_sample,,,,,,,,,,,,,,early_close,,,,,,,,CL.v.0,2010-09-06,,,,,
,,,13:00,,,,,,,,,,drop_main_sample,,,,,,,,,,,,,,early_close,,,,,,,,CL.v.0,2010-11-25,,,,,
,,,13:45,,,,,,,,,,drop_main_sample,,,,,,,,,,,,,,early_close,,,,,,,,CL.v.0,2010-11-26,,,,,
,,,13:00,,,,,,,,,,drop_main_sample,,,,,,,,,,,,,,early_close,,,,,,,,CL.v.0,2011-01-17,,,,,
,,,13:00,,,,,,,,,,drop_main_sample,,,,,,,,,,,,,,early_close,,,,,,,,CL.v.0,2011-02-21,,,,,
,,,13:00,,,,,,,,,,drop_main_sample,,,,,,,,,,,,,,early_close,,,,,,,,CL.v.0,2011-05-30,,,,,
,,,13:00,,,,,,,,,,drop_main_sample,,,,,,,,,,,,,,early_close,,,,,,,,CL.v.0,2011-07-04,,,,,
,,,13:00,,,,,,,,,,drop_main_sample,,,,,,,,,,,,,,early_close,,,,,,,,CL.v.0,2011-09-05,,,,,
,,,13:00,,,,,,,,,,drop_main_sample,,,,,,,,,,,,,,early_close,,,,,,,,CL.v.0,2011-11-24,,,,,
,,,13:45,,,,,,,,,,drop_main_sample,,,,,,,,,,,,,,early_close,,,,,,,,CL.v.0,2011-11-25,,,,,
,,,13:00,,,,,,,,,,drop_main_sample,,,,,,,,,,,,,,early_close,,,,,,,,CL.v.0,2012-01-16,,,,,
,,,13:00,,,,,,,,,,drop_main_sample,,,,,,,,,,,,,,early_close,,,,,,,,CL.v.0,2012-02-20,,,,,
,,,13:00,,,,,,,,,,drop_main_sample,,,,,,,,,,,,,,early_close,,,,,,,,CL.v.0,2012-05-28,,,,,
,,,13:00,,,,,,,,,,drop_main_sample,,,,,,,,,,,,,,early_close,,,,,,,,CL.v.0,2012-07-04,,,,,
,,,13:00,,,,,,,,,,drop_main_sample,,,,,,,,,,,,,,early_close,,,,,,,,CL.v.0,2012-09-03,,,,,
,,,13:00,,,,,,,,,,drop_main_sample,,,,,,,,,,,,,,early_close,,,,,,,,CL.v.0,2012-11-22,,,,,
,,,13:45,,,,,,,,,,drop_main_sample,,,,,,,,,,,,,,early_close,,,,,,,,CL.v.0,2012-11-23,,,,,
,,,13:00,,,,,,,,,,drop_main_sample,,,,,,,,,,,,,,early_close,,,,,,,,CL.v.0,2013-01-21,,,,,
,,,13:00,,,,,,,,,,drop_main_sample,,,,,,,,,,,,,,early_close,,,,,,,,CL.v.0,2013-02-18,,,,,
,,,13:00,,,,,,,,,,drop_main_sample,,,,,,,,,,,,,,early_close,,,,,,,,CL.v.0,2013-05-27,,,,,
,,,13:00,,,,,,,,,,drop_main_sample,,,,,,,,,,,,,,early_close,,,,,,,,CL.v.0,2013-07-04,,,,,
,,,13:00,,,,,,,,,,drop_main_sample,,,,,,,,,,,,,,early_close,,,,,,,,CL.v.0,2013-09-02,,,,,
,,,13:00,,,,,,,,,,drop_main_sample,,,,,,,,,,,,,,early_close,,,,,,,,CL.v.0,2013-11-28,,,,,
,,,13:45,,,,,,,,,,drop_main_sample,,,,,,,,,,,,,,early_close,,,,,,,,CL.v.0,2013-11-29,,,,,
,,,13:00,,,,,,,,,,drop_main_sample,,,,,,,,,,,,,,early_close,,,,,,,,CL.v.0,2014-01-20,,,,,
,,,13:00,,,,,,,,,,drop_main_sample,,,,,,,,,,,,,,early_close,,,,,,,,CL.v.0,2014-02-17,,,,,
,,,13:00,,,,,,,,,,drop_main_sample,,,,,,,,,,,,,,early_close,,,,,,,,CL.v.0,2014-05-26,,,,,
,,,13:00,,,,,,,,,,drop_main_sample,,,,,,,,,,,,,,early_close,,,,,,,,CL.v.0,2014-07-04,,,,,
,,,13:00,,,,,,,,,,drop_main_sample,,,,,,,,,,,,,,early_close,,,,,,,,CL.v.0,2014-09-01,,,,,
,,,13:00,,,,,,,,,,drop_main_sample,,,,,,,,,,,,,,early_close,,,,,,,,CL.v.0,2014-11-27,,,,,
,,,13:45,,,,,,,,,,drop_main_sample,,,,,,,,,,,,,,early_close,,,,,,,,CL.v.0,2014-11-28,,,,,
,,,13:00,,,,,,,,,,drop_main_sample,,,,,,,,,,,,,,early_close,,,,,,,,CL.v.0,2015-01-19,,,,,
,,,13:00,,,,,,,,,,drop_main_sample,,,,,,,,,,,,,,early_close,,,,,,,,CL.v.0,2015-02-16,,,,,
,,,13:00,,,,,,,,,,drop_main_sample,,,,,,,,,,,,,,early_close,,,,,,,,CL.v.0,2015-05-25,,,,,
,,,13:00,,,,,,,,,,drop_main_sample,,,,,,,,,,,,,,early_close,,,,,,,,CL.v.0,2015-07-03,,,,,
,,,13:00,,,,,,,,,,drop_main_sample,,,,,,,,,,,,,,early_close,,,,,,,,CL.v.0,2015-09-07,,,,,
,,,13:00,,,,,,,,,,drop_main_sample,,,,,,,,,,,,,,early_close,,,,,,,,CL.v.0,2015-11-26,,,,,
,,,13:45,,,,,,,,,,drop_main_sample,,,,,,,,,,,,,,early_close,,,,,,,,CL.v.0,2015-11-27,,,,,
,,,13:00,,,,,,,,,,drop_main_sample,,,,,,,,,,,,,,early_close,,,,,,,,CL.v.0,2016-01-18,,,,,
,,,13:00,,,,,,,,,,drop_main_sample,,,,,,,,,,,,,,early_close,,,,,,,,CL.v.0,2016-02-15,,,,,
,,,13:00,,,,,,,,,,drop_main_sample,,,,,,,,,,,,,,early_close,,,,,,,,CL.v.0,2016-05-30,,,,,
,,,13:00,,,,,,,,,,drop_main_sample,,,,,,,,,,,,,,early_close,,,,,,,,CL.v.0,2016-07-04,,,,,
,,,13:00,,,,,,,,,,drop_main_sample,,,,,,,,,,,,,,early_close,,,,,,,,CL.v.0,2016-09-05,,,,,
,,,13:00,,,,,,,,,,drop_main_sample,,,,,,,,,,,,,,early_close,,,,,,,,CL.v.0,2016-11-24,,,,,
,,,13:45,,,,,,,,,,drop_main_sample,,,,,,,,,,,,,,early_close,,,,,,,,CL.v.0,2016-11-25,,,,,
,,,13:00,,,,,,,,,,drop_main_sample,,,,,,,,,,,,,,early_close,,,,,,,,CL.v.0,2017-01-16,,,,,
,,,13:00,,,,,,,,,,drop_main_sample,,,,,,,,,,,,,,early_close,,,,,,,,CL.v.0,2017-02-20,,,,,
,,,13:00,,,,,,,,,,drop_main_sample,,,,,,,,,,,,,,early_close,,,,,,,,CL.v.0,2017-05-29,,,,,
,,,13:00,,,,,,,,,,drop_main_sample,,,,,,,,,,,,,,early_close,,,,,,,,CL.v.0,2017-07-04,,,,,
,,,13:00,,,,,,,,,,drop_main_sample,,,,,,,,,,,,,,early_close,,,,,,,,CL.v.0,2017-09-04,,,,,
,,,13:00,,,,,,,,,,drop_main_sample,,,,,,,,,,,,,,early_close,,,,,,,,CL.v.0,2017-11-23,,,,,
,,,13:45,,,,,,,,,,drop_main_sample,,,,,,,,,,,,,,early_close,,,,,,,,CL.v.0,2017-11-24,,,,,
,,,13:00,,,,,,,,,,drop_main_sample,,,,,,,,,,,,,,early_close,,,,,,,,CL.v.0,2018-01-15,,,,,
,,,13:00,,,,,,,,,,drop_main_sample,,,,,,,,,,,,,,early_close,,,,,,,,CL.v.0,2018-02-19,,,,,
,,,13:00,,,,,,,,,,drop_main_sample,,,,,,,,,,,,,,early_close,,,,,,,,CL.v.0,2018-05-28,,,,,
,,,13:00,,,,,,,,,,drop_main_sample,,,,,,,,,,,,,,early_close,,,,,,,,CL.v.0,2018-07-04,,,,,
,,,13:00,,,,,,,,,,drop_main_sample,,,,,,,,,,,,,,early_close,,,,,,,,CL.v.0,2018-09-03,,,,,
,,,13:00,,,,,,,,,,drop_main_sample,,,,,,,,,,,,,,early_close,,,,,,,,CL.v.0,2018-11-22,,,,,
,,,13:45,,,,,,,,,,drop_main_sample,,,,,,,,,,,,,,early_close,,,,,,,,CL.v.0,2018-11-23,,,,,
,,,13:00,,,,,,,,,,drop_main_sample,,,,,,,,,,,,,,early_close,,,,,,,,CL.v.0,2019-01-21,,,,,
,,,13:00,,,,,,,,,,drop_main_sample,,,,,,,,,,,,,,early_close,,,,,,,,CL.v.0,2019-02-18,,,,,
,,,13:00,,,,,,,,,,drop_main_sample,,,,,,,,,,,,,,early_close,,,,,,,,CL.v.0,2019-05-27,,,,,
,,,13:00,,,,,,,,,,drop_main_sample,,,,,,,,,,,,,,early_close,,,,,,,,CL.v.0,2019-07-04,,,,,
,,,13:00,,,,,,,,,,drop_main_sample,,,,,,,,,,,,,,early_close,,,,,,,,CL.v.0,2019-09-02,,,,,
,,,13:00,,,,,,,,,,drop_main_sample,,,,,,,,,,,,,,early_close,,,,,,,,CL.v.0,2019-11-28,,,,,
,,,13:45,,,,,,,,,,drop_main_sample,,,,,,,,,,,,,,early_close,,,,,,,,CL.v.0,2019-11-29,,,,,
,,,13:00,,,,,,,,,,drop_main_sample,,,,,,,,,,,,,,early_close,,,,,,,,CL.v.0,2020-01-20,,,,,
,,,13:00,,,,,,,,,,drop_main_sample,,,,,,,,,,,,,,early_close,,,,,,,,CL.v.0,2020-02-17,,,,,
,,,13:00,,,,,,,,,,drop_main_sample,,,,,,,,,,,,,,early_close,,,,,,,,CL.v.0,2020-05-25,,,,,
,,,13:00,,,,,,,,,,drop_main_sample,,,,,,,,,,,,,,early_close,,,,,,,,CL.v.0,2021-01-18,,,,,
,,,13:00,,,,,,,,,,drop_main_sample,,,,,,,,,,,,,,early_close,,,,,,,,CL.v.0,2021-02-15,,,,,
,,,13:00,,,,,,,,,,drop_main_sample,,,,,,,,,,,,,,early_close,,,,,,,,CL.v.0,2021-05-31,,,,,
,,,13:00,,,,,,,,,,drop_main_sample,,,,,,,,,,,,,,early_close,,,,,,,,CL.v.0,2021-07-05,,,,,
,,,13:00,,,,,,,,,,drop_main_sample,,,,,,,,,,,,,,early_close,,,,,,,,CL.v.0,2021-09-06,,,,,
,,,13:00,,,,,,,,,,drop_main_sample,,,,,,,,,,,,,,early_close,,,,,,,,CL.v.0,2021-11-25,,,,,
,,,13:45,,,,,,,,,,drop_main_sample,,,,,,,,,,,,,,early_close,,,,,,,,CL.v.0,2021-11-26,,,,,
,,,13:00,,,,,,,,,,drop_main_sample,,,,,,,,,,,,,,early_close,,,,,,,,CL.v.0,2022-09-05,,,,,
,,,13:45,,,,,,,,,,drop_main_sample,,,,,,,,,,,,,,early_close,,,,,,,,CL.v.0,2022-11-25,,,,,
,,,13:00,,,,,,,,,,drop_main_sample,,,,,,,,,,,,,,early_close,,,,,,,,CL.v.0,2023-09-04,,,,,
,,,13:45,,,,,,,,,,drop_main_sample,,,,,,,,,,,,,,early_close,,,,,,,,CL.v.0,2023-11-24,,,,,
,,,13:00,,,,,,,,,,drop_main_sample,,,,,,,,,,,,,,early_close,,,,,,,,CL.v.0,2024-09-02,,,,,
,,,13:45,,,,,,,,,,drop_main_sample,,,,,,,,,,,,,,early_close,,,,,,,,CL.v.0,2024-11-29,,,,,
,,,13:00,,,,,,,,,,drop_main_sample,,,,,,,,,,,,,,early_close,,,,,,,,CL.v.0,2025-09-01,,,,,
,,,13:45,,,,,,,,,,drop_main_sample,,,,,,,,,,,,,,early_close,,,,,,,,CL.v.0,2025-11-28,,,,,
,,,13:00,,,,,,,,,,drop_main_sample,,,,,,,,,,,,,,early_close,,,,,,,,ZN.v.0,2010-07-05,,,,,
,,,13:00,,,,,,,,,,drop_main_sample,,,,,,,,,,,,,,early_close,,,,,,,,ZN.v.0,2010-09-06,,,,,
,,,13:00,,,,,,,,,,drop_main_sample,,,,,,,,,,,,,,early_close,,,,,,,,ZN.v.0,2010-11-25,,,,,
,,,13:15,,,,,,,,,,drop_main_sample,,,,,,,,,,,,,,early_close,,,,,,,,ZN.v.0,2010-11-26,,,,,
,,,13:00,,,,,,,,,,drop_main_sample,,,,,,,,,,,,,,early_close,,,,,,,,ZN.v.0,2011-01-17,,,,,
,,,13:00,,,,,,,,,,drop_main_sample,,,,,,,,,,,,,,early_close,,,,,,,,ZN.v.0,2011-02-21,,,,,
,,,13:00,,,,,,,,,,drop_main_sample,,,,,,,,,,,,,,early_close,,,,,,,,ZN.v.0,2011-05-30,,,,,
,,,13:00,,,,,,,,,,drop_main_sample,,,,,,,,,,,,,,early_close,,,,,,,,ZN.v.0,2011-07-04,,,,,
,,,13:00,,,,,,,,,,drop_main_sample,,,,,,,,,,,,,,early_close,,,,,,,,ZN.v.0,2011-09-05,,,,,
,,,13:00,,,,,,,,,,drop_main_sample,,,,,,,,,,,,,,early_close,,,,,,,,ZN.v.0,2011-11-24,,,,,
,,,13:15,,,,,,,,,,drop_main_sample,,,,,,,,,,,,,,early_close,,,,,,,,ZN.v.0,2011-11-25,,,,,
,,,13:00,,,,,,,,,,drop_main_sample,,,,,,,,,,,,,,early_close,,,,,,,,ZN.v.0,2012-01-16,,,,,
,,,13:00,,,,,,,,,,drop_main_sample,,,,,,,,,,,,,,early_close,,,,,,,,ZN.v.0,2012-02-20,,,,,
,,,11:00,,,,,,,,,,drop_main_sample,,,,,,,,,,,,,,early_close,,,,,,,,ZN.v.0,2012-04-06,,,,,
,,,13:00,,,,,,,,,,drop_main_sample,,,,,,,,,,,,,,early_close,,,,,,,,ZN.v.0,2012-05-28,,,,,
,,,13:00,,,,,,,,,,drop_main_sample,,,,,,,,,,,,,,early_close,,,,,,,,ZN.v.0,2012-07-04,,,,,
,,,13:00,,,,,,,,,,drop_main_sample,,,,,,,,,,,,,,early_close,,,,,,,,ZN.v.0,2012-09-03,,,,,
,,,13:00,,,,,,,,,,drop_main_sample,,,,,,,,,,,,,,early_close,,,,,,,,ZN.v.0,2012-11-22,,,,,
,,,13:15,,,,,,,,,,drop_main_sample,,,,,,,,,,,,,,early_close,,,,,,,,ZN.v.0,2012-11-23,,,,,
,,,13:15,,,,,,,,,,drop_main_sample,,,,,,,,,,,,,,early_close,,,,,,,,ZN.v.0,2012-12-24,,,,,
,,,13:00,,,,,,,,,,drop_main_sample,,,,,,,,,,,,,,early_close,,,,,,,,ZN.v.0,2013-01-21,,,,,
,,,13:00,,,,,,,,,,drop_main_sample,,,,,,,,,,,,,,early_close,,,,,,,,ZN.v.0,2013-02-18,,,,,
,,,13:00,,,,,,,,,,drop_main_sample,,,,,,,,,,,,,,early_close,,,,,,,,ZN.v.0,2013-05-27,,,,,
,,,13:00,,,,,,,,,,drop_main_sample,,,,,,,,,,,,,,early_close,,,,,,,,ZN.v.0,2013-07-04,,,,,
,,,13:00,,,,,,,,,,drop_main_sample,,,,,,,,,,,,,,early_close,,,,,,,,ZN.v.0,2013-09-02,,,,,
,,,13:00,,,,,,,,,,drop_main_sample,,,,,,,,,,,,,,early_close,,,,,,,,ZN.v.0,2013-11-28,,,,,
,,,13:15,,,,,,,,,,drop_main_sample,,,,,,,,,,,,,,early_close,,,,,,,,ZN.v.0,2013-11-29,,,,,
,,,13:15,,,,,,,,,,drop_main_sample,,,,,,,,,,,,,,early_close,,,,,,,,ZN.v.0,2013-12-24,,,,,
,,,13:00,,,,,,,,,,drop_main_sample,,,,,,,,,,,,,,early_close,,,,,,,,ZN.v.0,2014-01-20,,,,,
,,,13:00,,,,,,,,,,drop_main_sample,,,,,,,,,,,,,,early_close,,,,,,,,ZN.v.0,2014-02-17,,,,,
,,,13:00,,,,,,,,,,drop_main_sample,,,,,,,,,,,,,,early_close,,,,,,,,ZN.v.0,2014-05-26,,,,,
,,,13:00,,,,,,,,,,drop_main_sample,,,,,,,,,,,,,,early_close,,,,,,,,ZN.v.0,2014-07-04,,,,,
,,,13:00,,,,,,,,,,drop_main_sample,,,,,,,,,,,,,,early_close,,,,,,,,ZN.v.0,2014-09-01,,,,,
,,,13:00,,,,,,,,,,drop_main_sample,,,,,,,,,,,,,,early_close,,,,,,,,ZN.v.0,2014-11-27,,,,,
,,,13:15,,,,,,,,,,drop_main_sample,,,,,,,,,,,,,,early_close,,,,,,,,ZN.v.0,2014-11-28,,,,,
,,,13:15,,,,,,,,,,drop_main_sample,,,,,,,,,,,,,,early_close,,,,,,,,ZN.v.0,2014-12-24,,,,,
,,,13:00,,,,,,,,,,drop_main_sample,,,,,,,,,,,,,,early_close,,,,,,,,ZN.v.0,2015-01-19,,,,,
,,,13:00,,,,,,,,,,drop_main_sample,,,,,,,,,,,,,,early_close,,,,,,,,ZN.v.0,2015-02-16,,,,,
,,,11:00,,,,,,,,,,drop_main_sample,,,,,,,,,,,,,,early_close,,,,,,,,ZN.v.0,2015-04-03,,,,,
,,,13:00,,,,,,,,,,drop_main_sample,,,,,,,,,,,,,,early_close,,,,,,,,ZN.v.0,2015-05-25,,,,,
,,,13:00,,,,,,,,,,drop_main_sample,,,,,,,,,,,,,,early_close,,,,,,,,ZN.v.0,2015-07-03,,,,,
,,,13:00,,,,,,,,,,drop_main_sample,,,,,,,,,,,,,,early_close,,,,,,,,ZN.v.0,2015-09-07,,,,,
,,,13:00,,,,,,,,,,drop_main_sample,,,,,,,,,,,,,,early_close,,,,,,,,ZN.v.0,2015-11-26,,,,,
,,,13:15,,,,,,,,,,drop_main_sample,,,,,,,,,,,,,,early_close,,,,,,,,ZN.v.0,2015-11-27,,,,,
,,,13:15,,,,,,,,,,drop_main_sample,,,,,,,,,,,,,,early_close,,,,,,,,ZN.v.0,2015-12-24,,,,,
,,,13:00,,,,,,,,,,drop_main_sample,,,,,,,,,,,,,,early_close,,,,,,,,ZN.v.0,2016-01-18,,,,,
,,,13:00,,,,,,,,,,drop_main_sample,,,,,,,,,,,,,,early_close,,,,,,,,ZN.v.0,2016-02-15,,,,,
,,,13:00,,,,,,,,,,drop_main_sample,,,,,,,,,,,,,,early_close,,,,,,,,ZN.v.0,2016-05-30,,,,,
,,,13:00,,,,,,,,,,drop_main_sample,,,,,,,,,,,,,,early_close,,,,,,,,ZN.v.0,2016-07-04,,,,,
,,,13:00,,,,,,,,,,drop_main_sample,,,,,,,,,,,,,,early_close,,,,,,,,ZN.v.0,2016-09-05,,,,,
,,,13:00,,,,,,,,,,drop_main_sample,,,,,,,,,,,,,,early_close,,,,,,,,ZN.v.0,2016-11-24,,,,,
,,,13:15,,,,,,,,,,drop_main_sample,,,,,,,,,,,,,,early_close,,,,,,,,ZN.v.0,2016-11-25,,,,,
,,,13:00,,,,,,,,,,drop_main_sample,,,,,,,,,,,,,,early_close,,,,,,,,ZN.v.0,2017-01-16,,,,,
,,,13:00,,,,,,,,,,drop_main_sample,,,,,,,,,,,,,,early_close,,,,,,,,ZN.v.0,2017-02-20,,,,,
,,,13:00,,,,,,,,,,drop_main_sample,,,,,,,,,,,,,,early_close,,,,,,,,ZN.v.0,2017-05-29,,,,,
,,,13:00,,,,,,,,,,drop_main_sample,,,,,,,,,,,,,,early_close,,,,,,,,ZN.v.0,2017-07-04,,,,,
,,,13:00,,,,,,,,,,drop_main_sample,,,,,,,,,,,,,,early_close,,,,,,,,ZN.v.0,2017-09-04,,,,,
,,,13:00,,,,,,,,,,drop_main_sample,,,,,,,,,,,,,,early_close,,,,,,,,ZN.v.0,2017-11-23,,,,,
,,,13:15,,,,,,,,,,drop_main_sample,,,,,,,,,,,,,,early_close,,,,,,,,ZN.v.0,2017-11-24,,,,,
,,,13:00,,,,,,,,,,drop_main_sample,,,,,,,,,,,,,,early_close,,,,,,,,ZN.v.0,2018-01-15,,,,,
,,,13:00,,,,,,,,,,drop_main_sample,,,,,,,,,,,,,,early_close,,,,,,,,ZN.v.0,2018-02-19,,,,,
,,,13:00,,,,,,,,,,drop_main_sample,,,,,,,,,,,,,,early_close,,,,,,,,ZN.v.0,2018-05-28,,,,,
,,,13:00,,,,,,,,,,drop_main_sample,,,,,,,,,,,,,,early_close,,,,,,,,ZN.v.0,2018-07-04,,,,,
,,,13:00,,,,,,,,,,drop_main_sample,,,,,,,,,,,,,,early_close,,,,,,,,ZN.v.0,2018-09-03,,,,,
,,,13:00,,,,,,,,,,drop_main_sample,,,,,,,,,,,,,,early_close,,,,,,,,ZN.v.0,2018-11-22,,,,,
,,,13:15,,,,,,,,,,drop_main_sample,,,,,,,,,,,,,,early_close,,,,,,,,ZN.v.0,2018-11-23,,,,,
,,,13:15,,,,,,,,,,drop_main_sample,,,,,,,,,,,,,,early_close,,,,,,,,ZN.v.0,2018-12-24,,,,,
,,,13:00,,,,,,,,,,drop_main_sample,,,,,,,,,,,,,,early_close,,,,,,,,ZN.v.0,2019-01-21,,,,,
,,,13:00,,,,,,,,,,drop_main_sample,,,,,,,,,,,,,,early_close,,,,,,,,ZN.v.0,2019-02-18,,,,,
,,,13:00,,,,,,,,,,drop_main_sample,,,,,,,,,,,,,,early_close,,,,,,,,ZN.v.0,2019-05-27,,,,,
,,,13:00,,,,,,,,,,drop_main_sample,,,,,,,,,,,,,,early_close,,,,,,,,ZN.v.0,2019-07-04,,,,,
,,,13:00,,,,,,,,,,drop_main_sample,,,,,,,,,,,,,,early_close,,,,,,,,ZN.v.0,2019-09-02,,,,,
,,,13:00,,,,,,,,,,drop_main_sample,,,,,,,,,,,,,,early_close,,,,,,,,ZN.v.0,2019-11-28,,,,,
,,,13:15,,,,,,,,,,drop_main_sample,,,,,,,,,,,,,,early_close,,,,,,,,ZN.v.0,2019-11-29,,,,,
,,,13:15,,,,,,,,,,drop_main_sample,,,,,,,,,,,,,,early_close,,,,,,,,ZN.v.0,2019-12-24,,,,,
,,,13:00,,,,,,,,,,drop_main_sample,,,,,,,,,,,,,,early_close,,,,,,,,ZN.v.0,2020-01-20,,,,,
,,,13:00,,,,,,,,,,drop_main_sample,,,,,,,,,,,,,,early_close,,,,,,,,ZN.v.0,2020-02-17,,,,,
,,,13:00,,,,,,,,,,drop_main_sample,,,,,,,,,,,,,,early_close,,,,,,,,ZN.v.0,2020-05-25,,,,,
,,,13:00,,,,,,,,,,drop_main_sample,,,,,,,,,,,,,,early_close,,,,,,,,ZN.v.0,2021-01-18,,,,,
,,,13:00,,,,,,,,,,drop_main_sample,,,,,,,,,,,,,,early_close,,,,,,,,ZN.v.0,2021-02-15,,,,,
,,,11:00,,,,,,,,,,drop_main_sample,,,,,,,,,,,,,,early_close,,,,,,,,ZN.v.0,2021-04-02,,,,,
,,,13:00,,,,,,,,,,drop_main_sample,,,,,,,,,,,,,,early_close,,,,,,,,ZN.v.0,2021-05-31,,,,,
,,,13:00,,,,,,,,,,drop_main_sample,,,,,,,,,,,,,,early_close,,,,,,,,ZN.v.0,2021-07-05,,,,,
,,,13:00,,,,,,,,,,drop_main_sample,,,,,,,,,,,,,,early_close,,,,,,,,ZN.v.0,2021-09-06,,,,,
,,,13:00,,,,,,,,,,drop_main_sample,,,,,,,,,,,,,,early_close,,,,,,,,ZN.v.0,2021-11-25,,,,,
,,,13:15,,,,,,,,,,drop_main_sample,,,,,,,,,,,,,,early_close,,,,,,,,ZN.v.0,2021-11-26,,,,,
,,,13:00,,,,,,,,,,drop_main_sample,,,,,,,,,,,,,,early_close,,,,,,,,ZN.v.0,2022-01-17,,,,,
,,,13:00,,,,,,,,,,drop_main_sample,,,,,,,,,,,,,,early_close,,,,,,,,ZN.v.0,2022-02-21,,,,,
,,,13:00,,,,,,,,,,drop_main_sample,,,,,,,,,,,,,,early_close,,,,,,,,ZN.v.0,2022-05-30,,,,,
,,,13:00,,,,,,,,,,drop_main_sample,,,,,,,,,,,,,,early_close,,,,,,,,ZN.v.0,2022-07-04,,,,,
,,,13:00,,,,,,,,,,drop_main_sample,,,,,,,,,,,,,,early_close,,,,,,,,ZN.v.0,2022-09-05,,,,,
,,,13:00,,,,,,,,,,drop_main_sample,,,,,,,,,,,,,,early_close,,,,,,,,ZN.v.0,2022-11-24,,,,,
,,,13:15,,,,,,,,,,drop_main_sample,,,,,,,,,,,,,,early_close,,,,,,,,ZN.v.0,2022-11-25,,,,,
,,,13:00,,,,,,,,,,drop_main_sample,,,,,,,,,,,,,,early_close,,,,,,,,ZN.v.0,2023-01-16,,,,,
,,,13:00,,,,,,,,,,drop_main_sample,,,,,,,,,,,,,,early_close,,,,,,,,ZN.v.0,2023-02-20,,,,,
,,,11:00,,,,,,,,,,drop_main_sample,,,,,,,,,,,,,,early_close,,,,,,,,ZN.v.0,2023-04-07,,,,,
,,,13:00,,,,,,,,,,drop_main_sample,,,,,,,,,,,,,,early_close,,,,,,,,ZN.v.0,2023-05-29,,,,,
,,,13:00,,,,,,,,,,drop_main_sample,,,,,,,,,,,,,,early_close,,,,,,,,ZN.v.0,2023-07-04,,,,,
,,,13:00,,,,,,,,,,drop_main_sample,,,,,,,,,,,,,,early_close,,,,,,,,ZN.v.0,2023-09-04,,,,,
,,,13:00,,,,,,,,,,drop_main_sample,,,,,,,,,,,,,,early_close,,,,,,,,ZN.v.0,2023-11-23,,,,,
,,,13:15,,,,,,,,,,drop_main_sample,,,,,,,,,,,,,,early_close,,,,,,,,ZN.v.0,2023-11-24,,,,,
,,,13:00,,,,,,,,,,drop_main_sample,,,,,,,,,,,,,,early_close,,,,,,,,ZN.v.0,2024-01-15,,,,,
,,,13:00,,,,,,,,,,drop_main_sample,,,,,,,,,,,,,,early_close,,,,,,,,ZN.v.0,2024-02-19,,,,,
,,,13:00,,,,,,,,,,drop_main_sample,,,,,,,,,,,,,,early_close,,,,,,,,ZN.v.0,2024-05-27,,,,,
,,,13:00,,,,,,,,,,drop_main_sample,,,,,,,,,,,,,,early_close,,,,,,,,ZN.v.0,2024-07-04,,,,,
,,,13:00,,,,,,,,,,drop_main_sample,,,,,,,,,,,,,,early_close,,,,,,,,ZN.v.0,2024-09-02,,,,,
,,,13:00,,,,,,,,,,drop_main_sample,,,,,,,,,,,,,,early_close,,,,,,,,ZN.v.0,2024-11-28,,,,,
,,,13:15,,,,,,,,,,drop_main_sample,,,,,,,,,,,,,,early_close,,,,,,,,ZN.v.0,2024-11-29,,,,,
,,,13:15,,,,,,,,,,drop_main_sample,,,,,,,,,,,,,,early_close,,,,,,,,ZN.v.0,2024-12-24,,,,,
,,,13:00,,,,,,,,,,drop_main_sample,,,,,,,,,,,,,,early_close,,,,,,,,ZN.v.0,2025-01-20,,,,,
,,,13:00,,,,,,,,,,drop_main_sample,,,,,,,,,,,,,,early_close,,,,,,,,ZN.v.0,2025-02-17,,,,,
,,,13:00,,,,,,,,,,drop_main_sample,,,,,,,,,,,,,,early_close,,,,,,,,ZN.v.0,2025-05-26,,,,,
,,,13:00,,,,,,,,,,drop_main_sample,,,,,,,,,,,,,,early_close,,,,,,,,ZN.v.0,2025-07-04,,,,,
,,,13:00,,,,,,,,,,drop_main_sample,,,,,,,,,,,,,,early_close,,,,,,,,ZN.v.0,2025-09-01,,,,,
,,,13:00,,,,,,,,,,drop_main_sample,,,,,,,,,,,,,,early_close,,,,,,,,ZN.v.0,2025-11-27,,,,,
,,,13:15,,,,,,,,,,drop_main_sample,,,,,,,,,,,,,,early_close,,,,,,,,ZN.v.0,2025-11-28,,,,,
,,,13:15,,,,,,,,,,drop_main_sample,,,,,,,,,,,,,,early_close,,,,,,,,ZN.v.0,2025-12-24,,,,,
,,,13:00,,,,,,,,,,drop_main_sample,,,,,,,,,,,,,,early_close,,,,,,,,6E.v.0,2010-07-05,,,,,
,,,13:00,,,,,,,,,,drop_main_sample,,,,,,,,,,,,,,early_close,,,,,,,,6E.v.0,2010-09-06,,,,,
,,,13:00,,,,,,,,,,drop_main_sample,,,,,,,,,,,,,,early_close,,,,,,,,6E.v.0,2010-11-25,,,,,
,,,13:15,,,,,,,,,,drop_main_sample,,,,,,,,,,,,,,early_close,,,,,,,,6E.v.0,2010-11-26,,,,,
,,,13:00,,,,,,,,,,drop_main_sample,,,,,,,,,,,,,,early_close,,,,,,,,6E.v.0,2011-01-17,,,,,
,,,13:00,,,,,,,,,,drop_main_sample,,,,,,,,,,,,,,early_close,,,,,,,,6E.v.0,2011-02-21,,,,,
,,,13:00,,,,,,,,,,drop_main_sample,,,,,,,,,,,,,,early_close,,,,,,,,6E.v.0,2011-05-30,,,,,
,,,13:00,,,,,,,,,,drop_main_sample,,,,,,,,,,,,,,early_close,,,,,,,,6E.v.0,2011-07-04,,,,,
,,,13:00,,,,,,,,,,drop_main_sample,,,,,,,,,,,,,,early_close,,,,,,,,6E.v.0,2011-09-05,,,,,
,,,13:00,,,,,,,,,,drop_main_sample,,,,,,,,,,,,,,early_close,,,,,,,,6E.v.0,2011-11-24,,,,,
,,,13:15,,,,,,,,,,drop_main_sample,,,,,,,,,,,,,,early_close,,,,,,,,6E.v.0,2011-11-25,,,,,
,,,13:00,,,,,,,,,,drop_main_sample,,,,,,,,,,,,,,early_close,,,,,,,,6E.v.0,2012-01-16,,,,,
,,,13:00,,,,,,,,,,drop_main_sample,,,,,,,,,,,,,,early_close,,,,,,,,6E.v.0,2012-02-20,,,,,
,,,13:00,,,,,,,,,,drop_main_sample,,,,,,,,,,,,,,early_close,,,,,,,,6E.v.0,2012-05-28,,,,,
,,,13:00,,,,,,,,,,drop_main_sample,,,,,,,,,,,,,,early_close,,,,,,,,6E.v.0,2012-07-04,,,,,
,,,13:00,,,,,,,,,,drop_main_sample,,,,,,,,,,,,,,early_close,,,,,,,,6E.v.0,2012-09-03,,,,,
,,,13:00,,,,,,,,,,drop_main_sample,,,,,,,,,,,,,,early_close,,,,,,,,6E.v.0,2012-11-22,,,,,
,,,13:15,,,,,,,,,,drop_main_sample,,,,,,,,,,,,,,early_close,,,,,,,,6E.v.0,2012-11-23,,,,,
,,,13:15,,,,,,,,,,drop_main_sample,,,,,,,,,,,,,,early_close,,,,,,,,6E.v.0,2012-12-24,,,,,
,,,13:00,,,,,,,,,,drop_main_sample,,,,,,,,,,,,,,early_close,,,,,,,,6E.v.0,2013-01-21,,,,,
,,,13:00,,,,,,,,,,drop_main_sample,,,,,,,,,,,,,,early_close,,,,,,,,6E.v.0,2013-02-18,,,,,
,,,13:00,,,,,,,,,,drop_main_sample,,,,,,,,,,,,,,early_close,,,,,,,,6E.v.0,2013-05-27,,,,,
,,,13:00,,,,,,,,,,drop_main_sample,,,,,,,,,,,,,,early_close,,,,,,,,6E.v.0,2013-07-04,,,,,
,,,13:00,,,,,,,,,,drop_main_sample,,,,,,,,,,,,,,early_close,,,,,,,,6E.v.0,2013-09-02,,,,,
,,,13:00,,,,,,,,,,drop_main_sample,,,,,,,,,,,,,,early_close,,,,,,,,6E.v.0,2013-11-28,,,,,
,,,13:15,,,,,,,,,,drop_main_sample,,,,,,,,,,,,,,early_close,,,,,,,,6E.v.0,2013-11-29,,,,,
,,,13:15,,,,,,,,,,drop_main_sample,,,,,,,,,,,,,,early_close,,,,,,,,6E.v.0,2013-12-24,,,,,
,,,13:00,,,,,,,,,,drop_main_sample,,,,,,,,,,,,,,early_close,,,,,,,,6E.v.0,2014-01-20,,,,,
,,,13:00,,,,,,,,,,drop_main_sample,,,,,,,,,,,,,,early_close,,,,,,,,6E.v.0,2014-02-17,,,,,
,,,13:00,,,,,,,,,,drop_main_sample,,,,,,,,,,,,,,early_close,,,,,,,,6E.v.0,2014-05-26,,,,,
,,,13:00,,,,,,,,,,drop_main_sample,,,,,,,,,,,,,,early_close,,,,,,,,6E.v.0,2014-07-04,,,,,
,,,13:00,,,,,,,,,,drop_main_sample,,,,,,,,,,,,,,early_close,,,,,,,,6E.v.0,2014-09-01,,,,,
,,,13:00,,,,,,,,,,drop_main_sample,,,,,,,,,,,,,,early_close,,,,,,,,6E.v.0,2014-11-27,,,,,
,,,13:15,,,,,,,,,,drop_main_sample,,,,,,,,,,,,,,early_close,,,,,,,,6E.v.0,2014-11-28,,,,,
,,,13:15,,,,,,,,,,drop_main_sample,,,,,,,,,,,,,,early_close,,,,,,,,6E.v.0,2014-12-24,,,,,
,,,13:00,,,,,,,,,,drop_main_sample,,,,,,,,,,,,,,early_close,,,,,,,,6E.v.0,2015-01-19,,,,,
,,,13:00,,,,,,,,,,drop_main_sample,,,,,,,,,,,,,,early_close,,,,,,,,6E.v.0,2015-02-16,,,,,
,,,13:00,,,,,,,,,,drop_main_sample,,,,,,,,,,,,,,early_close,,,,,,,,6E.v.0,2015-05-25,,,,,
,,,13:00,,,,,,,,,,drop_main_sample,,,,,,,,,,,,,,early_close,,,,,,,,6E.v.0,2015-07-03,,,,,
,,,13:00,,,,,,,,,,drop_main_sample,,,,,,,,,,,,,,early_close,,,,,,,,6E.v.0,2015-09-07,,,,,
,,,13:00,,,,,,,,,,drop_main_sample,,,,,,,,,,,,,,early_close,,,,,,,,6E.v.0,2015-11-26,,,,,
,,,13:15,,,,,,,,,,drop_main_sample,,,,,,,,,,,,,,early_close,,,,,,,,6E.v.0,2015-11-27,,,,,
,,,13:15,,,,,,,,,,drop_main_sample,,,,,,,,,,,,,,early_close,,,,,,,,6E.v.0,2015-12-24,,,,,
,,,13:00,,,,,,,,,,drop_main_sample,,,,,,,,,,,,,,early_close,,,,,,,,6E.v.0,2016-01-18,,,,,
,,,13:00,,,,,,,,,,drop_main_sample,,,,,,,,,,,,,,early_close,,,,,,,,6E.v.0,2016-02-15,,,,,
,,,13:00,,,,,,,,,,drop_main_sample,,,,,,,,,,,,,,early_close,,,,,,,,6E.v.0,2016-05-30,,,,,
,,,13:00,,,,,,,,,,drop_main_sample,,,,,,,,,,,,,,early_close,,,,,,,,6E.v.0,2016-07-04,,,,,
,,,13:00,,,,,,,,,,drop_main_sample,,,,,,,,,,,,,,early_close,,,,,,,,6E.v.0,2016-09-05,,,,,
,,,13:00,,,,,,,,,,drop_main_sample,,,,,,,,,,,,,,early_close,,,,,,,,6E.v.0,2016-11-24,,,,,
,,,13:15,,,,,,,,,,drop_main_sample,,,,,,,,,,,,,,early_close,,,,,,,,6E.v.0,2016-11-25,,,,,
,,,13:00,,,,,,,,,,drop_main_sample,,,,,,,,,,,,,,early_close,,,,,,,,6E.v.0,2017-01-16,,,,,
,,,13:00,,,,,,,,,,drop_main_sample,,,,,,,,,,,,,,early_close,,,,,,,,6E.v.0,2017-02-20,,,,,
,,,13:00,,,,,,,,,,drop_main_sample,,,,,,,,,,,,,,early_close,,,,,,,,6E.v.0,2017-05-29,,,,,
,,,13:00,,,,,,,,,,drop_main_sample,,,,,,,,,,,,,,early_close,,,,,,,,6E.v.0,2017-07-04,,,,,
,,,13:00,,,,,,,,,,drop_main_sample,,,,,,,,,,,,,,early_close,,,,,,,,6E.v.0,2017-09-04,,,,,
,,,13:00,,,,,,,,,,drop_main_sample,,,,,,,,,,,,,,early_close,,,,,,,,6E.v.0,2017-11-23,,,,,
,,,13:15,,,,,,,,,,drop_main_sample,,,,,,,,,,,,,,early_close,,,,,,,,6E.v.0,2017-11-24,,,,,
,,,13:00,,,,,,,,,,drop_main_sample,,,,,,,,,,,,,,early_close,,,,,,,,6E.v.0,2018-01-15,,,,,
,,,13:00,,,,,,,,,,drop_main_sample,,,,,,,,,,,,,,early_close,,,,,,,,6E.v.0,2018-02-19,,,,,
,,,13:00,,,,,,,,,,drop_main_sample,,,,,,,,,,,,,,early_close,,,,,,,,6E.v.0,2018-05-28,,,,,
,,,13:00,,,,,,,,,,drop_main_sample,,,,,,,,,,,,,,early_close,,,,,,,,6E.v.0,2018-07-04,,,,,
,,,13:00,,,,,,,,,,drop_main_sample,,,,,,,,,,,,,,early_close,,,,,,,,6E.v.0,2018-09-03,,,,,
,,,13:00,,,,,,,,,,drop_main_sample,,,,,,,,,,,,,,early_close,,,,,,,,6E.v.0,2018-11-22,,,,,
,,,13:15,,,,,,,,,,drop_main_sample,,,,,,,,,,,,,,early_close,,,,,,,,6E.v.0,2018-11-23,,,,,
,,,13:15,,,,,,,,,,drop_main_sample,,,,,,,,,,,,,,early_close,,,,,,,,6E.v.0,2018-12-24,,,,,
,,,13:00,,,,,,,,,,drop_main_sample,,,,,,,,,,,,,,early_close,,,,,,,,6E.v.0,2019-01-21,,,,,
,,,13:00,,,,,,,,,,drop_main_sample,,,,,,,,,,,,,,early_close,,,,,,,,6E.v.0,2019-02-18,,,,,
,,,13:00,,,,,,,,,,drop_main_sample,,,,,,,,,,,,,,early_close,,,,,,,,6E.v.0,2019-05-27,,,,,
,,,13:00,,,,,,,,,,drop_main_sample,,,,,,,,,,,,,,early_close,,,,,,,,6E.v.0,2019-07-04,,,,,
,,,13:00,,,,,,,,,,drop_main_sample,,,,,,,,,,,,,,early_close,,,,,,,,6E.v.0,2019-09-02,,,,,
,,,13:00,,,,,,,,,,drop_main_sample,,,,,,,,,,,,,,early_close,,,,,,,,6E.v.0,2019-11-28,,,,,
,,,13:15,,,,,,,,,,drop_main_sample,,,,,,,,,,,,,,early_close,,,,,,,,6E.v.0,2019-11-29,,,,,
,,,13:15,,,,,,,,,,drop_main_sample,,,,,,,,,,,,,,early_close,,,,,,,,6E.v.0,2019-12-24,,,,,
,,,13:00,,,,,,,,,,drop_main_sample,,,,,,,,,,,,,,early_close,,,,,,,,6E.v.0,2020-01-20,,,,,
,,,13:00,,,,,,,,,,drop_main_sample,,,,,,,,,,,,,,early_close,,,,,,,,6E.v.0,2020-02-17,,,,,
,,,13:00,,,,,,,,,,drop_main_sample,,,,,,,,,,,,,,early_close,,,,,,,,6E.v.0,2020-05-25,,,,,
,,,13:00,,,,,,,,,,drop_main_sample,,,,,,,,,,,,,,early_close,,,,,,,,6E.v.0,2021-01-18,,,,,
,,,13:00,,,,,,,,,,drop_main_sample,,,,,,,,,,,,,,early_close,,,,,,,,6E.v.0,2021-02-15,,,,,
,,,11:15,,,,,,,,,,drop_main_sample,,,,,,,,,,,,,,early_close,,,,,,,,6E.v.0,2021-04-02,,,,,
,,,13:00,,,,,,,,,,drop_main_sample,,,,,,,,,,,,,,early_close,,,,,,,,6E.v.0,2021-05-31,,,,,
,,,13:00,,,,,,,,,,drop_main_sample,,,,,,,,,,,,,,early_close,,,,,,,,6E.v.0,2021-07-05,,,,,
,,,13:00,,,,,,,,,,drop_main_sample,,,,,,,,,,,,,,early_close,,,,,,,,6E.v.0,2021-09-06,,,,,
,,,13:00,,,,,,,,,,drop_main_sample,,,,,,,,,,,,,,early_close,,,,,,,,6E.v.0,2021-11-25,,,,,
,,,13:15,,,,,,,,,,drop_main_sample,,,,,,,,,,,,,,early_close,,,,,,,,6E.v.0,2021-11-26,,,,,
,,,13:15,,,,,,,,,,drop_main_sample,,,,,,,,,,,,,,early_close,,,,,,,,6E.v.0,2022-11-25,,,,,
,,,11:15,,,,,,,,,,drop_main_sample,,,,,,,,,,,,,,early_close,,,,,,,,6E.v.0,2023-04-07,,,,,
,,,13:15,,,,,,,,,,drop_main_sample,,,,,,,,,,,,,,early_close,,,,,,,,6E.v.0,2023-11-24,,,,,
,,,11:15,,,,,,,,,,drop_main_sample,,,,,,,,,,,,,,early_close,,,,,,,,6E.v.0,2024-03-29,,,,,
,,,13:15,,,,,,,,,,drop_main_sample,,,,,,,,,,,,,,early_close,,,,,,,,6E.v.0,2024-11-29,,,,,
,,,13:15,,,,,,,,,,drop_main_sample,,,,,,,,,,,,,,early_close,,,,,,,,6E.v.0,2024-12-24,,,,,
,,,11:15,,,,,,,,,,drop_main_sample,,,,,,,,,,,,,,early_close,,,,,,,,6E.v.0,2025-04-18,,,,,
,,,13:15,,,,,,,,,,drop_main_sample,,,,,,,,,,,,,,early_close,,,,,,,,6E.v.0,2025-11-28,,,,,
,,,13:15,,,,,,,,,,drop_main_sample,,,,,,,,,,,,,,early_close,,,,,,,,6E.v.0,2025-12-24,,,,,
,,,,,,,calendar_closed;missing_previous_close,,,,,,,False,,"window_start,open_plus_30,close_minus_60,close_minus_30,close,lh_entry_next_open",,,,,,,,,,,missing_boundary,,,,,,,,ES.v.0,2021-01-01,,,,,
,,,,,,,calendar_closed;missing_previous_close,,,,,,,False,,"window_start,open_plus_30,close_minus_60,close_minus_30,close,lh_entry_next_open",,,,,,,,,,,missing_boundary,,,,,,,,ES.v.0,2021-01-02,,,,,
,,,,,,,calendar_closed;missing_previous_close,,,,,,,False,,"window_start,open_plus_30,close_minus_60,close_minus_30,close,lh_entry_next_open",,,,,,,,,,,missing_boundary,,,,,,,,ES.v.0,2021-01-03,,,,,
,,,,,,,calendar_closed,,,,,,,False,,"window_start,open_plus_30,close_minus_60,close_minus_30,close,lh_entry_next_open",,,,,,,,,,,missing_boundary,,,,,,,,ES.v.0,2021-01-09,,,,,
,,,,,,,calendar_closed,,,,,,,False,,"window_start,open_plus_30,close_minus_60,close_minus_30,close,lh_entry_next_open",,,,,,,,,,,missing_boundary,,,,,,,,ES.v.0,2021-01-10,,,,,
,,,,,,,calendar_closed,,,,,,,False,,"window_start,open_plus_30,close_minus_60,close_minus_30,close,lh_entry_next_open",,,,,,,,,,,missing_boundary,,,,,,,,ES.v.0,2021-01-16,,,,,
,,,,,,,calendar_closed,,,,,,,False,,"window_start,open_plus_30,close_minus_60,close_minus_30,close,lh_entry_next_open",,,,,,,,,,,missing_boundary,,,,,,,,ES.v.0,2021-01-17,,,,,
,,,,,,,calendar_closed,,,,,,,False,,"close_minus_60,close_minus_30,close,lh_entry_next_open",,,,,,,,,,,missing_boundary,,,,,,,,ES.v.0,2021-01-18,,,,,
,,,,,,,calendar_closed,,,,,,,False,,"window_start,open_plus_30,close_minus_60,close_minus_30,close,lh_entry_next_open",,,,,,,,,,,missing_boundary,,,,,,,,ES.v.0,2021-01-23,,,,,
,,,,,,,calendar_closed,,,,,,,False,,"window_start,open_plus_30,close_minus_60,close_minus_30,close,lh_entry_next_open",,,,,,,,,,,missing_boundary,,,,,,,,ES.v.0,2021-01-24,,,,,
,,,,,,,calendar_closed,,,,,,,False,,"window_start,open_plus_30,close_minus_60,close_minus_30,close,lh_entry_next_open",,,,,,,,,,,missing_boundary,,,,,,,,ES.v.0,2021-01-30,,,,,
,,,,,,,calendar_closed,,,,,,,False,,"window_start,open_plus_30,close_minus_60,close_minus_30,close,lh_entry_next_open",,,,,,,,,,,missing_boundary,,,,,,,,ES.v.0,2021-01-31,,,,,
,,,,,,,calendar_closed,,,,,,,False,,"window_start,open_plus_30,close_minus_60,close_minus_30,close,lh_entry_next_open",,,,,,,,,,,missing_boundary,,,,,,,,ES.v.0,2021-02-06,,,,,
,,,,,,,calendar_closed,,,,,,,False,,"window_start,open_plus_30,close_minus_60,close_minus_30,close,lh_entry_next_open",,,,,,,,,,,missing_boundary,,,,,,,,ES.v.0,2021-02-07,,,,,
,,,,,,,calendar_closed,,,,,,,False,,"window_start,open_plus_30,close_minus_60,close_minus_30,close,lh_entry_next_open",,,,,,,,,,,missing_boundary,,,,,,,,ES.v.0,2021-02-13,,,,,
,,,,,,,calendar_closed,,,,,,,False,,"window_start,open_plus_30,close_minus_60,close_minus_30,close,lh_entry_next_open",,,,,,,,,,,missing_boundary,,,,,,,,ES.v.0,2021-02-14,,,,,
,,,,,,,calendar_closed,,,,,,,False,,"close_minus_60,close_minus_30,close,lh_entry_next_open",,,,,,,,,,,missing_boundary,,,,,,,,ES.v.0,2021-02-15,,,,,
,,,,,,,calendar_closed,,,,,,,False,,"window_start,open_plus_30,close_minus_60,close_minus_30,close,lh_entry_next_open",,,,,,,,,,,missing_boundary,,,,,,,,ES.v.0,2021-02-20,,,,,
,,,,,,,calendar_closed,,,,,,,False,,"window_start,open_plus_30,close_minus_60,close_minus_30,close,lh_entry_next_open",,,,,,,,,,,missing_boundary,,,,,,,,ES.v.0,2021-02-21,,,,,
,,,,,,,calendar_closed,,,,,,,False,,"window_start,open_plus_30,close_minus_60,close_minus_30,close,lh_entry_next_open",,,,,,,,,,,missing_boundary,,,,,,,,ES.v.0,2021-02-27,,,,,
,,,,,,,calendar_closed,,,,,,,False,,"window_start,open_plus_30,close_minus_60,close_minus_30,close,lh_entry_next_open",,,,,,,,,,,missing_boundary,,,,,,,,ES.v.0,2021-02-28,,,,,
,,,,,,,calendar_closed,,,,,,,False,,"window_start,open_plus_30,close_minus_60,close_minus_30,close,lh_entry_next_open",,,,,,,,,,,missing_boundary,,,,,,,,ES.v.0,2021-03-06,,,,,
,,,,,,,calendar_closed,,,,,,,False,,"window_start,open_plus_30,close_minus_60,close_minus_30,close,lh_entry_next_open",,,,,,,,,,,missing_boundary,,,,,,,,ES.v.0,2021-03-07,,,,,
,,,,,,,calendar_closed,,,,,,,False,,"window_start,open_plus_30,close_minus_60,close_minus_30,close,lh_entry_next_open",,,,,,,,,,,missing_boundary,,,,,,,,ES.v.0,2021-03-13,,,,,
,,,,,,,calendar_closed,,,,,,,False,,"window_start,open_plus_30,close_minus_60,close_minus_30,close,lh_entry_next_open",,,,,,,,,,,missing_boundary,,,,,,,,ES.v.0,2021-03-14,,,,,
,,,,,,,calendar_closed,,,,,,,False,,"window_start,open_plus_30,close_minus_60,close_minus_30,close,lh_entry_next_open",,,,,,,,,,,missing_boundary,,,,,,,,ES.v.0,2021-03-20,,,,,
,,,,,,,calendar_closed,,,,,,,False,,"window_start,open_plus_30,close_minus_60,close_minus_30,close,lh_entry_next_open",,,,,,,,,,,missing_boundary,,,,,,,,ES.v.0,2021-03-21,,,,,
,,,,,,,calendar_closed,,,,,,,False,,"window_start,open_plus_30,close_minus_60,close_minus_30,close,lh_entry_next_open",,,,,,,,,,,missing_boundary,,,,,,,,ES.v.0,2021-03-27,,,,,
,,,,,,,calendar_closed,,,,,,,False,,"window_start,open_plus_30,close_minus_60,close_minus_30,close,lh_entry_next_open",,,,,,,,,,,missing_boundary,,,,,,,,ES.v.0,2021-03-28,,,,,
,,,,,,,calendar_closed,,,,,,,False,,"window_start,open_plus_30,close_minus_60,close_minus_30,close,lh_entry_next_open",,,,,,,,,,,missing_boundary,,,,,,,,ES.v.0,2021-04-02,,,,,
,,,,,,,calendar_closed,,,,,,,False,,"window_start,open_plus_30,close_minus_60,close_minus_30,close,lh_entry_next_open",,,,,,,,,,,missing_boundary,,,,,,,,ES.v.0,2021-04-03,,,,,
,,,,,,,calendar_closed,,,,,,,False,,"window_start,open_plus_30,close_minus_60,close_minus_30,close,lh_entry_next_open",,,,,,,,,,,missing_boundary,,,,,,,,ES.v.0,2021-04-04,,,,,
,,,,,,,calendar_closed,,,,,,,False,,"window_start,open_plus_30,close_minus_60,close_minus_30,close,lh_entry_next_open",,,,,,,,,,,missing_boundary,,,,,,,,ES.v.0,2021-04-10,,,,,
,,,,,,,calendar_closed,,,,,,,False,,"window_start,open_plus_30,close_minus_60,close_minus_30,close,lh_entry_next_open",,,,,,,,,,,missing_boundary,,,,,,,,ES.v.0,2021-04-11,,,,,
,,,,,,,calendar_closed,,,,,,,False,,"window_start,open_plus_30,close_minus_60,close_minus_30,close,lh_entry_next_open",,,,,,,,,,,missing_boundary,,,,,,,,ES.v.0,2021-04-17,,,,,
,,,,,,,calendar_closed,,,,,,,False,,"window_start,open_plus_30,close_minus_60,close_minus_30,close,lh_entry_next_open",,,,,,,,,,,missing_boundary,,,,,,,,ES.v.0,2021-04-18,,,,,
,,,,,,,calendar_closed,,,,,,,False,,"window_start,open_plus_30,close_minus_60,close_minus_30,close,lh_entry_next_open",,,,,,,,,,,missing_boundary,,,,,,,,ES.v.0,2021-04-24,,,,,
,,,,,,,calendar_closed,,,,,,,False,,"window_start,open_plus_30,close_minus_60,close_minus_30,close,lh_entry_next_open",,,,,,,,,,,missing_boundary,,,,,,,,ES.v.0,2021-04-25,,,,,
,,,,,,,calendar_closed,,,,,,,False,,"window_start,open_plus_30,close_minus_60,close_minus_30,close,lh_entry_next_open",,,,,,,,,,,missing_boundary,,,,,,,,ES.v.0,2021-05-01,,,,,
,,,,,,,calendar_closed,,,,,,,False,,"window_start,open_plus_30,close_minus_60,close_minus_30,close,lh_entry_next_open",,,,,,,,,,,missing_boundary,,,,,,,,ES.v.0,2021-05-02,,,,,
,,,,,,,calendar_closed,,,,,,,False,,"window_start,open_plus_30,close_minus_60,close_minus_30,close,lh_entry_next_open",,,,,,,,,,,missing_boundary,,,,,,,,ES.v.0,2021-05-08,,,,,
,,,,,,,calendar_closed,,,,,,,False,,"window_start,open_plus_30,close_minus_60,close_minus_30,close,lh_entry_next_open",,,,,,,,,,,missing_boundary,,,,,,,,ES.v.0,2021-05-09,,,,,
,,,,,,,calendar_closed,,,,,,,False,,"window_start,open_plus_30,close_minus_60,close_minus_30,close,lh_entry_next_open",,,,,,,,,,,missing_boundary,,,,,,,,ES.v.0,2021-05-15,,,,,
,,,,,,,calendar_closed,,,,,,,False,,"window_start,open_plus_30,close_minus_60,close_minus_30,close,lh_entry_next_open",,,,,,,,,,,missing_boundary,,,,,,,,ES.v.0,2021-05-16,,,,,
,,,,,,,calendar_closed,,,,,,,False,,"window_start,open_plus_30,close_minus_60,close_minus_30,close,lh_entry_next_open",,,,,,,,,,,missing_boundary,,,,,,,,ES.v.0,2021-05-22,,,,,
,,,,,,,calendar_closed,,,,,,,False,,"window_start,open_plus_30,close_minus_60,close_minus_30,close,lh_entry_next_open",,,,,,,,,,,missing_boundary,,,,,,,,ES.v.0,2021-05-23,,,,,
,,,,,,,calendar_closed,,,,,,,False,,"window_start,open_plus_30,close_minus_60,close_minus_30,close,lh_entry_next_open",,,,,,,,,,,missing_boundary,,,,,,,,ES.v.0,2021-05-29,,,,,
,,,,,,,calendar_closed,,,,,,,False,,"window_start,open_plus_30,close_minus_60,close_minus_30,close,lh_entry_next_open",,,,,,,,,,,missing_boundary,,,,,,,,ES.v.0,2021-05-30,,,,,
,,,,,,,calendar_closed,,,,,,,False,,"close_minus_60,close_minus_30,close,lh_entry_next_open",,,,,,,,,,,missing_boundary,,,,,,,,ES.v.0,2021-05-31,,,,,
,,,,,,,calendar_closed,,,,,,,False,,"window_start,open_plus_30,close_minus_60,close_minus_30,close,lh_entry_next_open",,,,,,,,,,,missing_boundary,,,,,,,,ES.v.0,2021-06-05,,,,,
,,,,,,,calendar_closed,,,,,,,False,,"window_start,open_plus_30,close_minus_60,close_minus_30,close,lh_entry_next_open",,,,,,,,,,,missing_boundary,,,,,,,,ES.v.0,2021-06-06,,,,,
,,,,,,,calendar_closed,,,,,,,False,,"window_start,open_plus_30,close_minus_60,close_minus_30,close,lh_entry_next_open",,,,,,,,,,,missing_boundary,,,,,,,,ES.v.0,2021-06-12,,,,,
,,,,,,,calendar_closed,,,,,,,False,,"window_start,open_plus_30,close_minus_60,close_minus_30,close,lh_entry_next_open",,,,,,,,,,,missing_boundary,,,,,,,,ES.v.0,2021-06-13,,,,,
,,,,,,,calendar_closed,,,,,,,False,,"window_start,open_plus_30,close_minus_60,close_minus_30,close,lh_entry_next_open",,,,,,,,,,,missing_boundary,,,,,,,,ES.v.0,2021-06-19,,,,,
,,,,,,,calendar_closed,,,,,,,False,,"window_start,open_plus_30,close_minus_60,close_minus_30,close,lh_entry_next_open",,,,,,,,,,,missing_boundary,,,,,,,,ES.v.0,2021-06-20,,,,,
,,,,,,,calendar_closed,,,,,,,False,,"window_start,open_plus_30,close_minus_60,close_minus_30,close,lh_entry_next_open",,,,,,,,,,,missing_boundary,,,,,,,,ES.v.0,2021-06-26,,,,,
,,,,,,,calendar_closed,,,,,,,False,,"window_start,open_plus_30,close_minus_60,close_minus_30,close,lh_entry_next_open",,,,,,,,,,,missing_boundary,,,,,,,,ES.v.0,2021-06-27,,,,,
,,,,,,,calendar_closed,,,,,,,False,,"window_start,open_plus_30,close_minus_60,close_minus_30,close,lh_entry_next_open",,,,,,,,,,,missing_boundary,,,,,,,,ES.v.0,2021-07-03,,,,,
,,,,,,,calendar_closed,,,,,,,False,,"window_start,open_plus_30,close_minus_60,close_minus_30,close,lh_entry_next_open",,,,,,,,,,,missing_boundary,,,,,,,,ES.v.0,2021-07-04,,,,,
,,,,,,,calendar_closed,,,,,,,False,,"close_minus_60,close_minus_30,close,lh_entry_next_open",,,,,,,,,,,missing_boundary,,,,,,,,ES.v.0,2021-07-05,,,,,
,,,,,,,calendar_closed,,,,,,,False,,"window_start,open_plus_30,close_minus_60,close_minus_30,close,lh_entry_next_open",,,,,,,,,,,missing_boundary,,,,,,,,ES.v.0,2021-07-10,,,,,
,,,,,,,calendar_closed,,,,,,,False,,"window_start,open_plus_30,close_minus_60,close_minus_30,close,lh_entry_next_open",,,,,,,,,,,missing_boundary,,,,,,,,ES.v.0,2021-07-11,,,,,
,,,,,,,calendar_closed,,,,,,,False,,"window_start,open_plus_30,close_minus_60,close_minus_30,close,lh_entry_next_open",,,,,,,,,,,missing_boundary,,,,,,,,ES.v.0,2021-07-17,,,,,
,,,,,,,calendar_closed,,,,,,,False,,"window_start,open_plus_30,close_minus_60,close_minus_30,close,lh_entry_next_open",,,,,,,,,,,missing_boundary,,,,,,,,ES.v.0,2021-07-18,,,,,
,,,,,,,calendar_closed,,,,,,,False,,"window_start,open_plus_30,close_minus_60,close_minus_30,close,lh_entry_next_open",,,,,,,,,,,missing_boundary,,,,,,,,ES.v.0,2021-07-24,,,,,
,,,,,,,calendar_closed,,,,,,,False,,"window_start,open_plus_30,close_minus_60,close_minus_30,close,lh_entry_next_open",,,,,,,,,,,missing_boundary,,,,,,,,ES.v.0,2021-07-25,,,,,
,,,,,,,calendar_closed,,,,,,,False,,"window_start,open_plus_30,close_minus_60,close_minus_30,close,lh_entry_next_open",,,,,,,,,,,missing_boundary,,,,,,,,ES.v.0,2021-07-31,,,,,
,,,,,,,calendar_closed,,,,,,,False,,"window_start,open_plus_30,close_minus_60,close_minus_30,close,lh_entry_next_open",,,,,,,,,,,missing_boundary,,,,,,,,ES.v.0,2021-08-01,,,,,
,,,,,,,calendar_closed,,,,,,,False,,"window_start,open_plus_30,close_minus_60,close_minus_30,close,lh_entry_next_open",,,,,,,,,,,missing_boundary,,,,,,,,ES.v.0,2021-08-07,,,,,
,,,,,,,calendar_closed,,,,,,,False,,"window_start,open_plus_30,close_minus_60,close_minus_30,close,lh_entry_next_open",,,,,,,,,,,missing_boundary,,,,,,,,ES.v.0,2021-08-08,,,,,
,,,,,,,calendar_closed,,,,,,,False,,"window_start,open_plus_30,close_minus_60,close_minus_30,close,lh_entry_next_open",,,,,,,,,,,missing_boundary,,,,,,,,ES.v.0,2021-08-14,,,,,
,,,,,,,calendar_closed,,,,,,,False,,"window_start,open_plus_30,close_minus_60,close_minus_30,close,lh_entry_next_open",,,,,,,,,,,missing_boundary,,,,,,,,ES.v.0,2021-08-15,,,,,
,,,,,,,calendar_closed,,,,,,,False,,"window_start,open_plus_30,close_minus_60,close_minus_30,close,lh_entry_next_open",,,,,,,,,,,missing_boundary,,,,,,,,ES.v.0,2021-08-21,,,,,
,,,,,,,calendar_closed,,,,,,,False,,"window_start,open_plus_30,close_minus_60,close_minus_30,close,lh_entry_next_open",,,,,,,,,,,missing_boundary,,,,,,,,ES.v.0,2021-08-22,,,,,
,,,,,,,calendar_closed,,,,,,,False,,"window_start,open_plus_30,close_minus_60,close_minus_30,close,lh_entry_next_open",,,,,,,,,,,missing_boundary,,,,,,,,ES.v.0,2021-08-28,,,,,
,,,,,,,calendar_closed,,,,,,,False,,"window_start,open_plus_30,close_minus_60,close_minus_30,close,lh_entry_next_open",,,,,,,,,,,missing_boundary,,,,,,,,ES.v.0,2021-08-29,,,,,
,,,,,,,calendar_closed,,,,,,,False,,"window_start,open_plus_30,close_minus_60,close_minus_30,close,lh_entry_next_open",,,,,,,,,,,missing_boundary,,,,,,,,ES.v.0,2021-09-04,,,,,
,,,,,,,calendar_closed,,,,,,,False,,"window_start,open_plus_30,close_minus_60,close_minus_30,close,lh_entry_next_open",,,,,,,,,,,missing_boundary,,,,,,,,ES.v.0,2021-09-05,,,,,
,,,,,,,calendar_closed,,,,,,,False,,"close_minus_60,close_minus_30,close,lh_entry_next_open",,,,,,,,,,,missing_boundary,,,,,,,,ES.v.0,2021-09-06,,,,,
,,,,,,,calendar_closed,,,,,,,False,,"window_start,open_plus_30,close_minus_60,close_minus_30,close,lh_entry_next_open",,,,,,,,,,,missing_boundary,,,,,,,,ES.v.0,2021-09-11,,,,,
,,,,,,,calendar_closed,,,,,,,False,,"window_start,open_plus_30,close_minus_60,close_minus_30,close,lh_entry_next_open",,,,,,,,,,,missing_boundary,,,,,,,,ES.v.0,2021-09-12,,,,,
,,,,,,,calendar_closed,,,,,,,False,,"window_start,open_plus_30,close_minus_60,close_minus_30,close,lh_entry_next_open",,,,,,,,,,,missing_boundary,,,,,,,,ES.v.0,2021-09-18,,,,,
,,,,,,,calendar_closed,,,,,,,False,,"window_start,open_plus_30,close_minus_60,close_minus_30,close,lh_entry_next_open",,,,,,,,,,,missing_boundary,,,,,,,,ES.v.0,2021-09-19,,,,,
,,,,,,,calendar_closed,,,,,,,False,,"window_start,open_plus_30,close_minus_60,close_minus_30,close,lh_entry_next_open",,,,,,,,,,,missing_boundary,,,,,,,,ES.v.0,2021-09-25,,,,,
,,,,,,,calendar_closed,,,,,,,False,,"window_start,open_plus_30,close_minus_60,close_minus_30,close,lh_entry_next_open",,,,,,,,,,,missing_boundary,,,,,,,,ES.v.0,2021-09-26,,,,,
,,,,,,,calendar_closed,,,,,,,False,,"window_start,open_plus_30,close_minus_60,close_minus_30,close,lh_entry_next_open",,,,,,,,,,,missing_boundary,,,,,,,,ES.v.0,2021-10-02,,,,,
,,,,,,,calendar_closed,,,,,,,False,,"window_start,open_plus_30,close_minus_60,close_minus_30,close,lh_entry_next_open",,,,,,,,,,,missing_boundary,,,,,,,,ES.v.0,2021-10-03,,,,,
,,,,,,,calendar_closed,,,,,,,False,,"window_start,open_plus_30,close_minus_60,close_minus_30,close,lh_entry_next_open",,,,,,,,,,,missing_boundary,,,,,,,,ES.v.0,2021-10-09,,,,,
,,,,,,,calendar_closed,,,,,,,False,,"window_start,open_plus_30,close_minus_60,close_minus_30,close,lh_entry_next_open",,,,,,,,,,,missing_boundary,,,,,,,,ES.v.0,2021-10-10,,,,,
,,,,,,,calendar_closed,,,,,,,False,,"window_start,open_plus_30,close_minus_60,close_minus_30,close,lh_entry_next_open",,,,,,,,,,,missing_boundary,,,,,,,,ES.v.0,2021-10-16,,,,,
,,,,,,,calendar_closed,,,,,,,False,,"window_start,open_plus_30,close_minus_60,close_minus_30,close,lh_entry_next_open",,,,,,,,,,,missing_boundary,,,,,,,,ES.v.0,2021-10-17,,,,,
,,,,,,,calendar_closed,,,,,,,False,,"window_start,open_plus_30,close_minus_60,close_minus_30,close,lh_entry_next_open",,,,,,,,,,,missing_boundary,,,,,,,,ES.v.0,2021-10-23,,,,,
,,,,,,,calendar_closed,,,,,,,False,,"window_start,open_plus_30,close_minus_60,close_minus_30,close,lh_entry_next_open",,,,,,,,,,,missing_boundary,,,,,,,,ES.v.0,2021-10-24,,,,,
,,,,,,,calendar_closed,,,,,,,False,,"window_start,open_plus_30,close_minus_60,close_minus_30,close,lh_entry_next_open",,,,,,,,,,,missing_boundary,,,,,,,,ES.v.0,2021-10-30,,,,,
,,,,,,,calendar_closed,,,,,,,False,,"window_start,open_plus_30,close_minus_60,close_minus_30,close,lh_entry_next_open",,,,,,,,,,,missing_boundary,,,,,,,,ES.v.0,2021-10-31,,,,,
,,,,,,,calendar_closed,,,,,,,False,,"window_start,open_plus_30,close_minus_60,close_minus_30,close,lh_entry_next_open",,,,,,,,,,,missing_boundary,,,,,,,,ES.v.0,2021-11-06,,,,,
,,,,,,,calendar_closed,,,,,,,False,,"window_start,open_plus_30,close_minus_60,close_minus_30,close,lh_entry_next_open",,,,,,,,,,,missing_boundary,,,,,,,,ES.v.0,2021-11-07,,,,,
,,,,,,,calendar_closed,,,,,,,False,,"window_start,open_plus_30,close_minus_60,close_minus_30,close,lh_entry_next_open",,,,,,,,,,,missing_boundary,,,,,,,,ES.v.0,2021-11-13,,,,,
,,,,,,,calendar_closed,,,,,,,False,,"window_start,open_plus_30,close_minus_60,close_minus_30,close,lh_entry_next_open",,,,,,,,,,,missing_boundary,,,,,,,,ES.v.0,2021-11-14,,,,,
,,,,,,,calendar_closed,,,,,,,False,,"window_start,open_plus_30,close_minus_60,close_minus_30,close,lh_entry_next_open",,,,,,,,,,,missing_boundary,,,,,,,,ES.v.0,2021-11-20,,,,,
,,,,,,,calendar_closed;missing_previous_close,,,,,,,False,,"window_start,open_plus_30,close_minus_60,close_minus_30,close,lh_entry_next_open",,,,,,,,,,,missing_boundary,,,,,,,,NQ.v.0,2021-01-01,,,,,
,,,,,,,calendar_closed;missing_previous_close,,,,,,,False,,"window_start,open_plus_30,close_minus_60,close_minus_30,close,lh_entry_next_open",,,,,,,,,,,missing_boundary,,,,,,,,NQ.v.0,2021-01-02,,,,,
,,,,,,,calendar_closed;missing_previous_close,,,,,,,False,,"window_start,open_plus_30,close_minus_60,close_minus_30,close,lh_entry_next_open",,,,,,,,,,,missing_boundary,,,,,,,,NQ.v.0,2021-01-03,,,,,
,,,,,,,calendar_closed,,,,,,,False,,"window_start,open_plus_30,close_minus_60,close_minus_30,close,lh_entry_next_open",,,,,,,,,,,missing_boundary,,,,,,,,NQ.v.0,2021-01-09,,,,,
,,,,,,,calendar_closed,,,,,,,False,,"window_start,open_plus_30,close_minus_60,close_minus_30,close,lh_entry_next_open",,,,,,,,,,,missing_boundary,,,,,,,,NQ.v.0,2021-01-10,,,,,
,,,,,,,calendar_closed,,,,,,,False,,"window_start,open_plus_30,close_minus_60,close_minus_30,close,lh_entry_next_open",,,,,,,,,,,missing_boundary,,,,,,,,NQ.v.0,2021-01-16,,,,,
,,,,,,,calendar_closed,,,,,,,False,,"window_start,open_plus_30,close_minus_60,close_minus_30,close,lh_entry_next_open",,,,,,,,,,,missing_boundary,,,,,,,,NQ.v.0,2021-01-17,,,,,
,,,,,,,calendar_closed,,,,,,,False,,"close_minus_60,close_minus_30,close,lh_entry_next_open",,,,,,,,,,,missing_boundary,,,,,,,,NQ.v.0,2021-01-18,,,,,
,,,,,,,calendar_closed,,,,,,,False,,"window_start,open_plus_30,close_minus_60,close_minus_30,close,lh_entry_next_open",,,,,,,,,,,missing_boundary,,,,,,,,NQ.v.0,2021-01-23,,,,,
,,,,,,,calendar_closed,,,,,,,False,,"window_start,open_plus_30,close_minus_60,close_minus_30,close,lh_entry_next_open",,,,,,,,,,,missing_boundary,,,,,,,,NQ.v.0,2021-01-24,,,,,
,,,,,,,calendar_closed,,,,,,,False,,"window_start,open_plus_30,close_minus_60,close_minus_30,close,lh_entry_next_open",,,,,,,,,,,missing_boundary,,,,,,,,NQ.v.0,2021-01-30,,,,,
,,,,,,,calendar_closed,,,,,,,False,,"window_start,open_plus_30,close_minus_60,close_minus_30,close,lh_entry_next_open",,,,,,,,,,,missing_boundary,,,,,,,,NQ.v.0,2021-01-31,,,,,
,,,,,,,calendar_closed,,,,,,,False,,"window_start,open_plus_30,close_minus_60,close_minus_30,close,lh_entry_next_open",,,,,,,,,,,missing_boundary,,,,,,,,NQ.v.0,2021-02-06,,,,,
,,,,,,,calendar_closed,,,,,,,False,,"window_start,open_plus_30,close_minus_60,close_minus_30,close,lh_entry_next_open",,,,,,,,,,,missing_boundary,,,,,,,,NQ.v.0,2021-02-07,,,,,
,,,,,,,calendar_closed,,,,,,,False,,"window_start,open_plus_30,close_minus_60,close_minus_30,close,lh_entry_next_open",,,,,,,,,,,missing_boundary,,,,,,,,NQ.v.0,2021-02-13,,,,,
,,,,,,,calendar_closed,,,,,,,False,,"window_start,open_plus_30,close_minus_60,close_minus_30,close,lh_entry_next_open",,,,,,,,,,,missing_boundary,,,,,,,,NQ.v.0,2021-02-14,,,,,
,,,,,,,calendar_closed,,,,,,,False,,"close_minus_60,close_minus_30,close,lh_entry_next_open",,,,,,,,,,,missing_boundary,,,,,,,,NQ.v.0,2021-02-15,,,,,
,,,,,,,calendar_closed,,,,,,,False,,"window_start,open_plus_30,close_minus_60,close_minus_30,close,lh_entry_next_open",,,,,,,,,,,missing_boundary,,,,,,,,NQ.v.0,2021-02-20,,,,,
,,,,,,,calendar_closed,,,,,,,False,,"window_start,open_plus_30,close_minus_60,close_minus_30,close,lh_entry_next_open",,,,,,,,,,,missing_boundary,,,,,,,,NQ.v.0,2021-02-21,,,,,
,,,,,,,calendar_closed,,,,,,,False,,"window_start,open_plus_30,close_minus_60,close_minus_30,close,lh_entry_next_open",,,,,,,,,,,missing_boundary,,,,,,,,NQ.v.0,2021-02-27,,,,,
,,,,,,,calendar_closed,,,,,,,False,,"window_start,open_plus_30,close_minus_60,close_minus_30,close,lh_entry_next_open",,,,,,,,,,,missing_boundary,,,,,,,,NQ.v.0,2021-02-28,,,,,
,,,,,,,calendar_closed,,,,,,,False,,"window_start,open_plus_30,close_minus_60,close_minus_30,close,lh_entry_next_open",,,,,,,,,,,missing_boundary,,,,,,,,NQ.v.0,2021-03-06,,,,,
,,,,,,,calendar_closed,,,,,,,False,,"window_start,open_plus_30,close_minus_60,close_minus_30,close,lh_entry_next_open",,,,,,,,,,,missing_boundary,,,,,,,,NQ.v.0,2021-03-07,,,,,
,,,,,,,calendar_closed,,,,,,,False,,"window_start,open_plus_30,close_minus_60,close_minus_30,close,lh_entry_next_open",,,,,,,,,,,missing_boundary,,,,,,,,NQ.v.0,2021-03-13,,,,,
,,,,,,,calendar_closed,,,,,,,False,,"window_start,open_plus_30,close_minus_60,close_minus_30,close,lh_entry_next_open",,,,,,,,,,,missing_boundary,,,,,,,,NQ.v.0,2021-03-14,,,,,
,,,,,,,calendar_closed,,,,,,,False,,"window_start,open_plus_30,close_minus_60,close_minus_30,close,lh_entry_next_open",,,,,,,,,,,missing_boundary,,,,,,,,NQ.v.0,2021-03-20,,,,,
,,,,,,,calendar_closed,,,,,,,False,,"window_start,open_plus_30,close_minus_60,close_minus_30,close,lh_entry_next_open",,,,,,,,,,,missing_boundary,,,,,,,,NQ.v.0,2021-03-21,,,,,
,,,,,,,calendar_closed,,,,,,,False,,"window_start,open_plus_30,close_minus_60,close_minus_30,close,lh_entry_next_open",,,,,,,,,,,missing_boundary,,,,,,,,NQ.v.0,2021-03-27,,,,,
,,,,,,,calendar_closed,,,,,,,False,,"window_start,open_plus_30,close_minus_60,close_minus_30,close,lh_entry_next_open",,,,,,,,,,,missing_boundary,,,,,,,,NQ.v.0,2021-03-28,,,,,
,,,,,,,calendar_closed,,,,,,,False,,"window_start,open_plus_30,close_minus_60,close_minus_30,close,lh_entry_next_open",,,,,,,,,,,missing_boundary,,,,,,,,NQ.v.0,2021-04-02,,,,,
,,,,,,,calendar_closed,,,,,,,False,,"window_start,open_plus_30,close_minus_60,close_minus_30,close,lh_entry_next_open",,,,,,,,,,,missing_boundary,,,,,,,,NQ.v.0,2021-04-03,,,,,
,,,,,,,calendar_closed,,,,,,,False,,"window_start,open_plus_30,close_minus_60,close_minus_30,close,lh_entry_next_open",,,,,,,,,,,missing_boundary,,,,,,,,NQ.v.0,2021-04-04,,,,,
,,,,,,,calendar_closed,,,,,,,False,,"window_start,open_plus_30,close_minus_60,close_minus_30,close,lh_entry_next_open",,,,,,,,,,,missing_boundary,,,,,,,,NQ.v.0,2021-04-10,,,,,
,,,,,,,calendar_closed,,,,,,,False,,"window_start,open_plus_30,close_minus_60,close_minus_30,close,lh_entry_next_open",,,,,,,,,,,missing_boundary,,,,,,,,NQ.v.0,2021-04-11,,,,,
,,,,,,,calendar_closed,,,,,,,False,,"window_start,open_plus_30,close_minus_60,close_minus_30,close,lh_entry_next_open",,,,,,,,,,,missing_boundary,,,,,,,,NQ.v.0,2021-04-17,,,,,
,,,,,,,calendar_closed,,,,,,,False,,"window_start,open_plus_30,close_minus_60,close_minus_30,close,lh_entry_next_open",,,,,,,,,,,missing_boundary,,,,,,,,NQ.v.0,2021-04-18,,,,,
,,,,,,,calendar_closed,,,,,,,False,,"window_start,open_plus_30,close_minus_60,close_minus_30,close,lh_entry_next_open",,,,,,,,,,,missing_boundary,,,,,,,,NQ.v.0,2021-04-24,,,,,
,,,,,,,calendar_closed,,,,,,,False,,"window_start,open_plus_30,close_minus_60,close_minus_30,close,lh_entry_next_open",,,,,,,,,,,missing_boundary,,,,,,,,NQ.v.0,2021-04-25,,,,,
,,,,,,,calendar_closed,,,,,,,False,,"window_start,open_plus_30,close_minus_60,close_minus_30,close,lh_entry_next_open",,,,,,,,,,,missing_boundary,,,,,,,,NQ.v.0,2021-05-01,,,,,
,,,,,,,calendar_closed,,,,,,,False,,"window_start,open_plus_30,close_minus_60,close_minus_30,close,lh_entry_next_open",,,,,,,,,,,missing_boundary,,,,,,,,NQ.v.0,2021-05-02,,,,,
,,,,,,,calendar_closed,,,,,,,False,,"window_start,open_plus_30,close_minus_60,close_minus_30,close,lh_entry_next_open",,,,,,,,,,,missing_boundary,,,,,,,,NQ.v.0,2021-05-08,,,,,
,,,,,,,calendar_closed,,,,,,,False,,"window_start,open_plus_30,close_minus_60,close_minus_30,close,lh_entry_next_open",,,,,,,,,,,missing_boundary,,,,,,,,NQ.v.0,2021-05-09,,,,,
,,,,,,,calendar_closed,,,,,,,False,,"window_start,open_plus_30,close_minus_60,close_minus_30,close,lh_entry_next_open",,,,,,,,,,,missing_boundary,,,,,,,,NQ.v.0,2021-05-15,,,,,
,,,,,,,calendar_closed,,,,,,,False,,"window_start,open_plus_30,close_minus_60,close_minus_30,close,lh_entry_next_open",,,,,,,,,,,missing_boundary,,,,,,,,NQ.v.0,2021-05-16,,,,,
,,,,,,,calendar_closed,,,,,,,False,,"window_start,open_plus_30,close_minus_60,close_minus_30,close,lh_entry_next_open",,,,,,,,,,,missing_boundary,,,,,,,,NQ.v.0,2021-05-22,,,,,
,,,,,,,calendar_closed,,,,,,,False,,"window_start,open_plus_30,close_minus_60,close_minus_30,close,lh_entry_next_open",,,,,,,,,,,missing_boundary,,,,,,,,NQ.v.0,2021-05-23,,,,,
,,,,,,,calendar_closed,,,,,,,False,,"window_start,open_plus_30,close_minus_60,close_minus_30,close,lh_entry_next_open",,,,,,,,,,,missing_boundary,,,,,,,,NQ.v.0,2021-05-29,,,,,
,,,,,,,calendar_closed,,,,,,,False,,"window_start,open_plus_30,close_minus_60,close_minus_30,close,lh_entry_next_open",,,,,,,,,,,missing_boundary,,,,,,,,NQ.v.0,2021-05-30,,,,,
,,,,,,,calendar_closed,,,,,,,False,,"close_minus_60,close_minus_30,close,lh_entry_next_open",,,,,,,,,,,missing_boundary,,,,,,,,NQ.v.0,2021-05-31,,,,,
,,,,,,,calendar_closed,,,,,,,False,,"window_start,open_plus_30,close_minus_60,close_minus_30,close,lh_entry_next_open",,,,,,,,,,,missing_boundary,,,,,,,,NQ.v.0,2021-06-05,,,,,
,,,,,,,calendar_closed,,,,,,,False,,"window_start,open_plus_30,close_minus_60,close_minus_30,close,lh_entry_next_open",,,,,,,,,,,missing_boundary,,,,,,,,NQ.v.0,2021-06-06,,,,,
,,,,,,,calendar_closed,,,,,,,False,,"window_start,open_plus_30,close_minus_60,close_minus_30,close,lh_entry_next_open",,,,,,,,,,,missing_boundary,,,,,,,,NQ.v.0,2021-06-12,,,,,
,,,,,,,calendar_closed,,,,,,,False,,"window_start,open_plus_30,close_minus_60,close_minus_30,close,lh_entry_next_open",,,,,,,,,,,missing_boundary,,,,,,,,NQ.v.0,2021-06-13,,,,,
,,,,,,,calendar_closed,,,,,,,False,,"window_start,open_plus_30,close_minus_60,close_minus_30,close,lh_entry_next_open",,,,,,,,,,,missing_boundary,,,,,,,,NQ.v.0,2021-06-19,,,,,
,,,,,,,calendar_closed,,,,,,,False,,"window_start,open_plus_30,close_minus_60,close_minus_30,close,lh_entry_next_open",,,,,,,,,,,missing_boundary,,,,,,,,NQ.v.0,2021-06-20,,,,,
,,,,,,,calendar_closed,,,,,,,False,,"window_start,open_plus_30,close_minus_60,close_minus_30,close,lh_entry_next_open",,,,,,,,,,,missing_boundary,,,,,,,,NQ.v.0,2021-06-26,,,,,
,,,,,,,calendar_closed,,,,,,,False,,"window_start,open_plus_30,close_minus_60,close_minus_30,close,lh_entry_next_open",,,,,,,,,,,missing_boundary,,,,,,,,NQ.v.0,2021-06-27,,,,,
,,,,,,,calendar_closed,,,,,,,False,,"window_start,open_plus_30,close_minus_60,close_minus_30,close,lh_entry_next_open",,,,,,,,,,,missing_boundary,,,,,,,,NQ.v.0,2021-07-03,,,,,
,,,,,,,calendar_closed,,,,,,,False,,"window_start,open_plus_30,close_minus_60,close_minus_30,close,lh_entry_next_open",,,,,,,,,,,missing_boundary,,,,,,,,NQ.v.0,2021-07-04,,,,,
,,,,,,,calendar_closed,,,,,,,False,,"close_minus_60,close_minus_30,close,lh_entry_next_open",,,,,,,,,,,missing_boundary,,,,,,,,NQ.v.0,2021-07-05,,,,,
,,,,,,,calendar_closed,,,,,,,False,,"window_start,open_plus_30,close_minus_60,close_minus_30,close,lh_entry_next_open",,,,,,,,,,,missing_boundary,,,,,,,,NQ.v.0,2021-07-10,,,,,
,,,,,,,calendar_closed,,,,,,,False,,"window_start,open_plus_30,close_minus_60,close_minus_30,close,lh_entry_next_open",,,,,,,,,,,missing_boundary,,,,,,,,NQ.v.0,2021-07-11,,,,,
,,,,,,,calendar_closed,,,,,,,False,,"window_start,open_plus_30,close_minus_60,close_minus_30,close,lh_entry_next_open",,,,,,,,,,,missing_boundary,,,,,,,,NQ.v.0,2021-07-17,,,,,
,,,,,,,calendar_closed,,,,,,,False,,"window_start,open_plus_30,close_minus_60,close_minus_30,close,lh_entry_next_open",,,,,,,,,,,missing_boundary,,,,,,,,NQ.v.0,2021-07-18,,,,,
,,,,,,,calendar_closed,,,,,,,False,,"window_start,open_plus_30,close_minus_60,close_minus_30,close,lh_entry_next_open",,,,,,,,,,,missing_boundary,,,,,,,,NQ.v.0,2021-07-24,,,,,
,,,,,,,calendar_closed,,,,,,,False,,"window_start,open_plus_30,close_minus_60,close_minus_30,close,lh_entry_next_open",,,,,,,,,,,missing_boundary,,,,,,,,NQ.v.0,2021-07-25,,,,,
,,,,,,,calendar_closed,,,,,,,False,,"window_start,open_plus_30,close_minus_60,close_minus_30,close,lh_entry_next_open",,,,,,,,,,,missing_boundary,,,,,,,,NQ.v.0,2021-07-31,,,,,
,,,,,,,calendar_closed,,,,,,,False,,"window_start,open_plus_30,close_minus_60,close_minus_30,close,lh_entry_next_open",,,,,,,,,,,missing_boundary,,,,,,,,NQ.v.0,2021-08-01,,,,,
,,,,,,,calendar_closed,,,,,,,False,,"window_start,open_plus_30,close_minus_60,close_minus_30,close,lh_entry_next_open",,,,,,,,,,,missing_boundary,,,,,,,,NQ.v.0,2021-08-07,,,,,
,,,,,,,calendar_closed,,,,,,,False,,"window_start,open_plus_30,close_minus_60,close_minus_30,close,lh_entry_next_open",,,,,,,,,,,missing_boundary,,,,,,,,NQ.v.0,2021-08-08,,,,,
,,,,,,,calendar_closed,,,,,,,False,,"window_start,open_plus_30,close_minus_60,close_minus_30,close,lh_entry_next_open",,,,,,,,,,,missing_boundary,,,,,,,,NQ.v.0,2021-08-14,,,,,
,,,,,,,calendar_closed,,,,,,,False,,"window_start,open_plus_30,close_minus_60,close_minus_30,close,lh_entry_next_open",,,,,,,,,,,missing_boundary,,,,,,,,NQ.v.0,2021-08-15,,,,,
,,,,,,,calendar_closed,,,,,,,False,,"window_start,open_plus_30,close_minus_60,close_minus_30,close,lh_entry_next_open",,,,,,,,,,,missing_boundary,,,,,,,,NQ.v.0,2021-08-21,,,,,
,,,,,,,calendar_closed,,,,,,,False,,"window_start,open_plus_30,close_minus_60,close_minus_30,close,lh_entry_next_open",,,,,,,,,,,missing_boundary,,,,,,,,NQ.v.0,2021-08-22,,,,,
,,,,,,,calendar_closed,,,,,,,False,,"window_start,open_plus_30,close_minus_60,close_minus_30,close,lh_entry_next_open",,,,,,,,,,,missing_boundary,,,,,,,,NQ.v.0,2021-08-28,,,,,
,,,,,,,calendar_closed,,,,,,,False,,"window_start,open_plus_30,close_minus_60,close_minus_30,close,lh_entry_next_open",,,,,,,,,,,missing_boundary,,,,,,,,NQ.v.0,2021-08-29,,,,,
,,,,,,,calendar_closed,,,,,,,False,,"window_start,open_plus_30,close_minus_60,close_minus_30,close,lh_entry_next_open",,,,,,,,,,,missing_boundary,,,,,,,,NQ.v.0,2021-09-04,,,,,
,,,,,,,calendar_closed,,,,,,,False,,"window_start,open_plus_30,close_minus_60,close_minus_30,close,lh_entry_next_open",,,,,,,,,,,missing_boundary,,,,,,,,NQ.v.0,2021-09-05,,,,,
,,,,,,,calendar_closed,,,,,,,False,,"close_minus_60,close_minus_30,close,lh_entry_next_open",,,,,,,,,,,missing_boundary,,,,,,,,NQ.v.0,2021-09-06,,,,,
,,,,,,,calendar_closed,,,,,,,False,,"window_start,open_plus_30,close_minus_60,close_minus_30,close,lh_entry_next_open",,,,,,,,,,,missing_boundary,,,,,,,,NQ.v.0,2021-09-11,,,,,
,,,,,,,calendar_closed,,,,,,,False,,"window_start,open_plus_30,close_minus_60,close_minus_30,close,lh_entry_next_open",,,,,,,,,,,missing_boundary,,,,,,,,NQ.v.0,2021-09-12,,,,,
,,,,,,,calendar_closed,,,,,,,False,,"window_start,open_plus_30,close_minus_60,close_minus_30,close,lh_entry_next_open",,,,,,,,,,,missing_boundary,,,,,,,,NQ.v.0,2021-09-18,,,,,
,,,,,,,calendar_closed,,,,,,,False,,"window_start,open_plus_30,close_minus_60,close_minus_30,close,lh_entry_next_open",,,,,,,,,,,missing_boundary,,,,,,,,NQ.v.0,2021-09-19,,,,,
,,,,,,,calendar_closed,,,,,,,False,,"window_start,open_plus_30,close_minus_60,close_minus_30,close,lh_entry_next_open",,,,,,,,,,,missing_boundary,,,,,,,,NQ.v.0,2021-09-25,,,,,
,,,,,,,calendar_closed,,,,,,,False,,"window_start,open_plus_30,close_minus_60,close_minus_30,close,lh_entry_next_open",,,,,,,,,,,missing_boundary,,,,,,,,NQ.v.0,2021-09-26,,,,,
,,,,,,,calendar_closed,,,,,,,False,,"window_start,open_plus_30,close_minus_60,close_minus_30,close,lh_entry_next_open",,,,,,,,,,,missing_boundary,,,,,,,,NQ.v.0,2021-10-02,,,,,
,,,,,,,calendar_closed,,,,,,,False,,"window_start,open_plus_30,close_minus_60,close_minus_30,close,lh_entry_next_open",,,,,,,,,,,missing_boundary,,,,,,,,NQ.v.0,2021-10-03,,,,,
,,,,,,,calendar_closed,,,,,,,False,,"window_start,open_plus_30,close_minus_60,close_minus_30,close,lh_entry_next_open",,,,,,,,,,,missing_boundary,,,,,,,,NQ.v.0,2021-10-09,,,,,
,,,,,,,calendar_closed,,,,,,,False,,"window_start,open_plus_30,close_minus_60,close_minus_30,close,lh_entry_next_open",,,,,,,,,,,missing_boundary,,,,,,,,NQ.v.0,2021-10-10,,,,,
,,,,,,,calendar_closed,,,,,,,False,,"window_start,open_plus_30,close_minus_60,close_minus_30,close,lh_entry_next_open",,,,,,,,,,,missing_boundary,,,,,,,,NQ.v.0,2021-10-16,,,,,
,,,,,,,calendar_closed,,,,,,,False,,"window_start,open_plus_30,close_minus_60,close_minus_30,close,lh_entry_next_open",,,,,,,,,,,missing_boundary,,,,,,,,NQ.v.0,2021-10-17,,,,,
,,,,,,,calendar_closed,,,,,,,False,,"window_start,open_plus_30,close_minus_60,close_minus_30,close,lh_entry_next_open",,,,,,,,,,,missing_boundary,,,,,,,,NQ.v.0,2021-10-23,,,,,
,,,,,,,calendar_closed,,,,,,,False,,"window_start,open_plus_30,close_minus_60,close_minus_30,close,lh_entry_next_open",,,,,,,,,,,missing_boundary,,,,,,,,NQ.v.0,2021-10-24,,,,,
,,,,,,,calendar_closed,,,,,,,False,,"window_start,open_plus_30,close_minus_60,close_minus_30,close,lh_entry_next_open",,,,,,,,,,,missing_boundary,,,,,,,,NQ.v.0,2021-10-30,,,,,
,,,,,,,calendar_closed,,,,,,,False,,"window_start,open_plus_30,close_minus_60,close_minus_30,close,lh_entry_next_open",,,,,,,,,,,missing_boundary,,,,,,,,NQ.v.0,2021-10-31,,,,,
,,,,,,,calendar_closed,,,,,,,False,,"window_start,open_plus_30,close_minus_60,close_minus_30,close,lh_entry_next_open",,,,,,,,,,,missing_boundary,,,,,,,,NQ.v.0,2021-11-06,,,,,
,,,,,,,calendar_closed,,,,,,,False,,"window_start,open_plus_30,close_minus_60,close_minus_30,close,lh_entry_next_open",,,,,,,,,,,missing_boundary,,,,,,,,NQ.v.0,2021-11-07,,,,,
,,,,,,,calendar_closed,,,,,,,False,,"window_start,open_plus_30,close_minus_60,close_minus_30,close,lh_entry_next_open",,,,,,,,,,,missing_boundary,,,,,,,,NQ.v.0,2021-11-13,,,,,
,,,,,,,calendar_closed,,,,,,,False,,"window_start,open_plus_30,close_minus_60,close_minus_30,close,lh_entry_next_open",,,,,,,,,,,missing_boundary,,,,,,,,NQ.v.0,2021-11-14,,,,,
,,,,,,,calendar_closed,,,,,,,False,,"window_start,open_plus_30,close_minus_60,close_minus_30,close,lh_entry_next_open",,,,,,,,,,,missing_boundary,,,,,,,,NQ.v.0,2021-11-20,,,,,
,,,,,,,calendar_closed;missing_previous_close,,,,,,,False,,"window_start,open_plus_30,close_minus_60,close_minus_30,close,lh_entry_next_open",,,,,,,,,,,missing_boundary,,,,,,,,GC.v.0,2021-01-01,,,,,
,,,,,,,calendar_closed;missing_previous_close,,,,,,,False,,"window_start,open_plus_30,close_minus_60,close_minus_30,close,lh_entry_next_open",,,,,,,,,,,missing_boundary,,,,,,,,GC.v.0,2021-01-02,,,,,
,,,,,,,calendar_closed;missing_previous_close,,,,,,,False,,"window_start,open_plus_30,close_minus_60,close_minus_30,close,lh_entry_next_open",,,,,,,,,,,missing_boundary,,,,,,,,GC.v.0,2021-01-03,,,,,
,,,,,,,calendar_closed,,,,,,,False,,"window_start,open_plus_30,close_minus_60,close_minus_30,close,lh_entry_next_open",,,,,,,,,,,missing_boundary,,,,,,,,GC.v.0,2021-01-09,,,,,
,,,,,,,calendar_closed,,,,,,,False,,"window_start,open_plus_30,close_minus_60,close_minus_30,close,lh_entry_next_open",,,,,,,,,,,missing_boundary,,,,,,,,GC.v.0,2021-01-10,,,,,
,,,,,,,calendar_closed,,,,,,,False,,"window_start,open_plus_30,close_minus_60,close_minus_30,close,lh_entry_next_open",,,,,,,,,,,missing_boundary,,,,,,,,GC.v.0,2021-01-16,,,,,
,,,,,,,calendar_closed,,,,,,,False,,"window_start,open_plus_30,close_minus_60,close_minus_30,close,lh_entry_next_open",,,,,,,,,,,missing_boundary,,,,,,,,GC.v.0,2021-01-17,,,,,
,,,,,,,calendar_early_close_before_effective_close,,,,,,,False,,"close,lh_entry_next_open",,,,,,,,,,,missing_boundary,,,,,,,,GC.v.0,2021-01-18,,,,,
,,,,,,,calendar_closed,,,,,,,False,,"window_start,open_plus_30,close_minus_60,close_minus_30,close,lh_entry_next_open",,,,,,,,,,,missing_boundary,,,,,,,,GC.v.0,2021-01-23,,,,,
,,,,,,,calendar_closed,,,,,,,False,,"window_start,open_plus_30,close_minus_60,close_minus_30,close,lh_entry_next_open",,,,,,,,,,,missing_boundary,,,,,,,,GC.v.0,2021-01-24,,,,,
,,,,,,,"missing_exact_boundary_source_on_calendar_day;missing_exact_boundary_source:close_minus_30,lh_entry_next_open",,,,,,,False,,"close_minus_30,lh_entry_next_open",,,,,,,,,,,missing_boundary,,,,,,,,GC.v.0,2021-01-28,,,,,
,,,,,,,"missing_exact_boundary_source_on_calendar_day;missing_exact_boundary_source:window_start,close_minus_60,close_minus_30",,,,,,,False,,"window_start,close_minus_60,close_minus_30",,,,,,,,,,,missing_boundary,,,,,,,,GC.v.0,2021-01-29,,,,,
,,,,,,,calendar_closed,,,,,,,False,,"window_start,open_plus_30,close_minus_60,close_minus_30,close,lh_entry_next_open",,,,,,,,,,,missing_boundary,,,,,,,,GC.v.0,2021-01-30,,,,,
,,,,,,,calendar_closed,,,,,,,False,,"window_start,open_plus_30,close_minus_60,close_minus_30,close,lh_entry_next_open",,,,,,,,,,,missing_boundary,,,,,,,,GC.v.0,2021-01-31,,,,,
,,,,,,,calendar_closed,,,,,,,False,,"window_start,open_plus_30,close_minus_60,close_minus_30,close,lh_entry_next_open",,,,,,,,,,,missing_boundary,,,,,,,,GC.v.0,2021-02-06,,,,,
,,,,,,,calendar_closed,,,,,,,False,,"window_start,open_plus_30,close_minus_60,close_minus_30,close,lh_entry_next_open",,,,,,,,,,,missing_boundary,,,,,,,,GC.v.0,2021-02-07,,,,,
,,,,,,,calendar_closed,,,,,,,False,,"window_start,open_plus_30,close_minus_60,close_minus_30,close,lh_entry_next_open",,,,,,,,,,,missing_boundary,,,,,,,,GC.v.0,2021-02-13,,,,,
,,,,,,,calendar_closed,,,,,,,False,,"window_start,open_plus_30,close_minus_60,close_minus_30,close,lh_entry_next_open",,,,,,,,,,,missing_boundary,,,,,,,,GC.v.0,2021-02-14,,,,,
,,,,,,,calendar_early_close_before_effective_close,,,,,,,False,,"close,lh_entry_next_open",,,,,,,,,,,missing_boundary,,,,,,,,GC.v.0,2021-02-15,,,,,
,,,,,,,calendar_closed,,,,,,,False,,"window_start,open_plus_30,close_minus_60,close_minus_30,close,lh_entry_next_open",,,,,,,,,,,missing_boundary,,,,,,,,GC.v.0,2021-02-20,,,,,
,,,,,,,calendar_closed,,,,,,,False,,"window_start,open_plus_30,close_minus_60,close_minus_30,close,lh_entry_next_open",,,,,,,,,,,missing_boundary,,,,,,,,GC.v.0,2021-02-21,,,,,
,,,,,,,calendar_closed,,,,,,,False,,"window_start,open_plus_30,close_minus_60,close_minus_30,close,lh_entry_next_open",,,,,,,,,,,missing_boundary,,,,,,,,GC.v.0,2021-02-27,,,,,
,,,,,,,calendar_closed,,,,,,,False,,"window_start,open_plus_30,close_minus_60,close_minus_30,close,lh_entry_next_open",,,,,,,,,,,missing_boundary,,,,,,,,GC.v.0,2021-02-28,,,,,
,,,,,,,calendar_closed,,,,,,,False,,"window_start,open_plus_30,close_minus_60,close_minus_30,close,lh_entry_next_open",,,,,,,,,,,missing_boundary,,,,,,,,GC.v.0,2021-03-06,,,,,
,,,,,,,calendar_closed,,,,,,,False,,"window_start,open_plus_30,close_minus_60,close_minus_30,close,lh_entry_next_open",,,,,,,,,,,missing_boundary,,,,,,,,GC.v.0,2021-03-07,,,,,
,,,,,,,calendar_closed,,,,,,,False,,"window_start,open_plus_30,close_minus_60,close_minus_30,close,lh_entry_next_open",,,,,,,,,,,missing_boundary,,,,,,,,GC.v.0,2021-03-13,,,,,
,,,,,,,calendar_closed,,,,,,,False,,"window_start,open_plus_30,close_minus_60,close_minus_30,close,lh_entry_next_open",,,,,,,,,,,missing_boundary,,,,,,,,GC.v.0,2021-03-14,,,,,
,,,,,,,calendar_closed,,,,,,,False,,"window_start,open_plus_30,close_minus_60,close_minus_30,close,lh_entry_next_open",,,,,,,,,,,missing_boundary,,,,,,,,GC.v.0,2021-03-20,,,,,
,,,,,,,calendar_closed,,,,,,,False,,"window_start,open_plus_30,close_minus_60,close_minus_30,close,lh_entry_next_open",,,,,,,,,,,missing_boundary,,,,,,,,GC.v.0,2021-03-21,,,,,
,,,,,,,calendar_closed,,,,,,,False,,"window_start,open_plus_30,close_minus_60,close_minus_30,close,lh_entry_next_open",,,,,,,,,,,missing_boundary,,,,,,,,GC.v.0,2021-03-27,,,,,
,,,,,,,calendar_closed,,,,,,,False,,"window_start,open_plus_30,close_minus_60,close_minus_30,close,lh_entry_next_open",,,,,,,,,,,missing_boundary,,,,,,,,GC.v.0,2021-03-28,,,,,
,,,,,,,"missing_exact_boundary_source_on_calendar_day;missing_exact_boundary_source:close_minus_60,lh_entry_next_open",,,,,,,False,,"close_minus_60,lh_entry_next_open",,,,,,,,,,,missing_boundary,,,,,,,,GC.v.0,2021-03-30,,,,,
,,,,,,,calendar_closed,,,,,,,False,,"window_start,open_plus_30,close_minus_60,close_minus_30,close,lh_entry_next_open",,,,,,,,,,,missing_boundary,,,,,,,,GC.v.0,2021-04-02,,,,,
,,,,,,,calendar_closed,,,,,,,False,,"window_start,open_plus_30,close_minus_60,close_minus_30,close,lh_entry_next_open",,,,,,,,,,,missing_boundary,,,,,,,,GC.v.0,2021-04-03,,,,,
,,,,,,,calendar_closed,,,,,,,False,,"window_start,open_plus_30,close_minus_60,close_minus_30,close,lh_entry_next_open",,,,,,,,,,,missing_boundary,,,,,,,,GC.v.0,2021-04-04,,,,,
,,,,,,,calendar_closed,,,,,,,False,,"window_start,open_plus_30,close_minus_60,close_minus_30,close,lh_entry_next_open",,,,,,,,,,,missing_boundary,,,,,,,,GC.v.0,2021-04-10,,,,,
,,,,,,,calendar_closed,,,,,,,False,,"window_start,open_plus_30,close_minus_60,close_minus_30,close,lh_entry_next_open",,,,,,,,,,,missing_boundary,,,,,,,,GC.v.0,2021-04-11,,,,,
,,,,,,,calendar_closed,,,,,,,False,,"window_start,open_plus_30,close_minus_60,close_minus_30,close,lh_entry_next_open",,,,,,,,,,,missing_boundary,,,,,,,,GC.v.0,2021-04-17,,,,,
,,,,,,,calendar_closed,,,,,,,False,,"window_start,open_plus_30,close_minus_60,close_minus_30,close,lh_entry_next_open",,,,,,,,,,,missing_boundary,,,,,,,,GC.v.0,2021-04-18,,,,,
,,,,,,,calendar_closed,,,,,,,False,,"window_start,open_plus_30,close_minus_60,close_minus_30,close,lh_entry_next_open",,,,,,,,,,,missing_boundary,,,,,,,,GC.v.0,2021-04-24,,,,,
,,,,,,,calendar_closed,,,,,,,False,,"window_start,open_plus_30,close_minus_60,close_minus_30,close,lh_entry_next_open",,,,,,,,,,,missing_boundary,,,,,,,,GC.v.0,2021-04-25,,,,,
,,,,,,,calendar_closed,,,,,,,False,,"window_start,open_plus_30,close_minus_60,close_minus_30,close,lh_entry_next_open",,,,,,,,,,,missing_boundary,,,,,,,,GC.v.0,2021-05-01,,,,,
,,,,,,,calendar_closed,,,,,,,False,,"window_start,open_plus_30,close_minus_60,close_minus_30,close,lh_entry_next_open",,,,,,,,,,,missing_boundary,,,,,,,,GC.v.0,2021-05-02,,,,,
,,,,,,,calendar_closed,,,,,,,False,,"window_start,open_plus_30,close_minus_60,close_minus_30,close,lh_entry_next_open",,,,,,,,,,,missing_boundary,,,,,,,,GC.v.0,2021-05-08,,,,,
,,,,,,,calendar_closed,,,,,,,False,,"window_start,open_plus_30,close_minus_60,close_minus_30,close,lh_entry_next_open",,,,,,,,,,,missing_boundary,,,,,,,,GC.v.0,2021-05-09,,,,,
,,,,,,,calendar_closed,,,,,,,False,,"window_start,open_plus_30,close_minus_60,close_minus_30,close,lh_entry_next_open",,,,,,,,,,,missing_boundary,,,,,,,,GC.v.0,2021-05-15,,,,,
,,,,,,,calendar_closed,,,,,,,False,,"window_start,open_plus_30,close_minus_60,close_minus_30,close,lh_entry_next_open",,,,,,,,,,,missing_boundary,,,,,,,,GC.v.0,2021-05-16,,,,,
,,,,,,,calendar_closed,,,,,,,False,,"window_start,open_plus_30,close_minus_60,close_minus_30,close,lh_entry_next_open",,,,,,,,,,,missing_boundary,,,,,,,,GC.v.0,2021-05-22,,,,,
,,,,,,,calendar_closed,,,,,,,False,,"window_start,open_plus_30,close_minus_60,close_minus_30,close,lh_entry_next_open",,,,,,,,,,,missing_boundary,,,,,,,,GC.v.0,2021-05-23,,,,,
,,,,,,,missing_exact_boundary_source_on_calendar_day;missing_exact_boundary_source:open_plus_30,,,,,,,False,,open_plus_30,,,,,,,,,,,missing_boundary,,,,,,,,GC.v.0,2021-05-27,,,,,
,,,,,,,calendar_closed,,,,,,,False,,"window_start,open_plus_30,close_minus_60,close_minus_30,close,lh_entry_next_open",,,,,,,,,,,missing_boundary,,,,,,,,GC.v.0,2021-05-29,,,,,
,,,,,,,calendar_closed,,,,,,,False,,"window_start,open_plus_30,close_minus_60,close_minus_30,close,lh_entry_next_open",,,,,,,,,,,missing_boundary,,,,,,,,GC.v.0,2021-05-30,,,,,
,,,,,,,calendar_early_close_before_effective_close,,,,,,,False,,"close,lh_entry_next_open",,,,,,,,,,,missing_boundary,,,,,,,,GC.v.0,2021-05-31,,,,,
,,,,,,,calendar_closed,,,,,,,False,,"window_start,open_plus_30,close_minus_60,close_minus_30,close,lh_entry_next_open",,,,,,,,,,,missing_boundary,,,,,,,,GC.v.0,2021-06-05,,,,,
,,,,,,,calendar_closed,,,,,,,False,,"window_start,open_plus_30,close_minus_60,close_minus_30,close,lh_entry_next_open",,,,,,,,,,,missing_boundary,,,,,,,,GC.v.0,2021-06-06,,,,,
,,,,,,,calendar_closed,,,,,,,False,,"window_start,open_plus_30,close_minus_60,close_minus_30,close,lh_entry_next_open",,,,,,,,,,,missing_boundary,,,,,,,,GC.v.0,2021-06-12,,,,,
,,,,,,,calendar_closed,,,,,,,False,,"window_start,open_plus_30,close_minus_60,close_minus_30,close,lh_entry_next_open",,,,,,,,,,,missing_boundary,,,,,,,,GC.v.0,2021-06-13,,,,,
,,,,,,,calendar_closed,,,,,,,False,,"window_start,open_plus_30,close_minus_60,close_minus_30,close,lh_entry_next_open",,,,,,,,,,,missing_boundary,,,,,,,,GC.v.0,2021-06-19,,,,,
,,,,,,,calendar_closed,,,,,,,False,,"window_start,open_plus_30,close_minus_60,close_minus_30,close,lh_entry_next_open",,,,,,,,,,,missing_boundary,,,,,,,,GC.v.0,2021-06-20,,,,,
,,,,,,,calendar_closed,,,,,,,False,,"window_start,open_plus_30,close_minus_60,close_minus_30,close,lh_entry_next_open",,,,,,,,,,,missing_boundary,,,,,,,,GC.v.0,2021-06-26,,,,,
,,,,,,,calendar_closed,,,,,,,False,,"window_start,open_plus_30,close_minus_60,close_minus_30,close,lh_entry_next_open",,,,,,,,,,,missing_boundary,,,,,,,,GC.v.0,2021-06-27,,,,,
,,,,,,,calendar_closed,,,,,,,False,,"window_start,open_plus_30,close_minus_60,close_minus_30,close,lh_entry_next_open",,,,,,,,,,,missing_boundary,,,,,,,,GC.v.0,2021-07-03,,,,,
,,,,,,,calendar_closed,,,,,,,False,,"window_start,open_plus_30,close_minus_60,close_minus_30,close,lh_entry_next_open",,,,,,,,,,,missing_boundary,,,,,,,,GC.v.0,2021-07-04,,,,,
,,,,,,,calendar_early_close_before_effective_close,,,,,,,False,,"close,lh_entry_next_open",,,,,,,,,,,missing_boundary,,,,,,,,GC.v.0,2021-07-05,,,,,
,,,,,,,calendar_closed,,,,,,,False,,"window_start,open_plus_30,close_minus_60,close_minus_30,close,lh_entry_next_open",,,,,,,,,,,missing_boundary,,,,,,,,GC.v.0,2021-07-10,,,,,
,,,,,,,calendar_closed,,,,,,,False,,"window_start,open_plus_30,close_minus_60,close_minus_30,close,lh_entry_next_open",,,,,,,,,,,missing_boundary,,,,,,,,GC.v.0,2021-07-11,,,,,
,,,,,,,calendar_closed,,,,,,,False,,"window_start,open_plus_30,close_minus_60,close_minus_30,close,lh_entry_next_open",,,,,,,,,,,missing_boundary,,,,,,,,GC.v.0,2021-07-17,,,,,
,,,,,,,calendar_closed,,,,,,,False,,"window_start,open_plus_30,close_minus_60,close_minus_30,close,lh_entry_next_open",,,,,,,,,,,missing_boundary,,,,,,,,GC.v.0,2021-07-18,,,,,
,,,,,,,calendar_closed,,,,,,,False,,"window_start,open_plus_30,close_minus_60,close_minus_30,close,lh_entry_next_open",,,,,,,,,,,missing_boundary,,,,,,,,GC.v.0,2021-07-24,,,,,
,,,,,,,calendar_closed,,,,,,,False,,"window_start,open_plus_30,close_minus_60,close_minus_30,close,lh_entry_next_open",,,,,,,,,,,missing_boundary,,,,,,,,GC.v.0,2021-07-25,,,,,
,,,,,,,missing_exact_boundary_source_on_calendar_day;missing_exact_boundary_source:close_minus_60,,,,,,,False,,close_minus_60,,,,,,,,,,,missing_boundary,,,,,,,,GC.v.0,2021-07-29,,,,,
,,,,,,,"missing_exact_boundary_source_on_calendar_day;missing_exact_boundary_source:window_start,open_plus_30",,,,,,,False,,"window_start,open_plus_30",,,,,,,,,,,missing_boundary,,,,,,,,GC.v.0,2021-07-30,,,,,
,,,,,,,calendar_closed,,,,,,,False,,"window_start,open_plus_30,close_minus_60,close_minus_30,close,lh_entry_next_open",,,,,,,,,,,missing_boundary,,,,,,,,GC.v.0,2021-07-31,,,,,
,,,,,,,calendar_closed,,,,,,,False,,"window_start,open_plus_30,close_minus_60,close_minus_30,close,lh_entry_next_open",,,,,,,,,,,missing_boundary,,,,,,,,GC.v.0,2021-08-01,,,,,
,,,,,,,calendar_closed,,,,,,,False,,"window_start,open_plus_30,close_minus_60,close_minus_30,close,lh_entry_next_open",,,,,,,,,,,missing_boundary,,,,,,,,GC.v.0,2021-08-07,,,,,
,,,,,,,calendar_closed,,,,,,,False,,"window_start,open_plus_30,close_minus_60,close_minus_30,close,lh_entry_next_open",,,,,,,,,,,missing_boundary,,,,,,,,GC.v.0,2021-08-08,,,,,
,,,,,,,calendar_closed,,,,,,,False,,"window_start,open_plus_30,close_minus_60,close_minus_30,close,lh_entry_next_open",,,,,,,,,,,missing_boundary,,,,,,,,GC.v.0,2021-08-14,,,,,
,,,,,,,calendar_closed,,,,,,,False,,"window_start,open_plus_30,close_minus_60,close_minus_30,close,lh_entry_next_open",,,,,,,,,,,missing_boundary,,,,,,,,GC.v.0,2021-08-15,,,,,
,,,,,,,calendar_closed,,,,,,,False,,"window_start,open_plus_30,close_minus_60,close_minus_30,close,lh_entry_next_open",,,,,,,,,,,missing_boundary,,,,,,,,GC.v.0,2021-08-21,,,,,
,,,,,,,calendar_closed,,,,,,,False,,"window_start,open_plus_30,close_minus_60,close_minus_30,close,lh_entry_next_open",,,,,,,,,,,missing_boundary,,,,,,,,GC.v.0,2021-08-22,,,,,
,,,,,,,calendar_closed,,,,,,,False,,"window_start,open_plus_30,close_minus_60,close_minus_30,close,lh_entry_next_open",,,,,,,,,,,missing_boundary,,,,,,,,GC.v.0,2021-08-28,,,,,
,,,,,,,calendar_closed,,,,,,,False,,"window_start,open_plus_30,close_minus_60,close_minus_30,close,lh_entry_next_open",,,,,,,,,,,missing_boundary,,,,,,,,GC.v.0,2021-08-29,,,,,
,,,,,,,calendar_closed,,,,,,,False,,"window_start,open_plus_30,close_minus_60,close_minus_30,close,lh_entry_next_open",,,,,,,,,,,missing_boundary,,,,,,,,GC.v.0,2021-09-04,,,,,
,,,,,,,calendar_closed,,,,,,,False,,"window_start,open_plus_30,close_minus_60,close_minus_30,close,lh_entry_next_open",,,,,,,,,,,missing_boundary,,,,,,,,GC.v.0,2021-09-05,,,,,
,,,,,,,calendar_early_close_before_effective_close,,,,,,,False,,"close,lh_entry_next_open",,,,,,,,,,,missing_boundary,,,,,,,,GC.v.0,2021-09-06,,,,,
,,,,,,,calendar_closed,,,,,,,False,,"window_start,open_plus_30,close_minus_60,close_minus_30,close,lh_entry_next_open",,,,,,,,,,,missing_boundary,,,,,,,,GC.v.0,2021-09-11,,,,,
,,,,,,,calendar_closed,,,,,,,False,,"window_start,open_plus_30,close_minus_60,close_minus_30,close,lh_entry_next_open",,,,,,,,,,,missing_boundary,,,,,,,,GC.v.0,2021-09-12,,,,,
,,,,,,,calendar_closed,,,,,,,False,,"window_start,open_plus_30,close_minus_60,close_minus_30,close,lh_entry_next_open",,,,,,,,,,,missing_boundary,,,,,,,,GC.v.0,2021-09-18,,,,,
,,,,,,,calendar_closed,,,,,,,False,,"window_start,open_plus_30,close_minus_60,close_minus_30,close,lh_entry_next_open",,,,,,,,,,,missing_boundary,,,,,,,,GC.v.0,2021-09-19,,,,,
,,,,,,,calendar_closed,,,,,,,False,,"window_start,open_plus_30,close_minus_60,close_minus_30,close,lh_entry_next_open",,,,,,,,,,,missing_boundary,,,,,,,,GC.v.0,2021-09-25,,,,,
,,,,,,,calendar_closed,,,,,,,False,,"window_start,open_plus_30,close_minus_60,close_minus_30,close,lh_entry_next_open",,,,,,,,,,,missing_boundary,,,,,,,,GC.v.0,2021-09-26,,,,,
,,,,,,,calendar_closed,,,,,,,False,,"window_start,open_plus_30,close_minus_60,close_minus_30,close,lh_entry_next_open",,,,,,,,,,,missing_boundary,,,,,,,,GC.v.0,2021-10-02,,,,,
,,,,,,,calendar_closed,,,,,,,False,,"window_start,open_plus_30,close_minus_60,close_minus_30,close,lh_entry_next_open",,,,,,,,,,,missing_boundary,,,,,,,,GC.v.0,2021-10-03,,,,,
,,,,,,,calendar_closed,,,,,,,False,,"window_start,open_plus_30,close_minus_60,close_minus_30,close,lh_entry_next_open",,,,,,,,,,,missing_boundary,,,,,,,,GC.v.0,2021-10-09,,,,,
,,,,,,,calendar_closed,,,,,,,False,,"window_start,open_plus_30,close_minus_60,close_minus_30,close,lh_entry_next_open",,,,,,,,,,,missing_boundary,,,,,,,,GC.v.0,2021-10-10,,,,,
,,,,,,,calendar_closed,,,,,,,False,,"window_start,open_plus_30,close_minus_60,close_minus_30,close,lh_entry_next_open",,,,,,,,,,,missing_boundary,,,,,,,,GC.v.0,2021-10-16,,,,,
,,,,,,,calendar_closed,,,,,,,False,,"window_start,open_plus_30,close_minus_60,close_minus_30,close,lh_entry_next_open",,,,,,,,,,,missing_boundary,,,,,,,,GC.v.0,2021-10-17,,,,,
,,,,,,,calendar_closed,,,,,,,False,,"window_start,open_plus_30,close_minus_60,close_minus_30,close,lh_entry_next_open",,,,,,,,,,,missing_boundary,,,,,,,,GC.v.0,2021-10-23,,,,,
,,,,,,,calendar_closed,,,,,,,False,,"window_start,open_plus_30,close_minus_60,close_minus_30,close,lh_entry_next_open",,,,,,,,,,,missing_boundary,,,,,,,,GC.v.0,2021-10-24,,,,,
,,,,,,,calendar_closed,,,,,,,False,,"window_start,open_plus_30,close_minus_60,close_minus_30,close,lh_entry_next_open",,,,,,,,,,,missing_boundary,,,,,,,,GC.v.0,2021-10-30,,,,,
,,,,,,,calendar_closed;missing_previous_close,,,,,,,False,,"window_start,open_plus_30,close_minus_60,close_minus_30,close,lh_entry_next_open",,,,,,,,,,,missing_boundary,,,,,,,,CL.v.0,2021-01-01,,,,,
,,,,,,,calendar_closed;missing_previous_close,,,,,,,False,,"window_start,open_plus_30,close_minus_60,close_minus_30,close,lh_entry_next_open",,,,,,,,,,,missing_boundary,,,,,,,,CL.v.0,2021-01-02,,,,,
,,,,,,,calendar_closed;missing_previous_close,,,,,,,False,,"window_start,open_plus_30,close_minus_60,close_minus_30,close,lh_entry_next_open",,,,,,,,,,,missing_boundary,,,,,,,,CL.v.0,2021-01-03,,,,,
,,,,,,,calendar_closed,,,,,,,False,,"window_start,open_plus_30,close_minus_60,close_minus_30,close,lh_entry_next_open",,,,,,,,,,,missing_boundary,,,,,,,,CL.v.0,2021-01-09,,,,,
,,,,,,,calendar_closed,,,,,,,False,,"window_start,open_plus_30,close_minus_60,close_minus_30,close,lh_entry_next_open",,,,,,,,,,,missing_boundary,,,,,,,,CL.v.0,2021-01-10,,,,,
,,,,,,,calendar_closed,,,,,,,False,,"window_start,open_plus_30,close_minus_60,close_minus_30,close,lh_entry_next_open",,,,,,,,,,,missing_boundary,,,,,,,,CL.v.0,2021-01-16,,,,,
,,,,,,,calendar_closed,,,,,,,False,,"window_start,open_plus_30,close_minus_60,close_minus_30,close,lh_entry_next_open",,,,,,,,,,,missing_boundary,,,,,,,,CL.v.0,2021-01-17,,,,,
,,,,,,,calendar_early_close_before_effective_close;previous_close_cross_instrument,,,,,,,False,,"close_minus_60,close_minus_30,close,lh_entry_next_open",,,,,,,,,,,missing_boundary,,,,,,,,CL.v.0,2021-01-18,,,,,
,,,,,,,calendar_closed,,,,,,,False,,"window_start,open_plus_30,close_minus_60,close_minus_30,close,lh_entry_next_open",,,,,,,,,,,missing_boundary,,,,,,,,CL.v.0,2021-01-23,,,,,
,,,,,,,calendar_closed,,,,,,,False,,"window_start,open_plus_30,close_minus_60,close_minus_30,close,lh_entry_next_open",,,,,,,,,,,missing_boundary,,,,,,,,CL.v.0,2021-01-24,,,,,
,,,,,,,calendar_closed,,,,,,,False,,"window_start,open_plus_30,close_minus_60,close_minus_30,close,lh_entry_next_open",,,,,,,,,,,missing_boundary,,,,,,,,CL.v.0,2021-01-30,,,,,
,,,,,,,calendar_closed,,,,,,,False,,"window_start,open_plus_30,close_minus_60,close_minus_30,close,lh_entry_next_open",,,,,,,,,,,missing_boundary,,,,,,,,CL.v.0,2021-01-31,,,,,
,,,,,,,calendar_closed,,,,,,,False,,"window_start,open_plus_30,close_minus_60,close_minus_30,close,lh_entry_next_open",,,,,,,,,,,missing_boundary,,,,,,,,CL.v.0,2021-02-06,,,,,
,,,,,,,calendar_closed,,,,,,,False,,"window_start,open_plus_30,close_minus_60,close_minus_30,close,lh_entry_next_open",,,,,,,,,,,missing_boundary,,,,,,,,CL.v.0,2021-02-07,,,,,
,,,,,,,calendar_closed,,,,,,,False,,"window_start,open_plus_30,close_minus_60,close_minus_30,close,lh_entry_next_open",,,,,,,,,,,missing_boundary,,,,,,,,CL.v.0,2021-02-13,,,,,
,,,,,,,calendar_closed,,,,,,,False,,"window_start,open_plus_30,close_minus_60,close_minus_30,close,lh_entry_next_open",,,,,,,,,,,missing_boundary,,,,,,,,CL.v.0,2021-02-14,,,,,
,,,,,,,calendar_early_close_before_effective_close,,,,,,,False,,"close_minus_60,close_minus_30,close,lh_entry_next_open",,,,,,,,,,,missing_boundary,,,,,,,,CL.v.0,2021-02-15,,,,,
,,,,,,,calendar_closed,,,,,,,False,,"window_start,open_plus_30,close_minus_60,close_minus_30,close,lh_entry_next_open",,,,,,,,,,,missing_boundary,,,,,,,,CL.v.0,2021-02-20,,,,,
,,,,,,,calendar_closed,,,,,,,False,,"window_start,open_plus_30,close_minus_60,close_minus_30,close,lh_entry_next_open",,,,,,,,,,,missing_boundary,,,,,,,,CL.v.0,2021-02-21,,,,,
,,,,,,,calendar_closed,,,,,,,False,,"window_start,open_plus_30,close_minus_60,close_minus_30,close,lh_entry_next_open",,,,,,,,,,,missing_boundary,,,,,,,,CL.v.0,2021-02-27,,,,,
,,,,,,,calendar_closed,,,,,,,False,,"window_start,open_plus_30,close_minus_60,close_minus_30,close,lh_entry_next_open",,,,,,,,,,,missing_boundary,,,,,,,,CL.v.0,2021-02-28,,,,,
,,,,,,,calendar_closed,,,,,,,False,,"window_start,open_plus_30,close_minus_60,close_minus_30,close,lh_entry_next_open",,,,,,,,,,,missing_boundary,,,,,,,,CL.v.0,2021-03-06,,,,,
,,,,,,,calendar_closed,,,,,,,False,,"window_start,open_plus_30,close_minus_60,close_minus_30,close,lh_entry_next_open",,,,,,,,,,,missing_boundary,,,,,,,,CL.v.0,2021-03-07,,,,,
,,,,,,,calendar_closed,,,,,,,False,,"window_start,open_plus_30,close_minus_60,close_minus_30,close,lh_entry_next_open",,,,,,,,,,,missing_boundary,,,,,,,,CL.v.0,2021-03-13,,,,,
,,,,,,,calendar_closed,,,,,,,False,,"window_start,open_plus_30,close_minus_60,close_minus_30,close,lh_entry_next_open",,,,,,,,,,,missing_boundary,,,,,,,,CL.v.0,2021-03-14,,,,,
,,,,,,,calendar_closed,,,,,,,False,,"window_start,open_plus_30,close_minus_60,close_minus_30,close,lh_entry_next_open",,,,,,,,,,,missing_boundary,,,,,,,,CL.v.0,2021-03-20,,,,,
,,,,,,,calendar_closed,,,,,,,False,,"window_start,open_plus_30,close_minus_60,close_minus_30,close,lh_entry_next_open",,,,,,,,,,,missing_boundary,,,,,,,,CL.v.0,2021-03-21,,,,,
,,,,,,,calendar_closed,,,,,,,False,,"window_start,open_plus_30,close_minus_60,close_minus_30,close,lh_entry_next_open",,,,,,,,,,,missing_boundary,,,,,,,,CL.v.0,2021-03-27,,,,,
,,,,,,,calendar_closed,,,,,,,False,,"window_start,open_plus_30,close_minus_60,close_minus_30,close,lh_entry_next_open",,,,,,,,,,,missing_boundary,,,,,,,,CL.v.0,2021-03-28,,,,,
,,,,,,,calendar_closed,,,,,,,False,,"window_start,open_plus_30,close_minus_60,close_minus_30,close,lh_entry_next_open",,,,,,,,,,,missing_boundary,,,,,,,,CL.v.0,2021-04-02,,,,,
,,,,,,,calendar_closed,,,,,,,False,,"window_start,open_plus_30,close_minus_60,close_minus_30,close,lh_entry_next_open",,,,,,,,,,,missing_boundary,,,,,,,,CL.v.0,2021-04-03,,,,,
,,,,,,,calendar_closed,,,,,,,False,,"window_start,open_plus_30,close_minus_60,close_minus_30,close,lh_entry_next_open",,,,,,,,,,,missing_boundary,,,,,,,,CL.v.0,2021-04-04,,,,,
,,,,,,,calendar_closed,,,,,,,False,,"window_start,open_plus_30,close_minus_60,close_minus_30,close,lh_entry_next_open",,,,,,,,,,,missing_boundary,,,,,,,,CL.v.0,2021-04-10,,,,,
,,,,,,,calendar_closed,,,,,,,False,,"window_start,open_plus_30,close_minus_60,close_minus_30,close,lh_entry_next_open",,,,,,,,,,,missing_boundary,,,,,,,,CL.v.0,2021-04-11,,,,,
,,,,,,,calendar_closed,,,,,,,False,,"window_start,open_plus_30,close_minus_60,close_minus_30,close,lh_entry_next_open",,,,,,,,,,,missing_boundary,,,,,,,,CL.v.0,2021-04-17,,,,,
,,,,,,,calendar_closed,,,,,,,False,,"window_start,open_plus_30,close_minus_60,close_minus_30,close,lh_entry_next_open",,,,,,,,,,,missing_boundary,,,,,,,,CL.v.0,2021-04-18,,,,,
,,,,,,,calendar_closed,,,,,,,False,,"window_start,open_plus_30,close_minus_60,close_minus_30,close,lh_entry_next_open",,,,,,,,,,,missing_boundary,,,,,,,,CL.v.0,2021-04-24,,,,,
,,,,,,,calendar_closed,,,,,,,False,,"window_start,open_plus_30,close_minus_60,close_minus_30,close,lh_entry_next_open",,,,,,,,,,,missing_boundary,,,,,,,,CL.v.0,2021-04-25,,,,,
,,,,,,,calendar_closed,,,,,,,False,,"window_start,open_plus_30,close_minus_60,close_minus_30,close,lh_entry_next_open",,,,,,,,,,,missing_boundary,,,,,,,,CL.v.0,2021-05-01,,,,,
,,,,,,,calendar_closed,,,,,,,False,,"window_start,open_plus_30,close_minus_60,close_minus_30,close,lh_entry_next_open",,,,,,,,,,,missing_boundary,,,,,,,,CL.v.0,2021-05-02,,,,,
,,,,,,,calendar_closed,,,,,,,False,,"window_start,open_plus_30,close_minus_60,close_minus_30,close,lh_entry_next_open",,,,,,,,,,,missing_boundary,,,,,,,,CL.v.0,2021-05-08,,,,,
,,,,,,,calendar_closed,,,,,,,False,,"window_start,open_plus_30,close_minus_60,close_minus_30,close,lh_entry_next_open",,,,,,,,,,,missing_boundary,,,,,,,,CL.v.0,2021-05-09,,,,,
,,,,,,,calendar_closed,,,,,,,False,,"window_start,open_plus_30,close_minus_60,close_minus_30,close,lh_entry_next_open",,,,,,,,,,,missing_boundary,,,,,,,,CL.v.0,2021-05-15,,,,,
,,,,,,,calendar_closed,,,,,,,False,,"window_start,open_plus_30,close_minus_60,close_minus_30,close,lh_entry_next_open",,,,,,,,,,,missing_boundary,,,,,,,,CL.v.0,2021-05-16,,,,,
,,,,,,,missing_exact_boundary_source_on_calendar_day;missing_exact_boundary_source:lh_entry_next_open,,,,,,,False,,lh_entry_next_open,,,,,,,,,,,missing_boundary,,,,,,,,CL.v.0,2021-05-19,,,,,
,,,,,,,calendar_closed,,,,,,,False,,"window_start,open_plus_30,close_minus_60,close_minus_30,close,lh_entry_next_open",,,,,,,,,,,missing_boundary,,,,,,,,CL.v.0,2021-05-22,,,,,
,,,,,,,calendar_closed,,,,,,,False,,"window_start,open_plus_30,close_minus_60,close_minus_30,close,lh_entry_next_open",,,,,,,,,,,missing_boundary,,,,,,,,CL.v.0,2021-05-23,,,,,
,,,,,,,calendar_closed,,,,,,,False,,"window_start,open_plus_30,close_minus_60,close_minus_30,close,lh_entry_next_open",,,,,,,,,,,missing_boundary,,,,,,,,CL.v.0,2021-05-29,,,,,
,,,,,,,calendar_closed,,,,,,,False,,"window_start,open_plus_30,close_minus_60,close_minus_30,close,lh_entry_next_open",,,,,,,,,,,missing_boundary,,,,,,,,CL.v.0,2021-05-30,,,,,
,,,,,,,calendar_early_close_before_effective_close,,,,,,,False,,"close_minus_60,close_minus_30,close,lh_entry_next_open",,,,,,,,,,,missing_boundary,,,,,,,,CL.v.0,2021-05-31,,,,,
,,,,,,,calendar_closed,,,,,,,False,,"window_start,open_plus_30,close_minus_60,close_minus_30,close,lh_entry_next_open",,,,,,,,,,,missing_boundary,,,,,,,,CL.v.0,2021-06-05,,,,,
,,,,,,,calendar_closed,,,,,,,False,,"window_start,open_plus_30,close_minus_60,close_minus_30,close,lh_entry_next_open",,,,,,,,,,,missing_boundary,,,,,,,,CL.v.0,2021-06-06,,,,,
,,,,,,,calendar_closed,,,,,,,False,,"window_start,open_plus_30,close_minus_60,close_minus_30,close,lh_entry_next_open",,,,,,,,,,,missing_boundary,,,,,,,,CL.v.0,2021-06-12,,,,,
,,,,,,,calendar_closed,,,,,,,False,,"window_start,open_plus_30,close_minus_60,close_minus_30,close,lh_entry_next_open",,,,,,,,,,,missing_boundary,,,,,,,,CL.v.0,2021-06-13,,,,,
,,,,,,,calendar_closed,,,,,,,False,,"window_start,open_plus_30,close_minus_60,close_minus_30,close,lh_entry_next_open",,,,,,,,,,,missing_boundary,,,,,,,,CL.v.0,2021-06-19,,,,,
,,,,,,,calendar_closed,,,,,,,False,,"window_start,open_plus_30,close_minus_60,close_minus_30,close,lh_entry_next_open",,,,,,,,,,,missing_boundary,,,,,,,,CL.v.0,2021-06-20,,,,,
,,,,,,,calendar_closed,,,,,,,False,,"window_start,open_plus_30,close_minus_60,close_minus_30,close,lh_entry_next_open",,,,,,,,,,,missing_boundary,,,,,,,,CL.v.0,2021-06-26,,,,,
,,,,,,,calendar_closed,,,,,,,False,,"window_start,open_plus_30,close_minus_60,close_minus_30,close,lh_entry_next_open",,,,,,,,,,,missing_boundary,,,,,,,,CL.v.0,2021-06-27,,,,,
,,,,,,,calendar_closed,,,,,,,False,,"window_start,open_plus_30,close_minus_60,close_minus_30,close,lh_entry_next_open",,,,,,,,,,,missing_boundary,,,,,,,,CL.v.0,2021-07-03,,,,,
,,,,,,,calendar_closed,,,,,,,False,,"window_start,open_plus_30,close_minus_60,close_minus_30,close,lh_entry_next_open",,,,,,,,,,,missing_boundary,,,,,,,,CL.v.0,2021-07-04,,,,,
,,,,,,,calendar_early_close_before_effective_close,,,,,,,False,,"close_minus_60,close_minus_30,close,lh_entry_next_open",,,,,,,,,,,missing_boundary,,,,,,,,CL.v.0,2021-07-05,,,,,
,,,,,,,calendar_closed,,,,,,,False,,"window_start,open_plus_30,close_minus_60,close_minus_30,close,lh_entry_next_open",,,,,,,,,,,missing_boundary,,,,,,,,CL.v.0,2021-07-10,,,,,
,,,,,,,calendar_closed,,,,,,,False,,"window_start,open_plus_30,close_minus_60,close_minus_30,close,lh_entry_next_open",,,,,,,,,,,missing_boundary,,,,,,,,CL.v.0,2021-07-11,,,,,
,,,,,,,calendar_closed,,,,,,,False,,"window_start,open_plus_30,close_minus_60,close_minus_30,close,lh_entry_next_open",,,,,,,,,,,missing_boundary,,,,,,,,CL.v.0,2021-07-17,,,,,
,,,,,,,calendar_closed,,,,,,,False,,"window_start,open_plus_30,close_minus_60,close_minus_30,close,lh_entry_next_open",,,,,,,,,,,missing_boundary,,,,,,,,CL.v.0,2021-07-18,,,,,
,,,,,,,calendar_closed,,,,,,,False,,"window_start,open_plus_30,close_minus_60,close_minus_30,close,lh_entry_next_open",,,,,,,,,,,missing_boundary,,,,,,,,CL.v.0,2021-07-24,,,,,
,,,,,,,calendar_closed,,,,,,,False,,"window_start,open_plus_30,close_minus_60,close_minus_30,close,lh_entry_next_open",,,,,,,,,,,missing_boundary,,,,,,,,CL.v.0,2021-07-25,,,,,
,,,,,,,calendar_closed,,,,,,,False,,"window_start,open_plus_30,close_minus_60,close_minus_30,close,lh_entry_next_open",,,,,,,,,,,missing_boundary,,,,,,,,CL.v.0,2021-07-31,,,,,
,,,,,,,calendar_closed,,,,,,,False,,"window_start,open_plus_30,close_minus_60,close_minus_30,close,lh_entry_next_open",,,,,,,,,,,missing_boundary,,,,,,,,CL.v.0,2021-08-01,,,,,
,,,,,,,calendar_closed,,,,,,,False,,"window_start,open_plus_30,close_minus_60,close_minus_30,close,lh_entry_next_open",,,,,,,,,,,missing_boundary,,,,,,,,CL.v.0,2021-08-07,,,,,
,,,,,,,calendar_closed,,,,,,,False,,"window_start,open_plus_30,close_minus_60,close_minus_30,close,lh_entry_next_open",,,,,,,,,,,missing_boundary,,,,,,,,CL.v.0,2021-08-08,,,,,
,,,,,,,calendar_closed,,,,,,,False,,"window_start,open_plus_30,close_minus_60,close_minus_30,close,lh_entry_next_open",,,,,,,,,,,missing_boundary,,,,,,,,CL.v.0,2021-08-14,,,,,
,,,,,,,calendar_closed,,,,,,,False,,"window_start,open_plus_30,close_minus_60,close_minus_30,close,lh_entry_next_open",,,,,,,,,,,missing_boundary,,,,,,,,CL.v.0,2021-08-15,,,,,
,,,,,,,calendar_closed,,,,,,,False,,"window_start,open_plus_30,close_minus_60,close_minus_30,close,lh_entry_next_open",,,,,,,,,,,missing_boundary,,,,,,,,CL.v.0,2021-08-21,,,,,
,,,,,,,calendar_closed,,,,,,,False,,"window_start,open_plus_30,close_minus_60,close_minus_30,close,lh_entry_next_open",,,,,,,,,,,missing_boundary,,,,,,,,CL.v.0,2021-08-22,,,,,
,,,,,,,calendar_closed,,,,,,,False,,"window_start,open_plus_30,close_minus_60,close_minus_30,close,lh_entry_next_open",,,,,,,,,,,missing_boundary,,,,,,,,CL.v.0,2021-08-28,,,,,
,,,,,,,calendar_closed,,,,,,,False,,"window_start,open_plus_30,close_minus_60,close_minus_30,close,lh_entry_next_open",,,,,,,,,,,missing_boundary,,,,,,,,CL.v.0,2021-08-29,,,,,
,,,,,,,calendar_closed,,,,,,,False,,"window_start,open_plus_30,close_minus_60,close_minus_30,close,lh_entry_next_open",,,,,,,,,,,missing_boundary,,,,,,,,CL.v.0,2021-09-04,,,,,
,,,,,,,calendar_closed,,,,,,,False,,"window_start,open_plus_30,close_minus_60,close_minus_30,close,lh_entry_next_open",,,,,,,,,,,missing_boundary,,,,,,,,CL.v.0,2021-09-05,,,,,
,,,,,,,calendar_early_close_before_effective_close,,,,,,,False,,"close_minus_60,close_minus_30,close,lh_entry_next_open",,,,,,,,,,,missing_boundary,,,,,,,,CL.v.0,2021-09-06,,,,,
,,,,,,,calendar_closed,,,,,,,False,,"window_start,open_plus_30,close_minus_60,close_minus_30,close,lh_entry_next_open",,,,,,,,,,,missing_boundary,,,,,,,,CL.v.0,2021-09-11,,,,,
,,,,,,,calendar_closed,,,,,,,False,,"window_start,open_plus_30,close_minus_60,close_minus_30,close,lh_entry_next_open",,,,,,,,,,,missing_boundary,,,,,,,,CL.v.0,2021-09-12,,,,,
,,,,,,,calendar_closed,,,,,,,False,,"window_start,open_plus_30,close_minus_60,close_minus_30,close,lh_entry_next_open",,,,,,,,,,,missing_boundary,,,,,,,,CL.v.0,2021-09-18,,,,,
,,,,,,,calendar_closed,,,,,,,False,,"window_start,open_plus_30,close_minus_60,close_minus_30,close,lh_entry_next_open",,,,,,,,,,,missing_boundary,,,,,,,,CL.v.0,2021-09-19,,,,,
,,,,,,,calendar_closed,,,,,,,False,,"window_start,open_plus_30,close_minus_60,close_minus_30,close,lh_entry_next_open",,,,,,,,,,,missing_boundary,,,,,,,,CL.v.0,2021-09-25,,,,,
,,,,,,,calendar_closed,,,,,,,False,,"window_start,open_plus_30,close_minus_60,close_minus_30,close,lh_entry_next_open",,,,,,,,,,,missing_boundary,,,,,,,,CL.v.0,2021-09-26,,,,,
,,,,,,,calendar_closed,,,,,,,False,,"window_start,open_plus_30,close_minus_60,close_minus_30,close,lh_entry_next_open",,,,,,,,,,,missing_boundary,,,,,,,,CL.v.0,2021-10-02,,,,,
,,,,,,,calendar_closed,,,,,,,False,,"window_start,open_plus_30,close_minus_60,close_minus_30,close,lh_entry_next_open",,,,,,,,,,,missing_boundary,,,,,,,,CL.v.0,2021-10-03,,,,,
,,,,,,,calendar_closed,,,,,,,False,,"window_start,open_plus_30,close_minus_60,close_minus_30,close,lh_entry_next_open",,,,,,,,,,,missing_boundary,,,,,,,,CL.v.0,2021-10-09,,,,,
,,,,,,,calendar_closed,,,,,,,False,,"window_start,open_plus_30,close_minus_60,close_minus_30,close,lh_entry_next_open",,,,,,,,,,,missing_boundary,,,,,,,,CL.v.0,2021-10-10,,,,,
,,,,,,,calendar_closed,,,,,,,False,,"window_start,open_plus_30,close_minus_60,close_minus_30,close,lh_entry_next_open",,,,,,,,,,,missing_boundary,,,,,,,,CL.v.0,2021-10-16,,,,,
,,,,,,,calendar_closed,,,,,,,False,,"window_start,open_plus_30,close_minus_60,close_minus_30,close,lh_entry_next_open",,,,,,,,,,,missing_boundary,,,,,,,,CL.v.0,2021-10-17,,,,,
,,,,,,,calendar_closed,,,,,,,False,,"window_start,open_plus_30,close_minus_60,close_minus_30,close,lh_entry_next_open",,,,,,,,,,,missing_boundary,,,,,,,,CL.v.0,2021-10-23,,,,,
,,,,,,,calendar_closed,,,,,,,False,,"window_start,open_plus_30,close_minus_60,close_minus_30,close,lh_entry_next_open",,,,,,,,,,,missing_boundary,,,,,,,,CL.v.0,2021-10-24,,,,,
,,,,,,,calendar_closed,,,,,,,False,,"window_start,open_plus_30,close_minus_60,close_minus_30,close,lh_entry_next_open",,,,,,,,,,,missing_boundary,,,,,,,,CL.v.0,2021-10-30,,,,,
,,,,,,,calendar_closed,,,,,,,False,,"window_start,open_plus_30,close_minus_60,close_minus_30,close,lh_entry_next_open",,,,,,,,,,,missing_boundary,,,,,,,,CL.v.0,2021-10-31,,,,,
,,,,,,,calendar_closed,,,,,,,False,,"window_start,open_plus_30,close_minus_60,close_minus_30,close,lh_entry_next_open",,,,,,,,,,,missing_boundary,,,,,,,,CL.v.0,2021-11-06,,,,,
,,,,,,,calendar_closed,,,,,,,False,,"window_start,open_plus_30,close_minus_60,close_minus_30,close,lh_entry_next_open",,,,,,,,,,,missing_boundary,,,,,,,,CL.v.0,2021-11-07,,,,,
,,,,,,,calendar_closed,,,,,,,False,,"window_start,open_plus_30,close_minus_60,close_minus_30,close,lh_entry_next_open",,,,,,,,,,,missing_boundary,,,,,,,,CL.v.0,2021-11-13,,,,,
,,,,,,,calendar_closed,,,,,,,False,,"window_start,open_plus_30,close_minus_60,close_minus_30,close,lh_entry_next_open",,,,,,,,,,,missing_boundary,,,,,,,,CL.v.0,2021-11-14,,,,,
,,,,,,,calendar_closed;missing_previous_close,,,,,,,False,,"window_start,open_plus_30,close_minus_60,close_minus_30,close,lh_entry_next_open",,,,,,,,,,,missing_boundary,,,,,,,,ZN.v.0,2021-01-01,,,,,
,,,,,,,calendar_closed;missing_previous_close,,,,,,,False,,"window_start,open_plus_30,close_minus_60,close_minus_30,close,lh_entry_next_open",,,,,,,,,,,missing_boundary,,,,,,,,ZN.v.0,2021-01-02,,,,,
,,,,,,,calendar_closed;missing_previous_close,,,,,,,False,,"window_start,open_plus_30,close_minus_60,close_minus_30,close,lh_entry_next_open",,,,,,,,,,,missing_boundary,,,,,,,,ZN.v.0,2021-01-03,,,,,
,,,,,,,calendar_closed,,,,,,,False,,"window_start,open_plus_30,close_minus_60,close_minus_30,close,lh_entry_next_open",,,,,,,,,,,missing_boundary,,,,,,,,ZN.v.0,2021-01-09,,,,,
,,,,,,,calendar_closed,,,,,,,False,,"window_start,open_plus_30,close_minus_60,close_minus_30,close,lh_entry_next_open",,,,,,,,,,,missing_boundary,,,,,,,,ZN.v.0,2021-01-10,,,,,
,,,,,,,calendar_closed,,,,,,,False,,"window_start,open_plus_30,close_minus_60,close_minus_30,close,lh_entry_next_open",,,,,,,,,,,missing_boundary,,,,,,,,ZN.v.0,2021-01-16,,,,,
,,,,,,,calendar_closed,,,,,,,False,,"window_start,open_plus_30,close_minus_60,close_minus_30,close,lh_entry_next_open",,,,,,,,,,,missing_boundary,,,,,,,,ZN.v.0,2021-01-17,,,,,
,,,,,,,calendar_early_close_before_effective_close,,,,,,,False,,"close_minus_60,close_minus_30,close,lh_entry_next_open",,,,,,,,,,,missing_boundary,,,,,,,,ZN.v.0,2021-01-18,,,,,
,,,,,,,calendar_closed,,,,,,,False,,"window_start,open_plus_30,close_minus_60,close_minus_30,close,lh_entry_next_open",,,,,,,,,,,missing_boundary,,,,,,,,ZN.v.0,2021-01-23,,,,,
,,,,,,,calendar_closed,,,,,,,False,,"window_start,open_plus_30,close_minus_60,close_minus_30,close,lh_entry_next_open",,,,,,,,,,,missing_boundary,,,,,,,,ZN.v.0,2021-01-24,,,,,
,,,,,,,calendar_closed,,,,,,,False,,"window_start,open_plus_30,close_minus_60,close_minus_30,close,lh_entry_next_open",,,,,,,,,,,missing_boundary,,,,,,,,ZN.v.0,2021-01-30,,,,,
,,,,,,,calendar_closed,,,,,,,False,,"window_start,open_plus_30,close_minus_60,close_minus_30,close,lh_entry_next_open",,,,,,,,,,,missing_boundary,,,,,,,,ZN.v.0,2021-01-31,,,,,
,,,,,,,calendar_closed,,,,,,,False,,"window_start,open_plus_30,close_minus_60,close_minus_30,close,lh_entry_next_open",,,,,,,,,,,missing_boundary,,,,,,,,ZN.v.0,2021-02-06,,,,,
,,,,,,,calendar_closed,,,,,,,False,,"window_start,open_plus_30,close_minus_60,close_minus_30,close,lh_entry_next_open",,,,,,,,,,,missing_boundary,,,,,,,,ZN.v.0,2021-02-07,,,,,
,,,,,,,calendar_closed,,,,,,,False,,"window_start,open_plus_30,close_minus_60,close_minus_30,close,lh_entry_next_open",,,,,,,,,,,missing_boundary,,,,,,,,ZN.v.0,2021-02-13,,,,,
,,,,,,,calendar_closed,,,,,,,False,,"window_start,open_plus_30,close_minus_60,close_minus_30,close,lh_entry_next_open",,,,,,,,,,,missing_boundary,,,,,,,,ZN.v.0,2021-02-14,,,,,
,,,,,,,calendar_early_close_before_effective_close,,,,,,,False,,"close_minus_60,close_minus_30,close,lh_entry_next_open",,,,,,,,,,,missing_boundary,,,,,,,,ZN.v.0,2021-02-15,,,,,
,,,,,,,calendar_closed,,,,,,,False,,"window_start,open_plus_30,close_minus_60,close_minus_30,close,lh_entry_next_open",,,,,,,,,,,missing_boundary,,,,,,,,ZN.v.0,2021-02-20,,,,,
,,,,,,,calendar_closed,,,,,,,False,,"window_start,open_plus_30,close_minus_60,close_minus_30,close,lh_entry_next_open",,,,,,,,,,,missing_boundary,,,,,,,,ZN.v.0,2021-02-21,,,,,
,,,,,,,calendar_closed,,,,,,,False,,"window_start,open_plus_30,close_minus_60,close_minus_30,close,lh_entry_next_open",,,,,,,,,,,missing_boundary,,,,,,,,ZN.v.0,2021-02-27,,,,,
,,,,,,,calendar_closed,,,,,,,False,,"window_start,open_plus_30,close_minus_60,close_minus_30,close,lh_entry_next_open",,,,,,,,,,,missing_boundary,,,,,,,,ZN.v.0,2021-02-28,,,,,
,,,,,,,calendar_closed,,,,,,,False,,"window_start,open_plus_30,close_minus_60,close_minus_30,close,lh_entry_next_open",,,,,,,,,,,missing_boundary,,,,,,,,ZN.v.0,2021-03-06,,,,,
,,,,,,,calendar_closed,,,,,,,False,,"window_start,open_plus_30,close_minus_60,close_minus_30,close,lh_entry_next_open",,,,,,,,,,,missing_boundary,,,,,,,,ZN.v.0,2021-03-07,,,,,
,,,,,,,calendar_closed,,,,,,,False,,"window_start,open_plus_30,close_minus_60,close_minus_30,close,lh_entry_next_open",,,,,,,,,,,missing_boundary,,,,,,,,ZN.v.0,2021-03-13,,,,,
,,,,,,,calendar_closed,,,,,,,False,,"window_start,open_plus_30,close_minus_60,close_minus_30,close,lh_entry_next_open",,,,,,,,,,,missing_boundary,,,,,,,,ZN.v.0,2021-03-14,,,,,
,,,,,,,calendar_closed,,,,,,,False,,"window_start,open_plus_30,close_minus_60,close_minus_30,close,lh_entry_next_open",,,,,,,,,,,missing_boundary,,,,,,,,ZN.v.0,2021-03-20,,,,,
,,,,,,,calendar_closed,,,,,,,False,,"window_start,open_plus_30,close_minus_60,close_minus_30,close,lh_entry_next_open",,,,,,,,,,,missing_boundary,,,,,,,,ZN.v.0,2021-03-21,,,,,
,,,,,,,calendar_closed,,,,,,,False,,"window_start,open_plus_30,close_minus_60,close_minus_30,close,lh_entry_next_open",,,,,,,,,,,missing_boundary,,,,,,,,ZN.v.0,2021-03-27,,,,,
,,,,,,,calendar_closed,,,,,,,False,,"window_start,open_plus_30,close_minus_60,close_minus_30,close,lh_entry_next_open",,,,,,,,,,,missing_boundary,,,,,,,,ZN.v.0,2021-03-28,,,,,
,,,,,,,calendar_early_close_before_effective_close,,,,,,,False,,"close_minus_60,close_minus_30,close,lh_entry_next_open",,,,,,,,,,,missing_boundary,,,,,,,,ZN.v.0,2021-04-02,,,,,
,,,,,,,calendar_closed,,,,,,,False,,"window_start,open_plus_30,close_minus_60,close_minus_30,close,lh_entry_next_open",,,,,,,,,,,missing_boundary,,,,,,,,ZN.v.0,2021-04-03,,,,,
,,,,,,,calendar_closed,,,,,,,False,,"window_start,open_plus_30,close_minus_60,close_minus_30,close,lh_entry_next_open",,,,,,,,,,,missing_boundary,,,,,,,,ZN.v.0,2021-04-04,,,,,
,,,,,,,calendar_closed,,,,,,,False,,"window_start,open_plus_30,close_minus_60,close_minus_30,close,lh_entry_next_open",,,,,,,,,,,missing_boundary,,,,,,,,ZN.v.0,2021-04-10,,,,,
,,,,,,,calendar_closed,,,,,,,False,,"window_start,open_plus_30,close_minus_60,close_minus_30,close,lh_entry_next_open",,,,,,,,,,,missing_boundary,,,,,,,,ZN.v.0,2021-04-11,,,,,
,,,,,,,calendar_closed,,,,,,,False,,"window_start,open_plus_30,close_minus_60,close_minus_30,close,lh_entry_next_open",,,,,,,,,,,missing_boundary,,,,,,,,ZN.v.0,2021-04-17,,,,,
,,,,,,,calendar_closed,,,,,,,False,,"window_start,open_plus_30,close_minus_60,close_minus_30,close,lh_entry_next_open",,,,,,,,,,,missing_boundary,,,,,,,,ZN.v.0,2021-04-18,,,,,
,,,,,,,calendar_closed,,,,,,,False,,"window_start,open_plus_30,close_minus_60,close_minus_30,close,lh_entry_next_open",,,,,,,,,,,missing_boundary,,,,,,,,ZN.v.0,2021-04-24,,,,,
,,,,,,,calendar_closed,,,,,,,False,,"window_start,open_plus_30,close_minus_60,close_minus_30,close,lh_entry_next_open",,,,,,,,,,,missing_boundary,,,,,,,,ZN.v.0,2021-04-25,,,,,
,,,,,,,calendar_closed,,,,,,,False,,"window_start,open_plus_30,close_minus_60,close_minus_30,close,lh_entry_next_open",,,,,,,,,,,missing_boundary,,,,,,,,ZN.v.0,2021-05-01,,,,,
,,,,,,,calendar_closed,,,,,,,False,,"window_start,open_plus_30,close_minus_60,close_minus_30,close,lh_entry_next_open",,,,,,,,,,,missing_boundary,,,,,,,,ZN.v.0,2021-05-02,,,,,
,,,,,,,calendar_closed,,,,,,,False,,"window_start,open_plus_30,close_minus_60,close_minus_30,close,lh_entry_next_open",,,,,,,,,,,missing_boundary,,,,,,,,ZN.v.0,2021-05-08,,,,,
,,,,,,,calendar_closed,,,,,,,False,,"window_start,open_plus_30,close_minus_60,close_minus_30,close,lh_entry_next_open",,,,,,,,,,,missing_boundary,,,,,,,,ZN.v.0,2021-05-09,,,,,
,,,,,,,calendar_closed,,,,,,,False,,"window_start,open_plus_30,close_minus_60,close_minus_30,close,lh_entry_next_open",,,,,,,,,,,missing_boundary,,,,,,,,ZN.v.0,2021-05-15,,,,,
,,,,,,,calendar_closed,,,,,,,False,,"window_start,open_plus_30,close_minus_60,close_minus_30,close,lh_entry_next_open",,,,,,,,,,,missing_boundary,,,,,,,,ZN.v.0,2021-05-16,,,,,
,,,,,,,calendar_closed,,,,,,,False,,"window_start,open_plus_30,close_minus_60,close_minus_30,close,lh_entry_next_open",,,,,,,,,,,missing_boundary,,,,,,,,ZN.v.0,2021-05-22,,,,,
,,,,,,,calendar_closed,,,,,,,False,,"window_start,open_plus_30,close_minus_60,close_minus_30,close,lh_entry_next_open",,,,,,,,,,,missing_boundary,,,,,,,,ZN.v.0,2021-05-23,,,,,
,,,,,,,calendar_closed,,,,,,,False,,"window_start,open_plus_30,close_minus_60,close_minus_30,close,lh_entry_next_open",,,,,,,,,,,missing_boundary,,,,,,,,ZN.v.0,2021-05-29,,,,,
,,,,,,,calendar_closed,,,,,,,False,,"window_start,open_plus_30,close_minus_60,close_minus_30,close,lh_entry_next_open",,,,,,,,,,,missing_boundary,,,,,,,,ZN.v.0,2021-05-30,,,,,
,,,,,,,calendar_early_close_before_effective_close;previous_close_cross_instrument,,,,,,,False,,"close_minus_60,close_minus_30,close,lh_entry_next_open",,,,,,,,,,,missing_boundary,,,,,,,,ZN.v.0,2021-05-31,,,,,
,,,,,,,calendar_closed,,,,,,,False,,"window_start,open_plus_30,close_minus_60,close_minus_30,close,lh_entry_next_open",,,,,,,,,,,missing_boundary,,,,,,,,ZN.v.0,2021-06-05,,,,,
,,,,,,,calendar_closed,,,,,,,False,,"window_start,open_plus_30,close_minus_60,close_minus_30,close,lh_entry_next_open",,,,,,,,,,,missing_boundary,,,,,,,,ZN.v.0,2021-06-06,,,,,
,,,,,,,calendar_closed,,,,,,,False,,"window_start,open_plus_30,close_minus_60,close_minus_30,close,lh_entry_next_open",,,,,,,,,,,missing_boundary,,,,,,,,ZN.v.0,2021-06-12,,,,,
,,,,,,,calendar_closed,,,,,,,False,,"window_start,open_plus_30,close_minus_60,close_minus_30,close,lh_entry_next_open",,,,,,,,,,,missing_boundary,,,,,,,,ZN.v.0,2021-06-13,,,,,
,,,,,,,calendar_closed,,,,,,,False,,"window_start,open_plus_30,close_minus_60,close_minus_30,close,lh_entry_next_open",,,,,,,,,,,missing_boundary,,,,,,,,ZN.v.0,2021-06-19,,,,,
,,,,,,,calendar_closed,,,,,,,False,,"window_start,open_plus_30,close_minus_60,close_minus_30,close,lh_entry_next_open",,,,,,,,,,,missing_boundary,,,,,,,,ZN.v.0,2021-06-20,,,,,
,,,,,,,calendar_closed,,,,,,,False,,"window_start,open_plus_30,close_minus_60,close_minus_30,close,lh_entry_next_open",,,,,,,,,,,missing_boundary,,,,,,,,ZN.v.0,2021-06-26,,,,,
,,,,,,,calendar_closed,,,,,,,False,,"window_start,open_plus_30,close_minus_60,close_minus_30,close,lh_entry_next_open",,,,,,,,,,,missing_boundary,,,,,,,,ZN.v.0,2021-06-27,,,,,
,,,,,,,calendar_closed,,,,,,,False,,"window_start,open_plus_30,close_minus_60,close_minus_30,close,lh_entry_next_open",,,,,,,,,,,missing_boundary,,,,,,,,ZN.v.0,2021-07-03,,,,,
,,,,,,,calendar_closed,,,,,,,False,,"window_start,open_plus_30,close_minus_60,close_minus_30,close,lh_entry_next_open",,,,,,,,,,,missing_boundary,,,,,,,,ZN.v.0,2021-07-04,,,,,
,,,,,,,calendar_early_close_before_effective_close,,,,,,,False,,"close_minus_60,close_minus_30,close,lh_entry_next_open",,,,,,,,,,,missing_boundary,,,,,,,,ZN.v.0,2021-07-05,,,,,
,,,,,,,calendar_closed,,,,,,,False,,"window_start,open_plus_30,close_minus_60,close_minus_30,close,lh_entry_next_open",,,,,,,,,,,missing_boundary,,,,,,,,ZN.v.0,2021-07-10,,,,,
,,,,,,,calendar_closed,,,,,,,False,,"window_start,open_plus_30,close_minus_60,close_minus_30,close,lh_entry_next_open",,,,,,,,,,,missing_boundary,,,,,,,,ZN.v.0,2021-07-11,,,,,
,,,,,,,calendar_closed,,,,,,,False,,"window_start,open_plus_30,close_minus_60,close_minus_30,close,lh_entry_next_open",,,,,,,,,,,missing_boundary,,,,,,,,ZN.v.0,2021-07-17,,,,,
,,,,,,,calendar_closed,,,,,,,False,,"window_start,open_plus_30,close_minus_60,close_minus_30,close,lh_entry_next_open",,,,,,,,,,,missing_boundary,,,,,,,,ZN.v.0,2021-07-18,,,,,
,,,,,,,calendar_closed,,,,,,,False,,"window_start,open_plus_30,close_minus_60,close_minus_30,close,lh_entry_next_open",,,,,,,,,,,missing_boundary,,,,,,,,ZN.v.0,2021-07-24,,,,,
,,,,,,,calendar_closed,,,,,,,False,,"window_start,open_plus_30,close_minus_60,close_minus_30,close,lh_entry_next_open",,,,,,,,,,,missing_boundary,,,,,,,,ZN.v.0,2021-07-25,,,,,
,,,,,,,calendar_closed,,,,,,,False,,"window_start,open_plus_30,close_minus_60,close_minus_30,close,lh_entry_next_open",,,,,,,,,,,missing_boundary,,,,,,,,ZN.v.0,2021-07-31,,,,,
,,,,,,,calendar_closed,,,,,,,False,,"window_start,open_plus_30,close_minus_60,close_minus_30,close,lh_entry_next_open",,,,,,,,,,,missing_boundary,,,,,,,,ZN.v.0,2021-08-01,,,,,
,,,,,,,calendar_closed,,,,,,,False,,"window_start,open_plus_30,close_minus_60,close_minus_30,close,lh_entry_next_open",,,,,,,,,,,missing_boundary,,,,,,,,ZN.v.0,2021-08-07,,,,,
,,,,,,,calendar_closed,,,,,,,False,,"window_start,open_plus_30,close_minus_60,close_minus_30,close,lh_entry_next_open",,,,,,,,,,,missing_boundary,,,,,,,,ZN.v.0,2021-08-08,,,,,
,,,,,,,calendar_closed,,,,,,,False,,"window_start,open_plus_30,close_minus_60,close_minus_30,close,lh_entry_next_open",,,,,,,,,,,missing_boundary,,,,,,,,ZN.v.0,2021-08-14,,,,,
,,,,,,,calendar_closed,,,,,,,False,,"window_start,open_plus_30,close_minus_60,close_minus_30,close,lh_entry_next_open",,,,,,,,,,,missing_boundary,,,,,,,,ZN.v.0,2021-08-15,,,,,
,,,,,,,calendar_closed,,,,,,,False,,"window_start,open_plus_30,close_minus_60,close_minus_30,close,lh_entry_next_open",,,,,,,,,,,missing_boundary,,,,,,,,ZN.v.0,2021-08-21,,,,,
,,,,,,,calendar_closed,,,,,,,False,,"window_start,open_plus_30,close_minus_60,close_minus_30,close,lh_entry_next_open",,,,,,,,,,,missing_boundary,,,,,,,,ZN.v.0,2021-08-22,,,,,
,,,,,,,calendar_closed,,,,,,,False,,"window_start,open_plus_30,close_minus_60,close_minus_30,close,lh_entry_next_open",,,,,,,,,,,missing_boundary,,,,,,,,ZN.v.0,2021-08-28,,,,,
,,,,,,,calendar_closed,,,,,,,False,,"window_start,open_plus_30,close_minus_60,close_minus_30,close,lh_entry_next_open",,,,,,,,,,,missing_boundary,,,,,,,,ZN.v.0,2021-08-29,,,,,
,,,,,,,"missing_exact_boundary_source_on_calendar_day;missing_exact_boundary_source:close_minus_30,lh_entry_next_open",,,,,,,False,,"close_minus_30,lh_entry_next_open",,,,,,,,,,,missing_boundary,,,,,,,,ZN.v.0,2021-08-31,,,,,
,,,,,,,calendar_closed,,,,,,,False,,"window_start,open_plus_30,close_minus_60,close_minus_30,close,lh_entry_next_open",,,,,,,,,,,missing_boundary,,,,,,,,ZN.v.0,2021-09-04,,,,,
,,,,,,,calendar_closed,,,,,,,False,,"window_start,open_plus_30,close_minus_60,close_minus_30,close,lh_entry_next_open",,,,,,,,,,,missing_boundary,,,,,,,,ZN.v.0,2021-09-05,,,,,
,,,,,,,calendar_early_close_before_effective_close,,,,,,,False,,"close_minus_60,close_minus_30,close,lh_entry_next_open",,,,,,,,,,,missing_boundary,,,,,,,,ZN.v.0,2021-09-06,,,,,
,,,,,,,calendar_closed,,,,,,,False,,"window_start,open_plus_30,close_minus_60,close_minus_30,close,lh_entry_next_open",,,,,,,,,,,missing_boundary,,,,,,,,ZN.v.0,2021-09-11,,,,,
,,,,,,,calendar_closed,,,,,,,False,,"window_start,open_plus_30,close_minus_60,close_minus_30,close,lh_entry_next_open",,,,,,,,,,,missing_boundary,,,,,,,,ZN.v.0,2021-09-12,,,,,
,,,,,,,calendar_closed,,,,,,,False,,"window_start,open_plus_30,close_minus_60,close_minus_30,close,lh_entry_next_open",,,,,,,,,,,missing_boundary,,,,,,,,ZN.v.0,2021-09-18,,,,,
,,,,,,,calendar_closed,,,,,,,False,,"window_start,open_plus_30,close_minus_60,close_minus_30,close,lh_entry_next_open",,,,,,,,,,,missing_boundary,,,,,,,,ZN.v.0,2021-09-19,,,,,
,,,,,,,calendar_closed,,,,,,,False,,"window_start,open_plus_30,close_minus_60,close_minus_30,close,lh_entry_next_open",,,,,,,,,,,missing_boundary,,,,,,,,ZN.v.0,2021-09-25,,,,,
,,,,,,,calendar_closed,,,,,,,False,,"window_start,open_plus_30,close_minus_60,close_minus_30,close,lh_entry_next_open",,,,,,,,,,,missing_boundary,,,,,,,,ZN.v.0,2021-09-26,,,,,
,,,,,,,calendar_closed,,,,,,,False,,"window_start,open_plus_30,close_minus_60,close_minus_30,close,lh_entry_next_open",,,,,,,,,,,missing_boundary,,,,,,,,ZN.v.0,2021-10-02,,,,,
,,,,,,,calendar_closed,,,,,,,False,,"window_start,open_plus_30,close_minus_60,close_minus_30,close,lh_entry_next_open",,,,,,,,,,,missing_boundary,,,,,,,,ZN.v.0,2021-10-03,,,,,
,,,,,,,calendar_closed,,,,,,,False,,"window_start,open_plus_30,close_minus_60,close_minus_30,close,lh_entry_next_open",,,,,,,,,,,missing_boundary,,,,,,,,ZN.v.0,2021-10-09,,,,,
,,,,,,,calendar_closed,,,,,,,False,,"window_start,open_plus_30,close_minus_60,close_minus_30,close,lh_entry_next_open",,,,,,,,,,,missing_boundary,,,,,,,,ZN.v.0,2021-10-10,,,,,
,,,,,,,calendar_closed,,,,,,,False,,"window_start,open_plus_30,close_minus_60,close_minus_30,close,lh_entry_next_open",,,,,,,,,,,missing_boundary,,,,,,,,ZN.v.0,2021-10-16,,,,,
,,,,,,,calendar_closed,,,,,,,False,,"window_start,open_plus_30,close_minus_60,close_minus_30,close,lh_entry_next_open",,,,,,,,,,,missing_boundary,,,,,,,,ZN.v.0,2021-10-17,,,,,
,,,,,,,calendar_closed,,,,,,,False,,"window_start,open_plus_30,close_minus_60,close_minus_30,close,lh_entry_next_open",,,,,,,,,,,missing_boundary,,,,,,,,ZN.v.0,2021-10-23,,,,,
,,,,,,,calendar_closed,,,,,,,False,,"window_start,open_plus_30,close_minus_60,close_minus_30,close,lh_entry_next_open",,,,,,,,,,,missing_boundary,,,,,,,,ZN.v.0,2021-10-24,,,,,
,,,,,,,calendar_closed,,,,,,,False,,"window_start,open_plus_30,close_minus_60,close_minus_30,close,lh_entry_next_open",,,,,,,,,,,missing_boundary,,,,,,,,ZN.v.0,2021-10-30,,,,,
,,,,,,,calendar_closed,,,,,,,False,,"window_start,open_plus_30,close_minus_60,close_minus_30,close,lh_entry_next_open",,,,,,,,,,,missing_boundary,,,,,,,,ZN.v.0,2021-10-31,,,,,
,,,,,,,calendar_closed,,,,,,,False,,"window_start,open_plus_30,close_minus_60,close_minus_30,close,lh_entry_next_open",,,,,,,,,,,missing_boundary,,,,,,,,ZN.v.0,2021-11-06,,,,,
,,,,,,,calendar_closed,,,,,,,False,,"window_start,open_plus_30,close_minus_60,close_minus_30,close,lh_entry_next_open",,,,,,,,,,,missing_boundary,,,,,,,,ZN.v.0,2021-11-07,,,,,
,,,,,,,calendar_closed,,,,,,,False,,"window_start,open_plus_30,close_minus_60,close_minus_30,close,lh_entry_next_open",,,,,,,,,,,missing_boundary,,,,,,,,ZN.v.0,2021-11-13,,,,,
,,,,,,,calendar_closed,,,,,,,False,,"window_start,open_plus_30,close_minus_60,close_minus_30,close,lh_entry_next_open",,,,,,,,,,,missing_boundary,,,,,,,,ZN.v.0,2021-11-14,,,,,
,,,,,,,calendar_closed;missing_previous_close,,,,,,,False,,"window_start,open_plus_30,close_minus_60,close_minus_30,close,lh_entry_next_open",,,,,,,,,,,missing_boundary,,,,,,,,6E.v.0,2021-01-01,,,,,
,,,,,,,calendar_closed;missing_previous_close,,,,,,,False,,"window_start,open_plus_30,close_minus_60,close_minus_30,close,lh_entry_next_open",,,,,,,,,,,missing_boundary,,,,,,,,6E.v.0,2021-01-02,,,,,
,,,,,,,calendar_closed;missing_previous_close,,,,,,,False,,"window_start,open_plus_30,close_minus_60,close_minus_30,close,lh_entry_next_open",,,,,,,,,,,missing_boundary,,,,,,,,6E.v.0,2021-01-03,,,,,
,,,,,,,calendar_closed,,,,,,,False,,"window_start,open_plus_30,close_minus_60,close_minus_30,close,lh_entry_next_open",,,,,,,,,,,missing_boundary,,,,,,,,6E.v.0,2021-01-09,,,,,
,,,,,,,calendar_closed,,,,,,,False,,"window_start,open_plus_30,close_minus_60,close_minus_30,close,lh_entry_next_open",,,,,,,,,,,missing_boundary,,,,,,,,6E.v.0,2021-01-10,,,,,
,,,,,,,calendar_closed,,,,,,,False,,"window_start,open_plus_30,close_minus_60,close_minus_30,close,lh_entry_next_open",,,,,,,,,,,missing_boundary,,,,,,,,6E.v.0,2021-01-16,,,,,
,,,,,,,calendar_closed,,,,,,,False,,"window_start,open_plus_30,close_minus_60,close_minus_30,close,lh_entry_next_open",,,,,,,,,,,missing_boundary,,,,,,,,6E.v.0,2021-01-17,,,,,
,,,,,,,calendar_early_close_before_effective_close,,,,,,,False,,"close_minus_30,close,lh_entry_next_open",,,,,,,,,,,missing_boundary,,,,,,,,6E.v.0,2021-01-18,,,,,
,,,,,,,calendar_closed,,,,,,,False,,"window_start,open_plus_30,close_minus_60,close_minus_30,close,lh_entry_next_open",,,,,,,,,,,missing_boundary,,,,,,,,6E.v.0,2021-01-23,,,,,
,,,,,,,calendar_closed,,,,,,,False,,"window_start,open_plus_30,close_minus_60,close_minus_30,close,lh_entry_next_open",,,,,,,,,,,missing_boundary,,,,,,,,6E.v.0,2021-01-24,,,,,
,,,,,,,calendar_closed,,,,,,,False,,"window_start,open_plus_30,close_minus_60,close_minus_30,close,lh_entry_next_open",,,,,,,,,,,missing_boundary,,,,,,,,6E.v.0,2021-01-30,,,,,
,,,,,,,calendar_closed,,,,,,,False,,"window_start,open_plus_30,close_minus_60,close_minus_30,close,lh_entry_next_open",,,,,,,,,,,missing_boundary,,,,,,,,6E.v.0,2021-01-31,,,,,
,,,,,,,calendar_closed,,,,,,,False,,"window_start,open_plus_30,close_minus_60,close_minus_30,close,lh_entry_next_open",,,,,,,,,,,missing_boundary,,,,,,,,6E.v.0,2021-02-06,,,,,
,,,,,,,calendar_closed,,,,,,,False,,"window_start,open_plus_30,close_minus_60,close_minus_30,close,lh_entry_next_open",,,,,,,,,,,missing_boundary,,,,,,,,6E.v.0,2021-02-07,,,,,
,,,,,,,calendar_closed,,,,,,,False,,"window_start,open_plus_30,close_minus_60,close_minus_30,close,lh_entry_next_open",,,,,,,,,,,missing_boundary,,,,,,,,6E.v.0,2021-02-13,,,,,
,,,,,,,calendar_closed,,,,,,,False,,"window_start,open_plus_30,close_minus_60,close_minus_30,close,lh_entry_next_open",,,,,,,,,,,missing_boundary,,,,,,,,6E.v.0,2021-02-14,,,,,
,,,,,,,calendar_early_close_before_effective_close,,,,,,,False,,"close_minus_30,close,lh_entry_next_open",,,,,,,,,,,missing_boundary,,,,,,,,6E.v.0,2021-02-15,,,,,
,,,,,,,calendar_closed,,,,,,,False,,"window_start,open_plus_30,close_minus_60,close_minus_30,close,lh_entry_next_open",,,,,,,,,,,missing_boundary,,,,,,,,6E.v.0,2021-02-20,,,,,
,,,,,,,calendar_closed,,,,,,,False,,"window_start,open_plus_30,close_minus_60,close_minus_30,close,lh_entry_next_open",,,,,,,,,,,missing_boundary,,,,,,,,6E.v.0,2021-02-21,,,,,
,,,,,,,calendar_closed,,,,,,,False,,"window_start,open_plus_30,close_minus_60,close_minus_30,close,lh_entry_next_open",,,,,,,,,,,missing_boundary,,,,,,,,6E.v.0,2021-02-27,,,,,
,,,,,,,calendar_closed,,,,,,,False,,"window_start,open_plus_30,close_minus_60,close_minus_30,close,lh_entry_next_open",,,,,,,,,,,missing_boundary,,,,,,,,6E.v.0,2021-02-28,,,,,
,,,,,,,calendar_closed,,,,,,,False,,"window_start,open_plus_30,close_minus_60,close_minus_30,close,lh_entry_next_open",,,,,,,,,,,missing_boundary,,,,,,,,6E.v.0,2021-03-06,,,,,
,,,,,,,calendar_closed,,,,,,,False,,"window_start,open_plus_30,close_minus_60,close_minus_30,close,lh_entry_next_open",,,,,,,,,,,missing_boundary,,,,,,,,6E.v.0,2021-03-07,,,,,
,,,,,,,missing_exact_boundary_source_on_calendar_day;missing_exact_boundary_source:close_minus_30,,,,,,,False,,close_minus_30,,,,,,,,,,,missing_boundary,,,,,,,,6E.v.0,2021-03-12,,,,,
,,,,,,,calendar_closed,,,,,,,False,,"window_start,open_plus_30,close_minus_60,close_minus_30,close,lh_entry_next_open",,,,,,,,,,,missing_boundary,,,,,,,,6E.v.0,2021-03-13,,,,,
,,,,,,,calendar_closed,,,,,,,False,,"window_start,open_plus_30,close_minus_60,close_minus_30,close,lh_entry_next_open",,,,,,,,,,,missing_boundary,,,,,,,,6E.v.0,2021-03-14,,,,,
,,,,,,,calendar_closed,,,,,,,False,,"window_start,open_plus_30,close_minus_60,close_minus_30,close,lh_entry_next_open",,,,,,,,,,,missing_boundary,,,,,,,,6E.v.0,2021-03-20,,,,,
,,,,,,,calendar_closed,,,,,,,False,,"window_start,open_plus_30,close_minus_60,close_minus_30,close,lh_entry_next_open",,,,,,,,,,,missing_boundary,,,,,,,,6E.v.0,2021-03-21,,,,,
,,,,,,,missing_exact_boundary_source_on_calendar_day;missing_exact_boundary_source:close_minus_30,,,,,,,False,,close_minus_30,,,,,,,,,,,missing_boundary,,,,,,,,6E.v.0,2021-03-26,,,,,
,,,,,,,calendar_closed,,,,,,,False,,"window_start,open_plus_30,close_minus_60,close_minus_30,close,lh_entry_next_open",,,,,,,,,,,missing_boundary,,,,,,,,6E.v.0,2021-03-27,,,,,
,,,,,,,calendar_closed,,,,,,,False,,"window_start,open_plus_30,close_minus_60,close_minus_30,close,lh_entry_next_open",,,,,,,,,,,missing_boundary,,,,,,,,6E.v.0,2021-03-28,,,,,
,,,,,,,calendar_early_close_before_effective_close,,,,,,,False,,"close_minus_60,close_minus_30,close,lh_entry_next_open",,,,,,,,,,,missing_boundary,,,,,,,,6E.v.0,2021-04-02,,,,,
,,,,,,,calendar_closed,,,,,,,False,,"window_start,open_plus_30,close_minus_60,close_minus_30,close,lh_entry_next_open",,,,,,,,,,,missing_boundary,,,,,,,,6E.v.0,2021-04-03,,,,,
,,,,,,,calendar_closed,,,,,,,False,,"window_start,open_plus_30,close_minus_60,close_minus_30,close,lh_entry_next_open",,,,,,,,,,,missing_boundary,,,,,,,,6E.v.0,2021-04-04,,,,,
,,,,,,,calendar_closed,,,,,,,False,,"window_start,open_plus_30,close_minus_60,close_minus_30,close,lh_entry_next_open",,,,,,,,,,,missing_boundary,,,,,,,,6E.v.0,2021-04-10,,,,,
,,,,,,,calendar_closed,,,,,,,False,,"window_start,open_plus_30,close_minus_60,close_minus_30,close,lh_entry_next_open",,,,,,,,,,,missing_boundary,,,,,,,,6E.v.0,2021-04-11,,,,,
,,,,,,,calendar_closed,,,,,,,False,,"window_start,open_plus_30,close_minus_60,close_minus_30,close,lh_entry_next_open",,,,,,,,,,,missing_boundary,,,,,,,,6E.v.0,2021-04-17,,,,,
,,,,,,,calendar_closed,,,,,,,False,,"window_start,open_plus_30,close_minus_60,close_minus_30,close,lh_entry_next_open",,,,,,,,,,,missing_boundary,,,,,,,,6E.v.0,2021-04-18,,,,,
,,,,,,,calendar_closed,,,,,,,False,,"window_start,open_plus_30,close_minus_60,close_minus_30,close,lh_entry_next_open",,,,,,,,,,,missing_boundary,,,,,,,,6E.v.0,2021-04-24,,,,,
,,,,,,,calendar_closed,,,,,,,False,,"window_start,open_plus_30,close_minus_60,close_minus_30,close,lh_entry_next_open",,,,,,,,,,,missing_boundary,,,,,,,,6E.v.0,2021-04-25,,,,,
,,,,,,,missing_exact_boundary_source_on_calendar_day;missing_exact_boundary_source:close_minus_30,,,,,,,False,,close_minus_30,,,,,,,,,,,missing_boundary,,,,,,,,6E.v.0,2021-04-26,,,,,
,,,,,,,calendar_closed,,,,,,,False,,"window_start,open_plus_30,close_minus_60,close_minus_30,close,lh_entry_next_open",,,,,,,,,,,missing_boundary,,,,,,,,6E.v.0,2021-05-01,,,,,
,,,,,,,calendar_closed,,,,,,,False,,"window_start,open_plus_30,close_minus_60,close_minus_30,close,lh_entry_next_open",,,,,,,,,,,missing_boundary,,,,,,,,6E.v.0,2021-05-02,,,,,
,,,,,,,calendar_closed,,,,,,,False,,"window_start,open_plus_30,close_minus_60,close_minus_30,close,lh_entry_next_open",,,,,,,,,,,missing_boundary,,,,,,,,6E.v.0,2021-05-08,,,,,
,,,,,,,calendar_closed,,,,,,,False,,"window_start,open_plus_30,close_minus_60,close_minus_30,close,lh_entry_next_open",,,,,,,,,,,missing_boundary,,,,,,,,6E.v.0,2021-05-09,,,,,
,,,,,,,calendar_closed,,,,,,,False,,"window_start,open_plus_30,close_minus_60,close_minus_30,close,lh_entry_next_open",,,,,,,,,,,missing_boundary,,,,,,,,6E.v.0,2021-05-15,,,,,
,,,,,,,calendar_closed,,,,,,,False,,"window_start,open_plus_30,close_minus_60,close_minus_30,close,lh_entry_next_open",,,,,,,,,,,missing_boundary,,,,,,,,6E.v.0,2021-05-16,,,,,
,,,,,,,calendar_closed,,,,,,,False,,"window_start,open_plus_30,close_minus_60,close_minus_30,close,lh_entry_next_open",,,,,,,,,,,missing_boundary,,,,,,,,6E.v.0,2021-05-22,,,,,
,,,,,,,calendar_closed,,,,,,,False,,"window_start,open_plus_30,close_minus_60,close_minus_30,close,lh_entry_next_open",,,,,,,,,,,missing_boundary,,,,,,,,6E.v.0,2021-05-23,,,,,
,,,,,,,calendar_closed,,,,,,,False,,"window_start,open_plus_30,close_minus_60,close_minus_30,close,lh_entry_next_open",,,,,,,,,,,missing_boundary,,,,,,,,6E.v.0,2021-05-29,,,,,
,,,,,,,calendar_closed,,,,,,,False,,"window_start,open_plus_30,close_minus_60,close_minus_30,close,lh_entry_next_open",,,,,,,,,,,missing_boundary,,,,,,,,6E.v.0,2021-05-30,,,,,
,,,,,,,calendar_early_close_before_effective_close,,,,,,,False,,"close_minus_30,close,lh_entry_next_open",,,,,,,,,,,missing_boundary,,,,,,,,6E.v.0,2021-05-31,,,,,
,,,,,,,calendar_closed,,,,,,,False,,"window_start,open_plus_30,close_minus_60,close_minus_30,close,lh_entry_next_open",,,,,,,,,,,missing_boundary,,,,,,,,6E.v.0,2021-06-05,,,,,
,,,,,,,calendar_closed,,,,,,,False,,"window_start,open_plus_30,close_minus_60,close_minus_30,close,lh_entry_next_open",,,,,,,,,,,missing_boundary,,,,,,,,6E.v.0,2021-06-06,,,,,
,,,,,,,calendar_closed,,,,,,,False,,"window_start,open_plus_30,close_minus_60,close_minus_30,close,lh_entry_next_open",,,,,,,,,,,missing_boundary,,,,,,,,6E.v.0,2021-06-12,,,,,
,,,,,,,calendar_closed,,,,,,,False,,"window_start,open_plus_30,close_minus_60,close_minus_30,close,lh_entry_next_open",,,,,,,,,,,missing_boundary,,,,,,,,6E.v.0,2021-06-13,,,,,
,,,,,,,calendar_closed,,,,,,,False,,"window_start,open_plus_30,close_minus_60,close_minus_30,close,lh_entry_next_open",,,,,,,,,,,missing_boundary,,,,,,,,6E.v.0,2021-06-19,,,,,
,,,,,,,calendar_closed,,,,,,,False,,"window_start,open_plus_30,close_minus_60,close_minus_30,close,lh_entry_next_open",,,,,,,,,,,missing_boundary,,,,,,,,6E.v.0,2021-06-20,,,,,
,,,,,,,calendar_closed,,,,,,,False,,"window_start,open_plus_30,close_minus_60,close_minus_30,close,lh_entry_next_open",,,,,,,,,,,missing_boundary,,,,,,,,6E.v.0,2021-06-26,,,,,
,,,,,,,calendar_closed,,,,,,,False,,"window_start,open_plus_30,close_minus_60,close_minus_30,close,lh_entry_next_open",,,,,,,,,,,missing_boundary,,,,,,,,6E.v.0,2021-06-27,,,,,
,,,,,,,calendar_closed,,,,,,,False,,"window_start,open_plus_30,close_minus_60,close_minus_30,close,lh_entry_next_open",,,,,,,,,,,missing_boundary,,,,,,,,6E.v.0,2021-07-03,,,,,
,,,,,,,calendar_closed,,,,,,,False,,"window_start,open_plus_30,close_minus_60,close_minus_30,close,lh_entry_next_open",,,,,,,,,,,missing_boundary,,,,,,,,6E.v.0,2021-07-04,,,,,
,,,,,,,calendar_early_close_before_effective_close,,,,,,,False,,"close_minus_30,close,lh_entry_next_open",,,,,,,,,,,missing_boundary,,,,,,,,6E.v.0,2021-07-05,,,,,
,,,,,,,calendar_closed,,,,,,,False,,"window_start,open_plus_30,close_minus_60,close_minus_30,close,lh_entry_next_open",,,,,,,,,,,missing_boundary,,,,,,,,6E.v.0,2021-07-10,,,,,
,,,,,,,calendar_closed,,,,,,,False,,"window_start,open_plus_30,close_minus_60,close_minus_30,close,lh_entry_next_open",,,,,,,,,,,missing_boundary,,,,,,,,6E.v.0,2021-07-11,,,,,
,,,,,,,calendar_closed,,,,,,,False,,"window_start,open_plus_30,close_minus_60,close_minus_30,close,lh_entry_next_open",,,,,,,,,,,missing_boundary,,,,,,,,6E.v.0,2021-07-17,,,,,
,,,,,,,calendar_closed,,,,,,,False,,"window_start,open_plus_30,close_minus_60,close_minus_30,close,lh_entry_next_open",,,,,,,,,,,missing_boundary,,,,,,,,6E.v.0,2021-07-18,,,,,
,,,,,,,calendar_closed,,,,,,,False,,"window_start,open_plus_30,close_minus_60,close_minus_30,close,lh_entry_next_open",,,,,,,,,,,missing_boundary,,,,,,,,6E.v.0,2021-07-24,,,,,
,,,,,,,calendar_closed,,,,,,,False,,"window_start,open_plus_30,close_minus_60,close_minus_30,close,lh_entry_next_open",,,,,,,,,,,missing_boundary,,,,,,,,6E.v.0,2021-07-25,,,,,
,,,,,,,calendar_closed,,,,,,,False,,"window_start,open_plus_30,close_minus_60,close_minus_30,close,lh_entry_next_open",,,,,,,,,,,missing_boundary,,,,,,,,6E.v.0,2021-07-31,,,,,
,,,,,,,calendar_closed,,,,,,,False,,"window_start,open_plus_30,close_minus_60,close_minus_30,close,lh_entry_next_open",,,,,,,,,,,missing_boundary,,,,,,,,6E.v.0,2021-08-01,,,,,
,,,,,,,calendar_closed,,,,,,,False,,"window_start,open_plus_30,close_minus_60,close_minus_30,close,lh_entry_next_open",,,,,,,,,,,missing_boundary,,,,,,,,6E.v.0,2021-08-07,,,,,
,,,,,,,calendar_closed,,,,,,,False,,"window_start,open_plus_30,close_minus_60,close_minus_30,close,lh_entry_next_open",,,,,,,,,,,missing_boundary,,,,,,,,6E.v.0,2021-08-08,,,,,
,,,,,,,calendar_closed,,,,,,,False,,"window_start,open_plus_30,close_minus_60,close_minus_30,close,lh_entry_next_open",,,,,,,,,,,missing_boundary,,,,,,,,6E.v.0,2021-08-14,,,,,
,,,,,,,calendar_closed,,,,,,,False,,"window_start,open_plus_30,close_minus_60,close_minus_30,close,lh_entry_next_open",,,,,,,,,,,missing_boundary,,,,,,,,6E.v.0,2021-08-15,,,,,
,,,,,,,calendar_closed,,,,,,,False,,"window_start,open_plus_30,close_minus_60,close_minus_30,close,lh_entry_next_open",,,,,,,,,,,missing_boundary,,,,,,,,6E.v.0,2021-08-21,,,,,
,,,,,,,calendar_closed,,,,,,,False,,"window_start,open_plus_30,close_minus_60,close_minus_30,close,lh_entry_next_open",,,,,,,,,,,missing_boundary,,,,,,,,6E.v.0,2021-08-22,,,,,
,,,,,,,calendar_closed,,,,,,,False,,"window_start,open_plus_30,close_minus_60,close_minus_30,close,lh_entry_next_open",,,,,,,,,,,missing_boundary,,,,,,,,6E.v.0,2021-08-28,,,,,
,,,,,,,calendar_closed,,,,,,,False,,"window_start,open_plus_30,close_minus_60,close_minus_30,close,lh_entry_next_open",,,,,,,,,,,missing_boundary,,,,,,,,6E.v.0,2021-08-29,,,,,
,,,,,,,calendar_closed,,,,,,,False,,"window_start,open_plus_30,close_minus_60,close_minus_30,close,lh_entry_next_open",,,,,,,,,,,missing_boundary,,,,,,,,6E.v.0,2021-09-04,,,,,
,,,,,,,calendar_closed,,,,,,,False,,"window_start,open_plus_30,close_minus_60,close_minus_30,close,lh_entry_next_open",,,,,,,,,,,missing_boundary,,,,,,,,6E.v.0,2021-09-05,,,,,
,,,,,,,calendar_early_close_before_effective_close,,,,,,,False,,"close_minus_30,close,lh_entry_next_open",,,,,,,,,,,missing_boundary,,,,,,,,6E.v.0,2021-09-06,,,,,
,,,,,,,calendar_closed,,,,,,,False,,"window_start,open_plus_30,close_minus_60,close_minus_30,close,lh_entry_next_open",,,,,,,,,,,missing_boundary,,,,,,,,6E.v.0,2021-09-11,,,,,
,,,,,,,calendar_closed,,,,,,,False,,"window_start,open_plus_30,close_minus_60,close_minus_30,close,lh_entry_next_open",,,,,,,,,,,missing_boundary,,,,,,,,6E.v.0,2021-09-12,,,,,
,,,,,,,calendar_closed,,,,,,,False,,"window_start,open_plus_30,close_minus_60,close_minus_30,close,lh_entry_next_open",,,,,,,,,,,missing_boundary,,,,,,,,6E.v.0,2021-09-18,,,,,
,,,,,,,calendar_closed,,,,,,,False,,"window_start,open_plus_30,close_minus_60,close_minus_30,close,lh_entry_next_open",,,,,,,,,,,missing_boundary,,,,,,,,6E.v.0,2021-09-19,,,,,
,,,,,,,calendar_closed,,,,,,,False,,"window_start,open_plus_30,close_minus_60,close_minus_30,close,lh_entry_next_open",,,,,,,,,,,missing_boundary,,,,,,,,6E.v.0,2021-09-25,,,,,
,,,,,,,calendar_closed,,,,,,,False,,"window_start,open_plus_30,close_minus_60,close_minus_30,close,lh_entry_next_open",,,,,,,,,,,missing_boundary,,,,,,,,6E.v.0,2021-09-26,,,,,
,,,,,,,calendar_closed,,,,,,,False,,"window_start,open_plus_30,close_minus_60,close_minus_30,close,lh_entry_next_open",,,,,,,,,,,missing_boundary,,,,,,,,6E.v.0,2021-10-02,,,,,
,,,,,,,calendar_closed,,,,,,,False,,"window_start,open_plus_30,close_minus_60,close_minus_30,close,lh_entry_next_open",,,,,,,,,,,missing_boundary,,,,,,,,6E.v.0,2021-10-03,,,,,
,,,,,,,calendar_closed,,,,,,,False,,"window_start,open_plus_30,close_minus_60,close_minus_30,close,lh_entry_next_open",,,,,,,,,,,missing_boundary,,,,,,,,6E.v.0,2021-10-09,,,,,
,,,,,,,calendar_closed,,,,,,,False,,"window_start,open_plus_30,close_minus_60,close_minus_30,close,lh_entry_next_open",,,,,,,,,,,missing_boundary,,,,,,,,6E.v.0,2021-10-10,,,,,
,,,,,,,calendar_closed,,,,,,,False,,"window_start,open_plus_30,close_minus_60,close_minus_30,close,lh_entry_next_open",,,,,,,,,,,missing_boundary,,,,,,,,6E.v.0,2021-10-16,,,,,
,,,,,,,calendar_closed,,,,,,,False,,"window_start,open_plus_30,close_minus_60,close_minus_30,close,lh_entry_next_open",,,,,,,,,,,missing_boundary,,,,,,,,6E.v.0,2021-10-17,,,,,
,,,,,,,calendar_closed,,,,,,,False,,"window_start,open_plus_30,close_minus_60,close_minus_30,close,lh_entry_next_open",,,,,,,,,,,missing_boundary,,,,,,,,6E.v.0,2021-10-23,,,,,
,,,,,,,calendar_closed,,,,,,,False,,"window_start,open_plus_30,close_minus_60,close_minus_30,close,lh_entry_next_open",,,,,,,,,,,missing_boundary,,,,,,,,6E.v.0,2021-10-24,,,,,
,,,,,,,calendar_closed,,,,,,,False,,"window_start,open_plus_30,close_minus_60,close_minus_30,close,lh_entry_next_open",,,,,,,,,,,missing_boundary,,,,,,,,6E.v.0,2021-10-30,,,,,
,,,,,,,calendar_closed,,,,,,,False,,"window_start,open_plus_30,close_minus_60,close_minus_30,close,lh_entry_next_open",,,,,,,,,,,missing_boundary,,,,,,,,6E.v.0,2021-10-31,,,,,
,,,,,,,calendar_closed,,,,,,,False,,"window_start,open_plus_30,close_minus_60,close_minus_30,close,lh_entry_next_open",,,,,,,,,,,missing_boundary,,,,,,,,6E.v.0,2021-11-06,,,,,
,,,,,,,calendar_closed,,,,,,,False,,"window_start,open_plus_30,close_minus_60,close_minus_30,close,lh_entry_next_open",,,,,,,,,,,missing_boundary,,,,,,,,6E.v.0,2021-11-07,,,,,
,0.0941285251964864,,,,ESH0,,,,,,,,,,,,,,2387.0,2452.25,2483.25,2449.25,2703.75,,ESH0,,extreme_return,,,,,,,,ES.v.0,2020-03-16,,,-0.0941285251964864,ONFH,
,0.060561633021315,,,,ESM0,,,,,,,,,,,,,,2433.0,2411.25,2402.25,2351.0,2216.75,,ESM0,,extreme_return,,,,,,,,ES.v.0,2020-03-24,,,0.060561633021315,ONFH,
,0.0597542501262413,,,,ESH0,,,,,,,,,,,,,,2735.75,2772.75,2760.0,2793.0,2970.5,,ESH0,,extreme_return,,,,,,,,ES.v.0,2020-03-09,,,-0.0597542501262413,ONFH,
,0.0566106647187728,,,,ESH0,,,,,,,,,,,,,,2469.75,2500.5,2511.25,2583.0,2738.0,,ESH0,,extreme_return,,,,,,,,ES.v.0,2020-03-12,,,-0.0566106647187728,ONFH,
,0.047086106069772,,,,ESM0,,,,,,,,,,,,,,2646.75,2629.25,2623.75,2596.25,2479.5,,ESM0,,extreme_return,,,,,,,,ES.v.0,2020-04-06,,,0.047086106069772,ONFH,
,0.041871921182266,,,,ESZ2,,,,,,,,,,,,,,3961.0,3949.75,3937.75,3912.75,3755.5,,ESZ2,,extreme_return,,,,,,,,ES.v.0,2022-11-10,,,0.041871921182266,ONFH,
,0.0395071138211382,,,,ESU5,,,,,,,,,,,,,,1886.25,1878.5,1886.25,1890.25,1968.0,,ESU5,,extreme_return,,,,,,,,ES.v.0,2015-08-24,,,-0.0395071138211382,ONFH,
,0.0361372608563619,,,,ESH0,,,,,,,,,,,,,,2703.75,2582.75,2563.25,2559.0,2469.75,,ESH0,,extreme_return,,,,,,,,ES.v.0,2020-03-13,,,0.0361372608563619,ONFH,
,0.0355479284138269,,,,ESM5,,,,,,,,,,,,,,5017.5,5025.5,5067.5,5280.0,5098.75,,ESM5,,extreme_return,,,,,,,,ES.v.0,2025-04-08,,,0.0355479284138269,ONFH,
,0.0352451838879159,,,,ESM5,,,,,,,,,,,,,,5436.0,5449.5,5478.0,5508.75,5710.0,,ESM5,,extreme_return,,,,,,,,ES.v.0,2025-04-03,,,-0.0352451838879159,ONFH,
,0.0336665891653104,,,,ESU4,,,,,,,,,,,,,,5218.75,5207.75,5201.0,5195.25,5376.25,,ESU4,,extreme_return,,,,,,,,ES.v.0,2024-08-05,,,-0.0336665891653104,ONFH,
,0.0334868145667643,,,,ESZ1,,,,,,,,,,,,,,1245.5,1237.75,1235.0,1234.5,1194.5,,ESZ1,,extreme_return,,,,,,,,ES.v.0,2011-11-30,,,0.0334868145667643,ONFH,
,0.0334372343440068,,,,ESM0,,,,,,,,,,,,,,2649.75,2658.5,2665.5,2735.25,2646.75,,ESM0,,extreme_return,,,,,,,,ES.v.0,2020-04-07,,,0.0334372343440068,ONFH,
,0.0333683105981111,,,,ESU1,,,,,,,,,,,,,,1140.25,1135.5,1132.75,1151.5,1191.25,,ESU1,,extreme_return,,,,,,,,ES.v.0,2011-08-18,,,-0.0333683105981111,ONFH,
,0.033148634198503,,,,ESM0,,,,,,,,,,,,,,2455.75,2445.75,2453.25,2486.5,2571.75,,ESM0,,extreme_return,,,,,,,,ES.v.0,2020-04-01,,,-0.033148634198503,ONFH,
,0.0327798145352599,,,,ESZ1,,,,,,,,,,,,,,1122.75,1111.75,1113.75,1121.25,1159.25,,ESZ1,,extreme_return,,,,,,,,ES.v.0,2011-09-22,,,-0.0327798145352599,ONFH,
,0.0315660723526367,,,,ESM5,,,,,,,,,,,,,,5398.25,5391.75,5409.25,5482.0,5314.25,,ESM5,,extreme_return,,,,,,,,ES.v.0,2025-04-23,,,0.0315660723526367,ONFH,
,0.0312380222307397,,,,ESM0,,,,,,,,,,,,,,2532.0,2594.5,2572.5,2527.5,2609.0,,ESM0,,extreme_return,,,,,,,,ES.v.0,2020-03-27,,,-0.0312380222307397,ONFH,
,0.0310700904687928,,,,ESH0,,,,,,,,,,,,,,2881.25,2837.25,2819.25,2820.75,2735.75,,ESH0,,extreme_return,,,,,,,,ES.v.0,2020-03-10,,,0.0310700904687928,ONFH,
,0.030365712394506,,,,ESH0,,,,,,,,,,,,,,2970.5,2918.0,2906.25,2929.75,3021.5,,ESH0,,extreme_return,,,,,,,,ES.v.0,2020-03-06,,,-0.030365712394506,ONFH,
,0.0930189551548774,,,,ESH0,,,,,,,,,,,,,,2387.0,2452.25,2483.25,2449.25,2703.75,,ESH0,,extreme_return,,,,,,,,ES.v.0,2020-03-16,,,-0.0930189551548774,ROD,
,0.0883408071748879,,,,ESM5,,,,,,,,,,,,,,5489.5,5460.75,5364.25,5048.25,5017.5,,ESM5,,extreme_return,,,,,,,,ES.v.0,2025-04-09,,,0.0883408071748879,ROD,
,0.0877410623660763,,,,ESM0,,,,,,,,,,,,,,2433.0,2411.25,2402.25,2351.0,2216.75,,ESM0,,extreme_return,,,,,,,,ES.v.0,2020-03-24,,,0.0877410623660763,ROD,
,0.0867421475529583,,,,ESH0,,,,,,,,,,,,,,2469.75,2500.5,2511.25,2583.0,2738.0,,ESH0,,extreme_return,,,,,,,,ES.v.0,2020-03-12,,,-0.0867421475529583,ROD,
,0.0665712842955731,,,,ESH0,,,,,,,,,,,,,,2735.75,2772.75,2760.0,2793.0,2970.5,,ESH0,,extreme_return,,,,,,,,ES.v.0,2020-03-09,,,-0.0665712842955731,ROD,
,0.0603952409760031,,,,ESM0,,,,,,,,,,,,,,2646.75,2629.25,2623.75,2596.25,2479.5,,ESM0,,extreme_return,,,,,,,,ES.v.0,2020-04-06,,,0.0603952409760031,ROD,
,0.0550108459869848,,,,ESH0,,,,,,,,,,,,,,2738.0,2722.75,2730.75,2799.25,2881.25,,ESH0,,extreme_return,,,,,,,,ES.v.0,2020-03-11,,,-0.0550108459869848,ROD,
,0.0539511976718154,,,,ESU1,,,,,,,,,,,,,,1168.0,1177.0,1169.5,1130.25,1116.75,,ESU1,,extreme_return,,,,,,,,ES.v.0,2011-08-11,,,0.0539511976718154,ROD,
,0.0517241379310344,,,,ESZ2,,,,,,,,,,,,,,3961.0,3949.75,3937.75,3912.75,3755.5,,ESZ2,,extreme_return,,,,,,,,ES.v.0,2022-11-10,,,0.0517241379310344,ROD,
,0.0510025754231052,,,,ESM5,,,,,,,,,,,,,,5108.5,5158.75,5130.25,5287.0,5436.0,,ESM5,,extreme_return,,,,,,,,ES.v.0,2025-04-04,,,-0.0510025754231052,ROD,
,0.05,,,,ESU1,,,,,,,,,,,,,,1117.0,1135.25,1126.25,1170.25,1195.0,,ESU1,,extreme_return,,,,,,,,ES.v.0,2011-08-08,,,-0.05,ROD,
,0.0489938757655292,,,,ESM0,,,,,,,,,,,,,,2455.75,2445.75,2453.25,2486.5,2571.75,,ESM0,,extreme_return,,,,,,,,ES.v.0,2020-04-01,,,-0.0489938757655292,ROD,
,0.0479375696767001,,,,ESM0,,,,,,,,,,,,,,2609.0,2585.0,2584.0,2533.75,2466.75,,ESM0,,extreme_return,,,,,,,,ES.v.0,2020-03-26,,,0.0479375696767001,ROD,
,0.0467995802728227,,,,ESU1,,,,,,,,,,,,,,1140.25,1135.5,1132.75,1151.5,1191.25,,ESU1,,extreme_return,,,,,,,,ES.v.0,2011-08-18,,,-0.0467995802728227,ROD,
,0.0457536187873266,,,,ESH0,,,,,,,,,,,,,,2703.75,2582.75,2563.25,2559.0,2469.75,,ESH0,,extreme_return,,,,,,,,ES.v.0,2020-03-13,,,0.0457536187873266,ROD,
,0.0456217162872154,,,,ESM5,,,,,,,,,,,,,,5436.0,5449.5,5478.0,5508.75,5710.0,,ESM5,,extreme_return,,,,,,,,ES.v.0,2025-04-03,,,-0.0456217162872154,ROD,
,0.0454776422764228,,,,ESU5,,,,,,,,,,,,,,1886.25,1878.5,1886.25,1890.25,1968.0,,ESU5,,extreme_return,,,,,,,,ES.v.0,2015-08-24,,,-0.0454776422764228,ROD,
,0.0446241563881778,,,,ESM2,,,,,,,,,,,,,,4144.5,4105.25,4133.0,4221.0,4297.0,,ESM2,,extreme_return,,,,,,,,ES.v.0,2022-05-05,,,-0.0446241563881778,ROD,
,0.0427653716732946,,,,ESM2,,,,,,,,,,,,,,3923.75,3911.5,3920.25,4015.0,4086.25,,ESM2,,extreme_return,,,,,,,,ES.v.0,2022-05-18,,,-0.0427653716732946,ROD,
,0.041045910611128,,,,ESU2,,,,,,,,,,,,,,3932.25,3942.5,3959.25,4010.0,4111.25,,ESU2,,extreme_return,,,,,,,,ES.v.0,2022-09-13,,,-0.041045910611128,ROD,
,0.0468492885490272,,,,ESH0,,,,,,,,,,,,,,2703.75,2582.75,2563.25,2559.0,2469.75,,ESH0,,extreme_return,,,,,,,,ES.v.0,2020-03-13,,,0.0468492885490272,LH,
,0.0303152789005658,,,,ESH0,,,,,,,,,,,,,,2549.0,2474.0,2504.5,2376.5,2387.0,,ESH0,,extreme_return,,,,,,,,ES.v.0,2020-03-17,,,0.0303152789005658,LH,
,0.0290122035459359,,,,ESZ1,,,,,,,,,,,,,,1117.25,1085.75,1077.25,1072.5,1092.75,,ESZ1,,extreme_return,,,,,,,,ES.v.0,2011-10-04,,,0.0290122035459359,LH,
,0.0266082169436232,,,,ESH0,,,,,,,,,,,,,,2387.0,2452.25,2483.25,2449.25,2703.75,,ESH0,,extreme_return,,,,,,,,ES.v.0,2020-03-16,,,-0.0266082169436232,LH,
,0.0263273365511189,,,,ESU1,,,,,,,,,,,,,,1169.5,1139.5,1113.75,1136.0,1117.0,,ESU1,,extreme_return,,,,,,,,ES.v.0,2011-08-09,,,0.0263273365511189,LH,
,0.0259624876604146,,,,ESM0,,,,,,,,,,,,,,2466.75,2532.5,2541.25,2420.75,2433.0,,ESM0,,extreme_return,,,,,,,,ES.v.0,2020-03-25,,,-0.0259624876604146,LH,
,0.0240894199267681,,,,ESM0,,,,,,,,,,,,,,2532.0,2594.5,2572.5,2527.5,2609.0,,ESM0,,extreme_return,,,,,,,,ES.v.0,2020-03-27,,,-0.0240894199267681,LH,
,0.0201608579088471,,,,ESM0,,,,,,,,,,,,,,2284.25,2331.25,2319.25,2387.0,2398.25,,ESM0,,extreme_return,,,,,,,,ES.v.0,2020-03-20,,,-0.0201608579088471,LH,
,0.0190484043869052,,,,ESH0,,,,,,,,,,,,,,3089.5,3031.75,2998.75,2963.0,2973.75,,ESH0,,extreme_return,,,,,,,,ES.v.0,2020-03-02,,,0.0190484043869052,LH,
,0.0186817524009998,,,,ESU5,,,,,,,,,,,,,,1864.75,1900.25,1922.5,1930.75,1886.25,,ESU5,,extreme_return,,,,,,,,ES.v.0,2015-08-25,,,-0.0186817524009998,LH,
,0.0180046403712297,,,,ESH8,,,,,,,,,,,,,,2645.25,2693.75,2688.75,2744.5,2760.0,,ESH8,,extreme_return,,,,,,,,ES.v.0,2018-02-05,,,-0.0180046403712297,LH,
,0.0179917751884852,,,,ESH0,,,,,,,,,,,,,,2970.5,2918.0,2906.25,2929.75,3021.5,,ESH0,,extreme_return,,,,,,,,ES.v.0,2020-03-06,,,0.0179917751884852,LH,
,0.0169659442724458,,,,ESM3,,,,,,,,,,,,,,3969.0,4037.5,4034.0,4034.25,4038.5,,ESM3,,extreme_return,,,,,,,,ES.v.0,2023-03-22,,,-0.0169659442724458,LH,
,0.0169599321602713,,,,ESZ1,,,,,,,,,,,,,,1159.25,1179.25,1180.5,1198.75,1196.75,,ESZ1,,extreme_return,,,,,,,,ES.v.0,2011-09-21,,,-0.0169599321602713,LH,
,0.0160757542391544,,,,ESU1,,,,,,,,,,,,,,1117.0,1135.25,1126.25,1170.25,1195.0,,ESU1,,extreme_return,,,,,,,,ES.v.0,2011-08-08,,,-0.0160757542391544,LH,
,0.0159351145038167,,,,ESH8,,,,,,,,,,,,,,2578.25,2620.0,2623.5,2671.25,2679.0,,ESH8,,extreme_return,,,,,,,,ES.v.0,2018-02-08,,,-0.0159351145038167,LH,
,0.0158848349466368,,,,ESH0,,,,,,,,,,,,,,2973.75,3021.75,3031.25,3051.5,3116.25,,ESH0,,extreme_return,,,,,,,,ES.v.0,2020-02-27,,,-0.0158848349466368,LH,
,0.0158556273062731,,,,ESH2,,,,,,,,,,,,,,4404.75,4336.0,4308.25,4296.75,4385.5,,ESH2,,extreme_return,,,,,,,,ES.v.0,2022-01-24,,,0.0158556273062731,LH,
,0.0155079742708608,,,,ESH0,,,,,,,,,,,,,,2881.25,2837.25,2819.25,2820.75,2735.75,,ESH0,,extreme_return,,,,,,,,ES.v.0,2020-03-10,,,0.0155079742708608,LH,
,0.0142508143322475,,,,ESH9,,,,,,,,,,,,,,2491.0,2456.0,2428.5,2427.5,2468.25,,ESH9,,extreme_return,,,,,,,,ES.v.0,2018-12-27,,,0.0142508143322475,LH,
,0.0882047407687223,,,,NQH0,,,,,,,,,,,,,,6944.25,7252.75,7335.0,7241.25,7941.75,,NQH0,,extreme_return,,,,,,,,NQ.v.0,2020-03-16,,,-0.0882047407687223,ONFH,
,0.057220016618964,,,,NQZ2,,,,,,,,,,,,,,11628.75,11576.75,11525.0,11450.75,10831.0,,NQZ2,,extreme_return,,,,,,,,NQ.v.0,2022-11-10,,,0.057220016618964,ONFH,
,0.0541993561091488,,,,NQH0,,,,,,,,,,,,,,7260.5,7344.75,7385.25,7564.75,7998.25,,NQH0,,extreme_return,,,,,,,,NQ.v.0,2020-03-12,,,-0.0541993561091488,ONFH,
,0.0536468105065666,,,,NQH0,,,,,,,,,,,,,,7933.25,8053.0,8027.75,8070.5,8528.0,,NQH0,,extreme_return,,,,,,,,NQ.v.0,2020-03-09,,,-0.0536468105065666,ONFH,
,0.0491615717401408,,,,NQM0,,,,,,,,,,,,,,7533.5,7485.0,7466.0,7336.0,6992.25,,NQM0,,extreme_return,,,,,,,,NQ.v.0,2020-03-24,,,0.0491615717401408,ONFH,
,0.0448466298489587,,,,NQM0,,,,,,,,,,,,,,8053.5,7978.25,7954.5,7851.5,7514.5,,NQM0,,extreme_return,,,,,,,,NQ.v.0,2020-04-06,,,0.0448466298489587,ONFH,
,0.0444285629206122,,,,NQU5,,,,,,,,,,,,,,4031.0,4012.5,4034.75,4011.25,4197.75,,NQU5,,extreme_return,,,,,,,,NQ.v.0,2015-08-24,,,-0.0444285629206122,ONFH,
,0.0396834499369194,,,,NQU1,,,,,,,,,,,,,,2073.75,2066.5,2063.25,2093.25,2179.75,,NQU1,,extreme_return,,,,,,,,NQ.v.0,2011-08-18,,,-0.0396834499369194,ONFH,
,0.0391213359338296,,,,NQM5,,,,,,,,,,,,,,17239.5,17269.5,17439.5,18247.75,17560.75,,NQM5,,extreme_return,,,,,,,,NQ.v.0,2025-04-08,,,0.0391213359338296,ONFH,
,0.0383485681006761,,,,NQM5,,,,,,,,,,,,,,18685.75,18726.0,18850.25,18989.25,19746.5,,NQM5,,extreme_return,,,,,,,,NQ.v.0,2025-04-03,,,-0.0383485681006761,ONFH,
,0.0377992383025027,,,,NQM5,,,,,,,,,,,,,,18788.25,18774.5,18869.5,19074.75,18380.0,,NQM5,,extreme_return,,,,,,,,NQ.v.0,2025-04-23,,,0.0377992383025027,ONFH,
,0.0361780076504498,,,,NQU4,,,,,,,,,,,,,,18021.5,17982.75,17907.25,17889.5,18561.0,,NQU4,,extreme_return,,,,,,,,NQ.v.0,2024-08-05,,,-0.0361780076504498,ONFH,
,0.0356578891212495,,,,NQZ2,,,,,,,,,,,,,,11840.5,11830.75,11826.75,12133.25,11715.5,,NQZ2,,extreme_return,,,,,,,,NQ.v.0,2022-12-13,,,0.0356578891212495,ONFH,
,0.0347427863094829,,,,NQH0,,,,,,,,,,,,,,7941.75,7554.5,7498.25,7512.75,7260.5,,NQH0,,extreme_return,,,,,,,,NQ.v.0,2020-03-13,,,0.0347427863094829,ONFH,
,0.0341769668432411,,,,NQU2,,,,,,,,,,,,,,12040.75,12074.25,12134.0,12307.0,12742.5,,NQU2,,extreme_return,,,,,,,,NQ.v.0,2022-09-13,,,-0.0341769668432411,ONFH,
,0.0328645177025324,,,,NQH1,,,,,,,,,,,,,,12787.0,12848.75,12835.5,12704.75,12300.5,,NQH1,,extreme_return,,,,,,,,NQ.v.0,2021-03-09,,,0.0328645177025324,ONFH,
,0.0328563698671315,,,,NQM0,,,,,,,,,,,,,,8682.0,8676.5,8688.0,8589.75,8316.5,,NQM0,,extreme_return,,,,,,,,NQ.v.0,2020-04-14,,,0.0328563698671315,ONFH,
,0.0322925072940591,,,,NQM5,,,,,,,,,,,,,,20949.75,20884.0,20896.5,20786.5,20136.25,,NQM5,,extreme_return,,,,,,,,NQ.v.0,2025-05-12,,,0.0322925072940591,ONFH,
,0.0321116818453974,,,,NQH0,,,,,,,,,,,,,,8366.5,8236.75,8193.0,8188.0,7933.25,,NQH0,,extreme_return,,,,,,,,NQ.v.0,2020-03-10,,,0.0321116818453974,ONFH,
,0.03186410569557,,,,NQZ1,,,,,,,,,,,,,,2177.5,2157.25,2162.0,2180.0,2251.75,,NQZ1,,extreme_return,,,,,,,,NQ.v.0,2011-09-22,,,-0.03186410569557,ONFH,
,0.1107775747556483,,,,NQM5,,,,,,,,,,,,,,19269.5,19149.25,18775.25,17446.5,17239.5,,NQM5,,extreme_return,,,,,,,,NQ.v.0,2025-04-09,,,0.1107775747556483,ROD,
,0.0867566972014983,,,,NQH0,,,,,,,,,,,,,,6944.25,7252.75,7335.0,7241.25,7941.75,,NQH0,,extreme_return,,,,,,,,NQ.v.0,2020-03-16,,,-0.0867566972014983,ROD,
,0.0817053730503547,,,,NQH0,,,,,,,,,,,,,,7260.5,7344.75,7385.25,7564.75,7998.25,,NQH0,,extreme_return,,,,,,,,NQ.v.0,2020-03-12,,,-0.0817053730503547,ROD,
,0.0704708784725947,,,,NQM0,,,,,,,,,,,,,,7533.5,7485.0,7466.0,7336.0,6992.25,,NQM0,,extreme_return,,,,,,,,NQ.v.0,2020-03-24,,,0.0704708784725947,ROD,
,0.0688532914781645,,,,NQZ2,,,,,,,,,,,,,,11628.75,11576.75,11525.0,11450.75,10831.0,,NQZ2,,extreme_return,,,,,,,,NQ.v.0,2022-11-10,,,0.0688532914781645,ROD,
,0.0617140195621797,,,,NQM0,,,,,,,,,,,,,,8053.5,7978.25,7954.5,7851.5,7514.5,,NQM0,,extreme_return,,,,,,,,NQ.v.0,2020-04-06,,,0.0617140195621797,ROD,
,0.0599275844232616,,,,NQM2,,,,,,,,,,,,,,12858.75,12722.0,12819.5,13173.75,13533.0,,NQM2,,extreme_return,,,,,,,,NQ.v.0,2022-05-05,,,-0.0599275844232616,ROD,
,0.056557583612341,,,,NQH0,,,,,,,,,,,,,,7453.75,7337.0,7409.25,6982.5,6944.25,,NQH0,,extreme_return,,,,,,,,NQ.v.0,2020-03-17,,,0.056557583612341,ROD,
,0.0556988742964352,,,,NQH0,,,,,,,,,,,,,,7933.25,8053.0,8027.75,8070.5,8528.0,,NQH0,,extreme_return,,,,,,,,NQ.v.0,2020-03-09,,,-0.0556988742964352,ROD,
,0.0524426133019423,,,,NQU2,,,,,,,,,,,,,,12040.75,12074.25,12134.0,12307.0,12742.5,,NQU2,,extreme_return,,,,,,,,NQ.v.0,2022-09-13,,,-0.0524426133019423,ROD,
,0.0519554994838857,,,,NQU1,,,,,,,,,,,,,,2073.75,2066.5,2063.25,2093.25,2179.75,,NQU1,,extreme_return,,,,,,,,NQ.v.0,2011-08-18,,,-0.0519554994838857,ROD,
,0.0516800445648596,,,,NQM5,,,,,,,,,,,,,,18685.75,18726.0,18850.25,18989.25,19746.5,,NQM5,,extreme_return,,,,,,,,NQ.v.0,2025-04-03,,,-0.0516800445648596,ROD,
,0.0515790102083457,,,,NQM2,,,,,,,,,,,,,,11940.75,11915.25,11928.5,12299.5,12563.25,,NQM2,,extreme_return,,,,,,,,NQ.v.0,2022-05-18,,,-0.0515790102083457,ROD,
,0.0503324726061303,,,,NQM5,,,,,,,,,,,,,,17534.75,17745.25,17623.5,18195.5,18685.75,,NQM5,,extreme_return,,,,,,,,NQ.v.0,2025-04-04,,,-0.0503324726061303,ROD,
,0.0502597559502235,,,,NQU1,,,,,,,,,,,,,,2159.5,2173.25,2165.0,2103.75,2069.25,,NQU1,,extreme_return,,,,,,,,NQ.v.0,2011-08-11,,,0.0502597559502235,ROD,
,0.0493635331381103,,,,NQH0,,,,,,,,,,,,,,7998.25,7953.5,7978.5,8179.75,8366.5,,NQH0,,extreme_return,,,,,,,,NQ.v.0,2020-03-11,,,-0.0493635331381103,ROD,
,0.0475217274622736,,,,NQU2,,,,,,,,,,,,,,12615.5,12685.75,12580.0,12385.5,12110.25,,NQU2,,extreme_return,,,,,,,,NQ.v.0,2022-07-27,,,0.0475217274622736,ROD,
,0.0462110765481191,,,,NQM0,,,,,,,,,,,,,,7466.5,7435.5,7465.25,7590.5,7795.75,,NQM0,,extreme_return,,,,,,,,NQ.v.0,2020-04-01,,,-0.0462110765481191,ROD,
,0.0458237110459534,,,,NQM5,,,,,,,,,,,,,,18483.0,18386.5,18537.25,18661.75,19269.5,,NQM5,,extreme_return,,,,,,,,NQ.v.0,2025-04-10,,,-0.0458237110459534,ROD,
,0.0452395032525133,,,,NQM2,,,,,,,,,,,,,,11294.5,11301.5,11362.75,11484.75,11837.0,,NQM2,,extreme_return,,,,,,,,NQ.v.0,2022-06-13,,,-0.0452395032525133,ROD,
,0.0512608379111787,,,,NQH0,,,,,,,,,,,,,,7941.75,7554.5,7498.25,7512.75,7260.5,,NQH0,,extreme_return,,,,,,,,NQ.v.0,2020-03-13,,,0.0512608379111787,LH,
,0.0425355899486401,,,,NQH0,,,,,,,,,,,,,,6944.25,7252.75,7335.0,7241.25,7941.75,,NQH0,,extreme_return,,,,,,,,NQ.v.0,2020-03-16,,,-0.0425355899486401,LH,
,0.0262394195888755,,,,NQZ1,,,,,,,,,,,,,,2121.75,2067.5,2049.0,2053.5,2077.75,,NQZ1,,extreme_return,,,,,,,,NQ.v.0,2011-10-04,,,0.0262394195888755,LH,
,0.0259096100505792,,,,NQM0,,,,,,,,,,,,,,7462.75,7661.25,7682.5,7472.5,7533.5,,NQM0,,extreme_return,,,,,,,,NQ.v.0,2020-03-25,,,-0.0259096100505792,LH,
,0.025787284610814,,,,NQU1,,,,,,,,,,,,,,2158.0,2103.75,2067.5,2102.5,2059.5,,NQU1,,extreme_return,,,,,,,,NQ.v.0,2011-08-09,,,0.025787284610814,LH,
,0.0256039113512818,,,,NQM0,,,,,,,,,,,,,,7573.25,7772.25,7732.5,7634.0,7868.0,,NQM0,,extreme_return,,,,,,,,NQ.v.0,2020-03-27,,,-0.0256039113512818,LH,
,0.0223203335786117,,,,NQM0,,,,,,,,,,,,,,6975.5,7134.75,7099.0,7354.25,7268.5,,NQM0,,extreme_return,,,,,,,,NQ.v.0,2020-03-20,,,-0.0223203335786117,LH,
,0.0210975609756097,,,,NQU5,,,,,,,,,,,,,,4013.5,4100.0,4150.75,4156.75,4031.0,,NQU5,,extreme_return,,,,,,,,NQ.v.0,2015-08-25,,,-0.0210975609756097,LH,
,0.0203187653738585,,,,NQM0,,,,,,,,,,,,,,7268.5,7419.25,7424.75,7225.5,7206.75,,NQM0,,extreme_return,,,,,,,,NQ.v.0,2020-03-19,,,-0.0203187653738585,LH,
,0.0202743442870063,,,,NQH8,,,,,,,,,,,,,,6499.5,6634.0,6630.75,6746.25,6765.0,,NQH8,,extreme_return,,,,,,,,NQ.v.0,2018-02-05,,,-0.0202743442870063,LH,
,0.0198190435157259,,,,NQH0,,,,,,,,,,,,,,8876.25,8703.75,8611.5,8514.75,8432.25,,NQH0,,extreme_return,,,,,,,,NQ.v.0,2020-03-02,,,0.0198190435157259,LH,
,0.0194390286276856,,,,NQM3,,,,,,,,,,,,,,12699.0,12950.75,12921.75,12883.0,12877.25,,NQM3,,extreme_return,,,,,,,,NQ.v.0,2023-03-22,,,-0.0194390286276856,LH,
,0.0185422949449105,,,,NQH0,,,,,,,,,,,,,,8528.0,8372.75,8338.75,8418.25,8672.25,,NQH0,,extreme_return,,,,,,,,NQ.v.0,2020-03-06,,,0.0185422949449105,LH,
,0.017422825070159,,,,NQH8,,,,,,,,,,,,,,6302.25,6414.0,6421.0,6567.75,6579.5,,NQH8,,extreme_return,,,,,,,,NQ.v.0,2018-02-08,,,-0.017422825070159,LH,
,0.0168103918786158,,,,NQZ1,,,,,,,,,,,,,,2251.75,2290.25,2292.0,2310.0,2291.75,,NQZ1,,extreme_return,,,,,,,,NQ.v.0,2011-09-21,,,-0.0168103918786158,LH,
,0.0166339479772839,,,,NQH2,,,,,,,,,,,,,,14500.25,14263.0,14152.25,14096.5,14415.75,,NQH2,,extreme_return,,,,,,,,NQ.v.0,2022-01-24,,,0.0166339479772839,LH,
,0.0166109334108752,,,,NQM0,,,,,,,,,,,,,,6992.25,6878.0,6931.5,7030.5,6975.5,,NQM0,,extreme_return,,,,,,,,NQ.v.0,2020-03-23,,,0.0166109334108752,LH,
,0.0161144663317717,,,,NQM4,,,,,,,,,,,,,,17431.5,17717.0,17750.75,17475.0,17563.5,,NQM4,,extreme_return,,,,,,,,NQ.v.0,2024-05-01,,,-0.0161144663317717,LH,
,0.0159124982963063,,,,NQH0,,,,,,,,,,,,,,7453.75,7337.0,7409.25,6982.5,6944.25,,NQH0,,extreme_return,,,,,,,,NQ.v.0,2020-03-17,,,0.0159124982963063,LH,
,0.0157525723131088,,,,NQH0,,,,,,,,,,,,,,8366.5,8236.75,8193.0,8188.0,7933.25,,NQH0,,extreme_return,,,,,,,,NQ.v.0,2020-03-10,,,0.0157525723131088,LH,
,0.0679221193744015,,,,GCJ0,,,,,,,,,,,,,,1659.8,1656.8,1656.9,1672.9,1566.5,,GCJ0,,extreme_return,,,,,,,,GC.v.0,2020-03-24,,,0.0679221193744015,ONFH,
,0.0528461202504002,,,,GCQ3,,,,,,,,,,,,,,1285.9,1290.5,1290.7,1301.2,1373.8,,GCQ3,,extreme_return,,,,,,,,GC.v.0,2013-06-20,,,-0.0528461202504002,ONFH,
,0.0522353254713838,,,,GCM3,,,,,,,,,,,,,,1361.2,1371.1,1380.8,1422.5,1500.9,,GCM3,,extreme_return,,,,,,,,GC.v.0,2013-04-15,,,-0.0522353254713838,ONFH,
,0.051064840471855,,,,GCQ6,,,,,,,,,,,,,,1322.5,1319.4,1320.2,1327.6,1263.1,,GCQ6,,extreme_return,,,,,,,,GC.v.0,2016-06-24,,,0.051064840471855,ONFH,
,0.0461985620315128,,,,GCZ3,,,,,,,,,,,,,,1369.1,1371.1,1368.6,1367.8,1307.4,,GCZ3,,extreme_return,,,,,,,,GC.v.0,2013-09-19,,,0.0461985620315128,ONFH,
,0.0413107708836959,,,,GCQ1,,,,,,,,,,,,,,1775.0,1771.0,1771.9,1784.6,1861.5,,GCQ1,,extreme_return,,,,,,,,GC.v.0,2021-06-17,,,-0.0413107708836959,ONFH,
,0.0402735085628254,,,,GCZ1,,,,,,,,,,,,,,1651.6,1658.4,1659.1,1658.3,1594.1,,GCZ1,,extreme_return,,,,,,,,GC.v.0,2011-09-27,,,0.0402735085628254,ONFH,
,0.039933628318584,,,,GCZ1,,,,,,,,,,,,,,1740.8,1749.5,1742.2,1735.8,1808.0,,GCZ1,,extreme_return,,,,,,,,GC.v.0,2011-09-22,,,-0.039933628318584,ONFH,
,0.0347396176664469,,,,GCJ0,,,,,,,,,,,,,,1485.8,1508.5,1506.5,1464.3,1517.0,,GCJ0,,extreme_return,,,,,,,,GC.v.0,2020-03-16,,,-0.0347396176664469,ONFH,
,0.0336829558998809,,,,GCZ5,,,,,,,,,,,,,,4095.2,4101.5,4100.2,4053.7,4195.0,,GCZ5,,extreme_return,,,,,,,,GC.v.0,2025-11-14,,,-0.0336829558998809,ONFH,
,0.0328115844982004,,,,GCJ6,,,,,,,,,,,,,,1247.8,1248.4,1254.0,1233.9,1194.7,,GCJ6,,extreme_return,,,,,,,,GC.v.0,2016-02-11,,,0.0328115844982004,ONFH,
,0.0327461945632345,,,,GCM5,,,,,,,,,,,,,,3227.7,3228.4,3231.4,3234.4,3343.9,,GCM5,,extreme_return,,,,,,,,GC.v.0,2025-05-12,,,-0.0327461945632345,ONFH,
,0.031053268765133,,,,GCZ1,,,,,,,,,,,,,,1713.1,1719.4,1713.2,1703.3,1652.0,,GCZ1,,extreme_return,,,,,,,,GC.v.0,2011-08-08,,,0.031053268765133,ONFH,
,0.0302159926470587,,,,GCZ1,,,,,,,,,,,,,,1641.6,1653.5,1662.3,1688.2,1740.8,,GCZ1,,extreme_return,,,,,,,,GC.v.0,2011-09-23,,,-0.0302159926470587,ONFH,
,0.0300024392227009,,,,GCJ6,,,,,,,,,,,,,,1265.1,1266.5,1264.3,1266.8,1229.9,,GCJ6,,extreme_return,,,,,,,,GC.v.0,2016-03-17,,,0.0300024392227009,ONFH,
,0.0296620862104562,,,,GCZ5,,,,,,,,,,,,,,4110.7,4124.8,4129.4,4229.8,4359.1,,GCZ5,,extreme_return,,,,,,,,GC.v.0,2025-10-21,,,-0.0296620862104562,ONFH,
,0.0293909348441927,,,,GCJ2,,,,,,,,,,,,,,1642.7,1648.8,1642.6,1644.6,1694.4,,GCJ2,,extreme_return,,,,,,,,GC.v.0,2012-03-14,,,-0.0293909348441927,ONFH,
,0.0293401509617725,,,,GCJ0,,,,,,,,,,,,,,1595.0,1599.3,1599.0,1594.6,1642.8,,GCJ0,,extreme_return,,,,,,,,GC.v.0,2020-03-02,,,-0.0293401509617725,ONFH,
,0.0291676015256898,,,,GCZ0,,,,,,,,,,,,,,1382.6,1381.2,1378.8,1376.1,1337.1,,GCZ0,,extreme_return,,,,,,,,GC.v.0,2010-11-04,,,0.0291676015256898,ONFH,
,0.0287999999999999,,,,GCZ4,,,,,,,,,,,,,,2676.7,2672.0,2675.4,2670.8,2750.0,,GCZ4,,extreme_return,,,,,,,,GC.v.0,2024-11-06,,,-0.0287999999999999,ONFH,
,0.0864814444666535,,,,GCM3,,,,,,,,,,,,,,1361.2,1371.1,1380.8,1422.5,1500.9,,GCM3,,extreme_return,,,,,,,,GC.v.0,2013-04-15,,,-0.0864814444666535,ROD,
,0.0606347357693987,,,,GCQ3,,,,,,,,,,,,,,1285.9,1290.5,1290.7,1301.2,1373.8,,GCQ3,,extreme_return,,,,,,,,GC.v.0,2013-06-20,,,-0.0606347357693987,ROD,
,0.0576444302585381,,,,GCJ0,,,,,,,,,,,,,,1659.8,1656.8,1656.9,1672.9,1566.5,,GCJ0,,extreme_return,,,,,,,,GC.v.0,2020-03-24,,,0.0576444302585381,ROD,
,0.0537496272166273,,,,GCZ5,,,,,,,,,,,,,,4110.7,4124.8,4129.4,4229.8,4359.1,,GCZ5,,extreme_return,,,,,,,,GC.v.0,2025-10-21,,,-0.0537496272166273,ROD,
,0.050149356617647,,,,GCZ1,,,,,,,,,,,,,,1641.6,1653.5,1662.3,1688.2,1740.8,,GCZ1,,extreme_return,,,,,,,,GC.v.0,2011-09-23,,,-0.050149356617647,ROD,
,0.0496347228190803,,,,GCZ1,,,,,,,,,,,,,,1758.8,1769.2,1781.0,1835.9,1861.6,,GCZ1,,extreme_return,,,,,,,,GC.v.0,2011-08-24,,,-0.0496347228190803,ROD,
,0.0487226556524398,,,,GCZ3,,,,,,,,,,,,,,1369.1,1371.1,1368.6,1367.8,1307.4,,GCZ3,,extreme_return,,,,,,,,GC.v.0,2013-09-19,,,0.0487226556524398,ROD,
,0.0486686889113583,,,,GCJ0,,,,,,,,,,,,,,1566.5,1555.7,1550.7,1523.8,1483.5,,GCJ0,,extreme_return,,,,,,,,GC.v.0,2020-03-23,,,0.0486686889113583,ROD,
,0.0486167069567553,,,,GCQ1,,,,,,,,,,,,,,1775.0,1771.0,1771.9,1784.6,1861.5,,GCQ1,,extreme_return,,,,,,,,GC.v.0,2021-06-17,,,-0.0486167069567553,ROD,
,0.0450640476347418,,,,GCG6,,,,,,,,,,,,,,4345.5,4346.2,4347.2,4437.0,4551.3,,GCG6,,extreme_return,,,,,,,,GC.v.0,2025-12-29,,,-0.0450640476347418,ROD,
,0.0449485226416674,,,,GCJ6,,,,,,,,,,,,,,1247.8,1248.4,1254.0,1233.9,1194.7,,GCJ6,,extreme_return,,,,,,,,GC.v.0,2016-02-11,,,0.0449485226416674,ROD,
,0.0445728762568284,,,,GCQ6,,,,,,,,,,,,,,1322.5,1319.4,1320.2,1327.6,1263.1,,GCQ6,,extreme_return,,,,,,,,GC.v.0,2016-06-24,,,0.0445728762568284,ROD,
,0.0438364401683705,,,,GCG2,,,,,,,,,,,,,,1586.8,1590.1,1586.8,1630.7,1663.0,,GCG2,,extreme_return,,,,,,,,GC.v.0,2011-12-14,,,-0.0438364401683705,ROD,
,0.0422065668637563,,,,GCJ0,,,,,,,,,,,,,,1517.0,1522.7,1531.0,1591.5,1589.8,,GCJ0,,extreme_return,,,,,,,,GC.v.0,2020-03-13,,,-0.0422065668637563,ROD,
,0.0407990314769977,,,,GCZ1,,,,,,,,,,,,,,1713.1,1719.4,1713.2,1703.3,1652.0,,GCZ1,,extreme_return,,,,,,,,GC.v.0,2011-08-08,,,0.0407990314769977,ROD,
,0.0403362398845745,,,,GCZ1,,,,,,,,,,,,,,1651.6,1658.4,1659.1,1658.3,1594.1,,GCZ1,,extreme_return,,,,,,,,GC.v.0,2011-09-27,,,0.0403362398845745,ROD,
,0.039725798361478,,,,GCM5,,,,,,,,,,,,,,3077.3,3109.3,3102.3,3061.0,2990.5,,GCM5,,extreme_return,,,,,,,,GC.v.0,2025-04-09,,,0.039725798361478,ROD,
,0.0378347287019876,,,,GCM3,,,,,,,,,,,,,,1500.9,1505.5,1506.6,1535.8,1564.7,,GCM3,,extreme_return,,,,,,,,GC.v.0,2013-04-12,,,-0.0378347287019876,ROD,
,0.0368357803438006,,,,GCG1,,,,,,,,,,,,,,1836.7,1843.4,1843.1,1886.2,1913.9,,GCG1,,extreme_return,,,,,,,,GC.v.0,2021-01-08,,,-0.0368357803438006,ROD,
,0.0365151260974109,,,,GCJ2,,,,,,,,,,,,,,1711.6,1723.0,1729.9,1784.9,1788.3,,GCJ2,,extreme_return,,,,,,,,GC.v.0,2012-02-29,,,-0.0365151260974109,ROD,
,0.0150480609877361,,,,GCJ0,,,,,,,,,,,,,,1485.8,1508.5,1506.5,1464.3,1517.0,,GCJ0,,extreme_return,,,,,,,,GC.v.0,2020-03-16,,,-0.0150480609877361,LH,
,0.0102924358764908,,,,GCQ3,,,,,,,,,,,,,,1211.6,1224.2,1229.7,1231.4,1229.8,,GCQ3,,extreme_return,,,,,,,,GC.v.0,2013-06-27,,,-0.0102924358764908,LH,
,0.0102917055285756,,,,GCM5,,,,,,,,,,,,,,3077.3,3109.3,3102.3,3061.0,2990.5,,GCM5,,extreme_return,,,,,,,,GC.v.0,2025-04-09,,,-0.0102917055285756,LH,
,0.0094001025465733,,,,GCZ2,,,,,,,,,,,,,,1771.8,1755.3,1727.9,1734.9,1735.1,,GCZ2,,extreme_return,,,,,,,,GC.v.0,2012-09-13,,,0.0094001025465733,LH,
,0.0082625919637803,,,,GCZ1,,,,,,,,,,,,,,1752.4,1767.0,1770.9,1781.8,1785.7,,GCZ1,,extreme_return,,,,,,,,GC.v.0,2011-08-11,,,-0.0082625919637803,LH,
,0.0082249560632688,,,,GCZ0,,,,,,,,,,,,,,1410.8,1422.5,1423.1,1416.0,1403.5,,GCZ0,,extreme_return,,,,,,,,GC.v.0,2010-11-09,,,-0.0082249560632688,LH,
,0.0080660172488676,,,,GCM0,,,,,,,,,,,,,,1598.7,1611.7,1619.0,1621.8,1643.2,,GCM0,,extreme_return,,,,,,,,GC.v.0,2020-03-31,,,-0.0080660172488676,LH,
,0.007604088755921,,,,GCQ2,,,,,,,,,,,,,,1616.6,1604.4,1606.4,1605.9,1623.3,,GCQ2,,extreme_return,,,,,,,,GC.v.0,2012-06-20,,,0.007604088755921,LH,
,0.0072204799066442,,,,GCM3,,,,,,,,,,,,,,1361.2,1371.1,1380.8,1422.5,1500.9,,GCM3,,extreme_return,,,,,,,,GC.v.0,2013-04-15,,,-0.0072204799066442,LH,
,0.0071968551557303,,,,GCZ1,,,,,,,,,,,,,,1641.6,1653.5,1662.3,1688.2,1740.8,,GCZ1,,extreme_return,,,,,,,,GC.v.0,2011-09-23,,,-0.0071968551557303,LH,
,0.0071651976116007,,,,GCJ2,,,,,,,,,,,,,,1771.1,1758.5,1758.1,1753.6,1758.4,,GCJ2,,extreme_return,,,,,,,,GC.v.0,2012-02-22,,,0.0071651976116007,LH,
,0.0069422125088385,,,,GCJ0,,,,,,,,,,,,,,1566.5,1555.7,1550.7,1523.8,1483.5,,GCJ0,,extreme_return,,,,,,,,GC.v.0,2020-03-23,,,0.0069422125088385,LH,
,0.0069312396491443,,,,GCZ1,,,,,,,,,,,,,,1619.0,1630.3,1636.8,1649.2,1651.6,,GCZ1,,extreme_return,,,,,,,,GC.v.0,2011-09-28,,,-0.0069312396491443,LH,
,0.0069279216235129,,,,GCQ9,,,,,,,,,,,,,,1419.1,1429.0,1433.9,1428.7,1418.1,,GCQ9,,extreme_return,,,,,,,,GC.v.0,2019-06-25,,,-0.0069279216235129,LH,
,0.0068982922520399,,,,GCG7,,,,,,,,,,,,,,1196.9,1188.7,1184.2,1188.0,1185.9,,GCG7,,extreme_return,,,,,,,,GC.v.0,2017-01-11,,,0.0068982922520399,LH,
,0.0066190444983289,,,,GCZ9,,,,,,,,,,,,,,1515.8,1525.9,1531.4,1524.5,1525.7,,GCZ9,,extreme_return,,,,,,,,GC.v.0,2019-09-06,,,-0.0066190444983289,LH,
,0.0066163668020894,,,,GCJ2,,,,,,,,,,,,,,1711.6,1723.0,1729.9,1784.9,1788.3,,GCJ2,,extreme_return,,,,,,,,GC.v.0,2012-02-29,,,-0.0066163668020894,LH,
,0.0064134188455846,,,,GCQ8,,,,,,,,,,,,,,1224.0,1216.2,1216.6,1213.2,1228.0,,GCQ8,,extreme_return,,,,,,,,GC.v.0,2018-07-19,,,0.0064134188455846,LH,
,0.0062771285475793,,,,GCM1,,,,,,,,,,,,,,1506.9,1497.5,1496.5,1488.6,1501.1,,GCM1,,extreme_return,,,,,,,,GC.v.0,2011-05-12,,,0.0062771285475793,LH,
,0.0062126501390449,,,,GCG2,,,,,,,,,,,,,,1700.6,1690.1,1664.7,1654.8,1664.9,,GCG2,,extreme_return,,,,,,,,GC.v.0,2012-01-25,,,0.0062126501390449,LH,
,0.2853787433940106,,,,CLM0,,,,,,,,,,,,,,12.97,13.05,13.38,12.17,17.03,,CLM0,,extreme_return,,,,,,,,CL.v.0,2020-04-27,,,-0.2853787433940106,ONFH,
,0.2635467980295567,,,,CLM0,,,,,,,,,,,,,,11.56,9.46,11.6,14.95,20.3,,CLM0,,extreme_return,,,,,,,,CL.v.0,2020-04-21,,,-0.2635467980295567,ONFH,
,0.2532362459546926,,,,CLM0,,,,,,,,,,,,,,15.13,15.47,15.24,15.49,12.36,,CLM0,,extreme_return,,,,,,,,CL.v.0,2020-04-29,,,0.2532362459546926,ONFH,
,0.2249134948096884,,,,CLM0,,,,,,,,,,,,,,13.8,13.75,14.71,14.16,11.56,,CLM0,,extreme_return,,,,,,,,CL.v.0,2020-04-22,,,0.2249134948096884,ONFH,
,0.2166666666666665,,,,CLM0,,,,,,,,,,,,,,16.8,16.6,16.29,16.79,13.8,,CLM0,,extreme_return,,,,,,,,CL.v.0,2020-04-23,,,0.2166666666666665,ONFH,
,0.212729912875121,,,,CLJ0,,,,,,,,,,,,,,31.09,32.45,32.68,32.53,41.32,,CLJ0,,extreme_return,,,,,,,,CL.v.0,2020-03-09,,,-0.212729912875121,ONFH,
,0.1502209131075109,,,,CLM0,,,,,,,,,,,,,,24.53,24.48,24.18,23.43,20.37,,CLM0,,extreme_return,,,,,,,,CL.v.0,2020-05-05,,,0.1502209131075109,ONFH,
,0.1315267680105749,,,,CLM0,,,,,,,,,,,,,,18.58,16.77,17.5,17.12,15.13,,CLM0,,extreme_return,,,,,,,,CL.v.0,2020-04-30,,,0.1315267680105749,ONFH,
,0.1154700222057735,,,,CLJ0,,,,,,,,,,,,,,20.42,21.13,21.58,23.9,27.02,,CLJ0,,extreme_return,,,,,,,,CL.v.0,2020-03-18,,,-0.1154700222057735,ONFH,
,0.1121166415284062,,,,CLK0,,,,,,,,,,,,,,18.31,18.06,18.2,17.66,19.89,,CLK0,,extreme_return,,,,,,,,CL.v.0,2020-04-17,,,-0.1121166415284062,ONFH,
,0.0958644067796609,,,,CLF5,,,,,,,,,,,,,,69.02,68.54,68.51,66.68,73.75,,CLF5,,extreme_return,,,,,,,,CL.v.0,2014-12-01,,,-0.0958644067796609,ONFH,
,0.095281472034979,,,,CLV9,,,,,,,,,,,,,,62.88,62.71,63.08,60.12,54.89,,CLV9,,extreme_return,,,,,,,,CL.v.0,2019-09-16,,,0.095281472034979,ONFH,
,0.0942053541172482,,,,CLN0,,,,,,,,,,,,,,31.65,31.62,31.72,32.29,29.51,,CLN0,,extreme_return,,,,,,,,CL.v.0,2020-05-18,,,0.0942053541172482,ONFH,
,0.0909451945988879,,,,CLK0,,,,,,,,,,,,,,28.34,27.57,27.09,27.47,25.18,,CLK0,,extreme_return,,,,,,,,CL.v.0,2020-04-03,,,0.0909451945988879,ONFH,
,0.089622641509434,,,,CLJ0,,,,,,,,,,,,,,28.83,28.79,29.19,28.95,31.8,,CLJ0,,extreme_return,,,,,,,,CL.v.0,2020-03-16,,,-0.089622641509434,ONFH,
,0.0885826771653544,,,,CLK0,,,,,,,,,,,,,,25.18,24.03,24.57,22.12,20.32,,CLK0,,extreme_return,,,,,,,,CL.v.0,2020-04-02,,,0.0885826771653544,ONFH,
,0.0849147635895786,,,,CLJ0,,,,,,,,,,,,,,34.25,33.5,33.6,33.73,31.09,,CLJ0,,extreme_return,,,,,,,,CL.v.0,2020-03-10,,,0.0849147635895786,ONFH,
,0.0784723258242577,,,,CLK5,,,,,,,,,,,,,,62.02,62.12,61.74,61.77,67.03,,CLK5,,extreme_return,,,,,,,,CL.v.0,2025-04-04,,,-0.0784723258242577,ONFH,
,0.078336272780717,,,,CLN5,,,,,,,,,,,,,,73.16,73.17,72.6,73.37,68.04,,CLN5,,extreme_return,,,,,,,,CL.v.0,2025-06-13,,,0.078336272780717,ONFH,
,0.0761771085874696,,,,CLF2,,,,,,,,,,,,,,69.84,70.85,71.01,72.4,78.37,,CLF2,,extreme_return,,,,,,,,CL.v.0,2021-11-29,,,-0.0761771085874696,ONFH,
,0.5339901477832512,,,,CLM0,,,,,,,,,,,,,,11.56,9.46,11.6,14.95,20.3,,CLM0,,extreme_return,,,,,,,,CL.v.0,2020-04-21,,,-0.5339901477832512,ROD,
,0.2516181229773464,,,,CLM0,,,,,,,,,,,,,,15.13,15.47,15.24,15.49,12.36,,CLM0,,extreme_return,,,,,,,,CL.v.0,2020-04-29,,,0.2516181229773464,ROD,
,0.2337052260716383,,,,CLM0,,,,,,,,,,,,,,12.97,13.05,13.38,12.17,17.03,,CLM0,,extreme_return,,,,,,,,CL.v.0,2020-04-27,,,-0.2337052260716383,ROD,
,0.2179866765358993,,,,CLJ0,,,,,,,,,,,,,,20.42,21.13,21.58,23.9,27.02,,CLJ0,,extreme_return,,,,,,,,CL.v.0,2020-03-18,,,-0.2179866765358993,ROD,
,0.2146660212971926,,,,CLJ0,,,,,,,,,,,,,,31.09,32.45,32.68,32.53,41.32,,CLJ0,,extreme_return,,,,,,,,CL.v.0,2020-03-09,,,-0.2146660212971926,ROD,
,0.2028985507246377,,,,CLM0,,,,,,,,,,,,,,16.8,16.6,16.29,16.79,13.8,,CLM0,,extreme_return,,,,,,,,CL.v.0,2020-04-23,,,0.2028985507246377,ROD,
,0.2017673048600883,,,,CLM0,,,,,,,,,,,,,,24.53,24.48,24.18,23.43,20.37,,CLM0,,extreme_return,,,,,,,,CL.v.0,2020-05-05,,,0.2017673048600883,ROD,
,0.1894463667820067,,,,CLM0,,,,,,,,,,,,,,13.8,13.75,14.71,14.16,11.56,,CLM0,,extreme_return,,,,,,,,CL.v.0,2020-04-22,,,0.1894463667820067,ROD,
,0.1825787401574803,,,,CLK0,,,,,,,,,,,,,,25.18,24.03,24.57,22.12,20.32,,CLK0,,extreme_return,,,,,,,,CL.v.0,2020-04-02,,,0.1825787401574803,ROD,
,0.1424667516851885,,,,CLV9,,,,,,,,,,,,,,62.88,62.71,63.08,60.12,54.89,,CLV9,,extreme_return,,,,,,,,CL.v.0,2019-09-16,,,0.1424667516851885,ROD,
,0.1198738170347002,,,,CLJ2,,,,,,,,,,,,,,108.86,108.81,109.0,117.46,123.63,,CLJ2,,extreme_return,,,,,,,,CL.v.0,2022-03-09,,,-0.1198738170347002,ROD,
,0.1161214530995842,,,,CLQ2,,,,,,,,,,,,,,99.53,97.81,98.23,104.23,110.66,,CLQ2,,extreme_return,,,,,,,,CL.v.0,2022-07-05,,,-0.1161214530995842,ROD,
,0.1143840856924254,,,,CLH6,,,,,,,,,,,,,,29.33,29.13,29.24,28.05,26.14,,CLH6,,extreme_return,,,,,,,,CL.v.0,2016-02-12,,,0.1143840856924254,ROD,
,0.108393919365499,,,,CLM0,,,,,,,,,,,,,,18.58,16.77,17.5,17.12,15.13,,CLM0,,extreme_return,,,,,,,,CL.v.0,2020-04-30,,,0.108393919365499,ROD,
,0.1005080627347028,,,,CLF7,,,,,,,,,,,,,,49.4,49.82,49.29,47.99,45.27,,CLF7,,extreme_return,,,,,,,,CL.v.0,2016-11-30,,,0.1005080627347028,ROD,
,0.100230946882217,,,,CLK0,,,,,,,,,,,,,,20.22,19.48,20.05,20.25,21.65,,CLK0,,extreme_return,,,,,,,,CL.v.0,2020-03-30,,,-0.100230946882217,ROD,
,0.0959550848538982,,,,CLF2,,,,,,,,,,,,,,69.84,70.85,71.01,72.4,78.37,,CLF2,,extreme_return,,,,,,,,CL.v.0,2021-11-29,,,-0.0959550848538982,ROD,
,0.0949166004765686,,,,CLK0,,,,,,,,,,,,,,28.34,27.57,27.09,27.47,25.18,,CLK0,,extreme_return,,,,,,,,CL.v.0,2020-04-03,,,0.0949166004765686,ROD,
,0.0946540880503145,,,,CLJ0,,,,,,,,,,,,,,28.83,28.79,29.19,28.95,31.8,,CLJ0,,extreme_return,,,,,,,,CL.v.0,2020-03-16,,,-0.0946540880503145,ROD,
,0.0920060331825038,,,,CLK0,,,,,,,,,,,,,,18.31,18.06,18.2,17.66,19.89,,CLK0,,extreme_return,,,,,,,,CL.v.0,2020-04-17,,,-0.0920060331825038,ROD,
,0.2219873150105706,,,,CLM0,,,,,,,,,,,,,,11.56,9.46,11.6,14.95,20.3,,CLM0,,extreme_return,,,,,,,,CL.v.0,2020-04-21,,,0.2219873150105706,LH,
,0.1079308288610614,,,,CLM0,,,,,,,,,,,,,,18.58,16.77,17.5,17.12,15.13,,CLM0,,extreme_return,,,,,,,,CL.v.0,2020-04-30,,,0.1079308288610614,LH,
,0.0661494487545936,,,,CLK0,,,,,,,,,,,,,,22.87,24.49,25.38,26.45,25.17,,CLK0,,extreme_return,,,,,,,,CL.v.0,2020-04-09,,,-0.0661494487545936,LH,
,0.0578842315369261,,,,CLK0,,,,,,,,,,,,,,23.6,25.05,25.5,26.35,26.21,,CLK0,,extreme_return,,,,,,,,CL.v.0,2020-04-07,,,-0.0578842315369261,LH,
,0.0553459119496855,,,,CLK0,,,,,,,,,,,,,,25.17,23.85,24.0,24.53,23.6,,CLK0,,extreme_return,,,,,,,,CL.v.0,2020-04-08,,,0.0553459119496855,LH,
,0.0502701432933991,,,,CLJ5,,,,,,,,,,,,,,44.71,42.57,42.37,42.36,43.39,,CLJ5,,extreme_return,,,,,,,,CL.v.0,2015-03-18,,,0.0502701432933991,LH,
,0.0478568456096546,,,,CLK0,,,,,,,,,,,,,,25.18,24.03,24.57,22.12,20.32,,CLK0,,extreme_return,,,,,,,,CL.v.0,2020-04-02,,,0.0478568456096546,LH,
,0.0474649406688241,,,,CLG5,,,,,,,,,,,,,,48.55,46.35,45.85,46.08,45.92,,CLG5,,extreme_return,,,,,,,,CL.v.0,2015-01-14,,,0.0474649406688241,LH,
,0.0419106317411402,,,,CLJ0,,,,,,,,,,,,,,31.09,32.45,32.68,32.53,41.32,,CLJ0,,extreme_return,,,,,,,,CL.v.0,2020-03-09,,,-0.0419106317411402,LH,
,0.0407620735489586,,,,CLK0,,,,,,,,,,,,,,23.49,22.57,22.54,22.97,22.63,,CLK0,,extreme_return,,,,,,,,CL.v.0,2020-03-23,,,0.0407620735489586,LH,
,0.0388121140840929,,,,CLN0,,,,,,,,,,,,,,35.33,34.01,33.78,33.03,33.69,,CLN0,,extreme_return,,,,,,,,CL.v.0,2020-05-29,,,0.0388121140840929,LH,
,0.0379876796714577,,,,CLK0,,,,,,,,,,,,,,20.22,19.48,20.05,20.25,21.65,,CLK0,,extreme_return,,,,,,,,CL.v.0,2020-03-30,,,0.0379876796714577,LH,
,0.0345871162991786,,,,CLK0,,,,,,,,,,,,,,23.93,23.13,23.5,24.4,23.49,,CLK0,,extreme_return,,,,,,,,CL.v.0,2020-03-24,,,0.0345871162991786,LH,
,0.033912856836231,,,,CLH5,,,,,,,,,,,,,,48.17,46.59,45.75,44.74,44.59,,CLH5,,extreme_return,,,,,,,,CL.v.0,2015-01-30,,,0.033912856836231,LH,
,0.0336015144344532,,,,CLJ0,,,,,,,,,,,,,,20.42,21.13,21.58,23.9,27.02,,CLJ0,,extreme_return,,,,,,,,CL.v.0,2020-03-18,,,-0.0336015144344532,LH,
,0.0279289082335871,,,,CLK0,,,,,,,,,,,,,,28.34,27.57,27.09,27.47,25.18,,CLK0,,extreme_return,,,,,,,,CL.v.0,2020-04-03,,,0.0279289082335871,LH,
,0.0267545560294687,,,,CLF9,,,,,,,,,,,,,,50.2,51.58,51.21,51.26,51.61,,CLF9,,extreme_return,,,,,,,,CL.v.0,2018-11-28,,,-0.0267545560294687,LH,
,0.0267009669120907,,,,CLJ2,,,,,,,,,,,,,,115.74,112.73,113.23,112.65,107.79,,CLJ2,,extreme_return,,,,,,,,CL.v.0,2022-03-04,,,0.0267009669120907,LH,
,0.0263063063063063,,,,CLJ0,,,,,,,,,,,,,,27.02,27.75,28.25,28.73,28.83,,CLJ0,,extreme_return,,,,,,,,CL.v.0,2020-03-17,,,-0.0263063063063063,LH,
,0.0257731958762886,,,,CLU1,,,,,,,,,,,,,,81.27,83.42,83.7,83.43,86.88,,CLU1,,extreme_return,,,,,,,,CL.v.0,2011-08-08,,,-0.0257731958762886,LH,
,0.0191962436127606,,,,ZNM3,,,,,,,,,,,,,,114.640625,114.53125,114.59375,115.3125,113.140625,,ZNM3,,extreme_return,,,,,,,,ZN.v.0,2023-03-13,,,0.0191962436127606,ONFH,
,0.0167610419026047,,,,ZNM0,,,,,,,,,,,,,,139.5,139.1875,139.359375,140.28125,137.96875,,ZNM0,,extreme_return,,,,,,,,ZN.v.0,2020-03-09,,,0.0167610419026047,ONFH,
,0.0154369069536892,,,,ZNZ2,,,,,,,,,,,,,,112.515625,112.40625,112.375,112.03125,110.328125,,ZNZ2,,extreme_return,,,,,,,,ZN.v.0,2022-11-10,,,0.0154369069536892,ONFH,
,0.0148112756808409,,,,ZNU6,,,,,,,,,,,,,,132.390625,132.359375,132.28125,132.75,130.8125,,ZNU6,,extreme_return,,,,,,,,ZN.v.0,2016-06-24,,,0.0148112756808409,ONFH,
,0.013070396698005,,,,ZNM0,,,,,,,,,,,,,,137.890625,138.078125,138.015625,138.0625,136.28125,,ZNM0,,extreme_return,,,,,,,,ZN.v.0,2020-03-16,,,0.013070396698005,ONFH,
,0.0118066996155958,,,,ZNH3,,,,,,,,,,,,,,114.765625,114.71875,114.6875,115.15625,113.8125,,ZNH3,,extreme_return,,,,,,,,ZN.v.0,2022-12-13,,,0.0118066996155958,ONFH,
,0.0112107623318384,,,,ZNM5,,,,,,,,,,,,,,112.640625,112.765625,112.78125,112.75,111.5,,ZNM5,,extreme_return,,,,,,,,ZN.v.0,2025-04-03,,,0.0112107623318384,ONFH,
,0.0108910891089109,,,,ZNU3,,,,,,,,,,,,,,124.671875,124.6875,124.703125,124.875,126.25,,ZNU3,,extreme_return,,,,,,,,ZN.v.0,2013-07-05,,,-0.0108910891089109,ONFH,
,0.0106532099803756,,,,ZNM5,,,,,,,,,,,,,,110.359375,110.234375,110.46875,110.28125,111.46875,,ZNM5,,extreme_return,,,,,,,,ZN.v.0,2025-04-09,,,-0.0106532099803756,ONFH,
,0.0105777979981802,,,,ZNM0,,,,,,,,,,,,,,137.1875,137.375,137.796875,138.828125,137.375,,ZNM0,,extreme_return,,,,,,,,ZN.v.0,2020-03-12,,,0.0105777979981802,ONFH,
,0.010478685401286,,,,ZNZ1,,,,,,,,,,,,,,130.71875,130.609375,130.5,129.84375,131.21875,,ZNZ1,,extreme_return,,,,,,,,ZN.v.0,2011-11-28,,,-0.010478685401286,ONFH,
,0.0104023776863282,,,,ZNM0,,,,,,,,,,,,,,138.1875,138.140625,138.296875,138.109375,136.6875,,ZNM0,,extreme_return,,,,,,,,ZN.v.0,2020-03-23,,,0.0104023776863282,ONFH,
,0.010325770796975,,,,ZNZ3,,,,,,,,,,,,,,108.90625,108.78125,108.78125,108.546875,107.4375,,ZNZ3,,extreme_return,,,,,,,,ZN.v.0,2023-11-14,,,0.010325770796975,ONFH,
,0.010290889132821,,,,ZNM3,,,,,,,,,,,,,,115.109375,115.109375,115.4375,115.046875,113.875,,ZNM3,,extreme_return,,,,,,,,ZN.v.0,2023-03-15,,,0.010290889132821,ONFH,
,0.0098051083403947,,,,ZNZ1,,,,,,,,,,,,,,130.28125,129.984375,130.09375,130.34375,129.078125,,ZNZ1,,extreme_return,,,,,,,,ZN.v.0,2011-11-01,,,0.0098051083403947,ONFH,
,0.0095206093189964,,,,ZNM0,,,,,,,,,,,,,,137.578125,137.84375,138.015625,138.171875,139.5,,ZNM0,,extreme_return,,,,,,,,ZN.v.0,2020-03-10,,,-0.0095206093189964,ONFH,
,0.0094632768361582,,,,ZNZ2,,,,,,,,,,,,,,110.015625,110.015625,109.984375,109.578125,110.625,,ZNZ2,,extreme_return,,,,,,,,ZN.v.0,2022-11-03,,,-0.0094632768361582,ONFH,
,0.0093827160493826,,,,ZNZ0,,,,,,,,,,,,,,127.75,127.828125,127.859375,127.75,126.5625,,ZNZ0,,extreme_return,,,,,,,,ZN.v.0,2010-11-04,,,0.0093827160493826,ONFH,
,0.0092874965345162,,,,ZNU4,,,,,,,,,,,,,,114.125,114.03125,113.90625,113.765625,112.71875,,ZNU4,,extreme_return,,,,,,,,ZN.v.0,2024-08-02,,,0.0092874965345162,ONFH,
,0.0091667806813517,,,,ZNM3,,,,,,,,,,,,,,115.796875,115.75,115.640625,115.25,114.203125,,ZNM3,,extreme_return,,,,,,,,ZN.v.0,2023-03-17,,,0.0091667806813517,ONFH,
,0.0188358589434924,,,,ZNZ2,,,,,,,,,,,,,,112.515625,112.40625,112.375,112.03125,110.328125,,ZNZ2,,extreme_return,,,,,,,,ZN.v.0,2022-11-10,,,0.0188358589434924,ROD,
,0.0152198421645997,,,,ZNZ2,,,,,,,,,,,,,,112.828125,112.5625,112.578125,111.65625,110.875,,ZNZ2,,extreme_return,,,,,,,,ZN.v.0,2022-09-28,,,0.0152198421645997,ROD,
,0.0144358794674142,,,,ZNM3,,,,,,,,,,,,,,113.140625,113.09375,113.046875,112.359375,111.484375,,ZNM3,,extreme_return,,,,,,,,ZN.v.0,2023-03-10,,,0.0144358794674142,ROD,
,0.0139381652306133,,,,ZNH1,,,,,,,,,,,,,,121.390625,121.59375,121.703125,122.640625,123.3125,,ZNH1,,extreme_return,,,,,,,,ZN.v.0,2010-12-07,,,-0.0139381652306133,ROD,
,0.0135449445888631,,,,ZNM3,,,,,,,,,,,,,,115.796875,115.75,115.640625,115.25,114.203125,,ZNM3,,extreme_return,,,,,,,,ZN.v.0,2023-03-17,,,0.0135449445888631,ROD,
,0.0131850493006191,,,,ZNM0,,,,,,,,,,,,,,137.890625,138.078125,138.015625,138.0625,136.28125,,ZNM0,,extreme_return,,,,,,,,ZN.v.0,2020-03-16,,,0.0131850493006191,ROD,
,0.0128259940145361,,,,ZNM4,,,,,,,,,,,,,,108.21875,108.234375,108.421875,108.71875,109.640625,,ZNM4,,extreme_return,,,,,,,,ZN.v.0,2024-04-10,,,-0.0128259940145361,ROD,
,0.0125072716695753,,,,ZNZ3,,,,,,,,,,,,,,108.90625,108.78125,108.78125,108.546875,107.4375,,ZNZ3,,extreme_return,,,,,,,,ZN.v.0,2023-11-14,,,0.0125072716695753,ROD,
,0.0124231242312422,,,,ZNU1,,,,,,,,,,,,,,128.59375,128.609375,128.515625,127.640625,127.03125,,ZNU1,,extreme_return,,,,,,,,ZN.v.0,2011-08-08,,,0.0124231242312422,ROD,
,0.0123762376237623,,,,ZNU3,,,,,,,,,,,,,,124.671875,124.6875,124.703125,124.875,126.25,,ZNU3,,extreme_return,,,,,,,,ZN.v.0,2013-07-05,,,-0.0123762376237623,ROD,
,0.0123473917869034,,,,ZNZ2,,,,,,,,,,,,,,111.328125,111.234375,111.25,112.203125,112.625,,ZNZ2,,extreme_return,,,,,,,,ZN.v.0,2022-09-26,,,-0.0123473917869034,ROD,
,0.012311901504788,,,,ZNZ2,,,,,,,,,,,,,,112.75,112.8125,112.9375,113.71875,114.21875,,ZNZ2,,extreme_return,,,,,,,,ZN.v.0,2022-09-22,,,-0.012311901504788,ROD,
,0.0122911200110482,,,,ZNM3,,,,,,,,,,,,,,114.640625,114.53125,114.59375,115.3125,113.140625,,ZNM3,,extreme_return,,,,,,,,ZN.v.0,2023-03-13,,,0.0122911200110482,ROD,
,0.0120401337792641,,,,ZNU2,,,,,,,,,,,,,,115.234375,115.390625,115.453125,115.9375,116.796875,,ZNU2,,extreme_return,,,,,,,,ZN.v.0,2022-06-13,,,-0.0120401337792641,ROD,
,0.0118727598566308,,,,ZNM0,,,,,,,,,,,,,,137.578125,137.84375,138.015625,138.171875,139.5,,ZNM0,,extreme_return,,,,,,,,ZN.v.0,2020-03-10,,,-0.0118727598566308,ROD,
,0.0118251313903487,,,,ZNU6,,,,,,,,,,,,,,132.390625,132.359375,132.28125,132.75,130.8125,,ZNU6,,extreme_return,,,,,,,,ZN.v.0,2016-06-24,,,0.0118251313903487,ROD,
,0.0117932708983696,,,,ZNM0,,,,,,,,,,,,,,136.6875,136.734375,136.71875,136.109375,135.140625,,ZNM0,,extreme_return,,,,,,,,ZN.v.0,2020-03-20,,,0.0117932708983696,ROD,
,0.0116440255059606,,,,ZNU4,,,,,,,,,,,,,,114.125,114.03125,113.90625,113.765625,112.71875,,ZNU4,,extreme_return,,,,,,,,ZN.v.0,2024-08-02,,,0.0116440255059606,ROD,
,0.0113508968609865,,,,ZNM5,,,,,,,,,,,,,,112.640625,112.765625,112.78125,112.75,111.5,,ZNM5,,extreme_return,,,,,,,,ZN.v.0,2025-04-03,,,0.0113508968609865,ROD,
,0.0111283643892339,,,,ZNU2,,,,,,,,,,,,,,119.375,119.40625,119.5,119.734375,120.75,,ZNU2,,extreme_return,,,,,,,,ZN.v.0,2022-08-05,,,-0.0111283643892339,ROD,
,0.0077622801697998,,,,ZNU1,,,,,,,,,,,,,,129.828125,128.828125,128.484375,128.171875,128.59375,,ZNU1,,extreme_return,,,,,,,,ZN.v.0,2011-08-09,,,0.0077622801697998,LH,
,0.0061257827389056,,,,ZNH3,,,,,,,,,,,,,,115.484375,114.78125,114.859375,114.90625,114.546875,,ZNH3,,extreme_return,,,,,,,,ZN.v.0,2023-02-01,,,0.0061257827389056,LH,
,0.0055137844611528,,,,ZNZ0,,,,,,,,,,,,,,125.375,124.6875,124.71875,124.671875,124.390625,,ZNZ0,,extreme_return,,,,,,,,ZN.v.0,2010-09-21,,,0.0055137844611528,LH,
,0.0047782406272972,,,,ZNH5,,,,,,,,,,,,,,126.921875,127.53125,127.3125,127.5625,127.640625,,ZNH5,,extreme_return,,,,,,,,ZN.v.0,2014-12-17,,,-0.0047782406272972,LH,
,0.0047430830039525,,,,ZNM2,,,,,,,,,,,,,,119.15625,118.59375,118.46875,118.359375,118.515625,,ZNM2,,extreme_return,,,,,,,,ZN.v.0,2022-05-04,,,0.0047430830039525,LH,
,0.0044637747510587,,,,ZNM0,,,,,,,,,,,,,,135.90625,136.515625,136.703125,137.1875,137.890625,,ZNM0,,extreme_return,,,,,,,,ZN.v.0,2020-03-17,,,-0.0044637747510587,LH,
,0.0043790293151684,,,,ZNU3,,,,,,,,,,,,,,127.890625,128.453125,129.0,129.3125,129.21875,,ZNU3,,extreme_return,,,,,,,,ZN.v.0,2013-06-19,,,-0.0043790293151684,LH,
,0.0042194092827003,,,,ZNZ2,,,,,,,,,,,,,,110.625,111.09375,110.71875,110.6875,110.59375,,ZNZ2,,extreme_return,,,,,,,,ZN.v.0,2022-11-02,,,-0.0042194092827003,LH,
,0.0041768186564566,,,,ZNM0,,,,,,,,,,,,,,134.109375,134.671875,134.859375,135.046875,135.90625,,ZNM0,,extreme_return,,,,,,,,ZN.v.0,2020-03-18,,,-0.0041768186564566,LH,
,0.0041208791208791,,,,ZNZ2,,,,,,,,,,,,,,114.21875,113.75,113.8125,114.03125,113.828125,,ZNZ2,,extreme_return,,,,,,,,ZN.v.0,2022-09-21,,,0.0041208791208791,LH,
,0.0040443574690149,,,,ZNH1,,,,,,,,,,,,,,119.28125,119.765625,119.6875,120.40625,120.65625,,ZNH1,,extreme_return,,,,,,,,ZN.v.0,2010-12-14,,,-0.0040443574690149,LH,
,0.0040302267002518,,,,ZNM9,,,,,,,,,,,,,,123.5625,124.0625,123.8125,123.65625,123.671875,,ZNM9,,extreme_return,,,,,,,,ZN.v.0,2019-05-01,,,-0.0040302267002518,LH,
,0.003787444049122,,,,ZNM0,,,,,,,,,,,,,,135.625,136.140625,136.25,134.8125,135.109375,,ZNM0,,extreme_return,,,,,,,,ZN.v.0,2020-03-03,,,-0.003787444049122,LH,
,0.0037767519932858,,,,ZNU3,,,,,,,,,,,,,,112.125,111.703125,111.78125,111.9375,111.609375,,ZNU3,,extreme_return,,,,,,,,ZN.v.0,2023-07-26,,,0.0037767519932858,LH,
,0.00375,,,,ZNZ2,,,,,,,,,,,,,,112.078125,112.5,112.421875,112.75,112.46875,,ZNZ2,,extreme_return,,,,,,,,ZN.v.0,2022-09-30,,,-0.00375,LH,
,0.0037462537462538,,,,ZNZ3,,,,,,,,,,,,,,125.59375,125.125,124.03125,124.015625,124.125,,ZNZ3,,extreme_return,,,,,,,,ZN.v.0,2013-09-18,,,0.0037462537462538,LH,
,0.0037154258978946,,,,ZNZ5,,,,,,,,,,,,,,113.125,113.546875,113.3125,113.515625,113.5625,,ZNZ5,,extreme_return,,,,,,,,ZN.v.0,2025-09-17,,,-0.0037154258978946,LH,
,0.0035698986148793,,,,ZNH5,,,,,,,,,,,,,,109.03125,109.421875,109.921875,109.71875,109.90625,,ZNH5,,extreme_return,,,,,,,,ZN.v.0,2024-12-18,,,-0.0035698986148793,LH,
,0.0032666394446712,,,,ZNU2,,,,,,,,,,,,,,115.171875,114.796875,115.15625,115.40625,114.390625,,ZNU2,,extreme_return,,,,,,,,ZN.v.0,2022-06-15,,,0.0032666394446712,LH,
,0.0031999999999999,,,,ZNM0,,,,,,,,,,,,,,136.28125,136.71875,136.75,136.609375,137.1875,,ZNM0,,extreme_return,,,,,,,,ZN.v.0,2020-03-13,,,-0.0031999999999999,LH,
,0.0262418816921187,,,,6EU6,,,,,,,,,,,,,,1.11965,1.12035,1.11995,1.1095,1.1394,,6EU6,,extreme_return,,,,,,,,6E.v.0,2016-06-24,,,-0.0262418816921187,ONFH,
,0.0224482382855067,,,,6EZ1,,,,,,,,,,,,,,1.3447,1.3475,1.3496,1.3456,1.3765,,6EZ1,,extreme_return,,,,,,,,6E.v.0,2011-09-22,,,-0.0224482382855067,ONFH,
,0.022330806466344,,,,6EZ4,,,,,,,,,,,,,,1.077,1.07705,1.0744,1.07045,1.0949,,6EZ4,,extreme_return,,,,,,,,6E.v.0,2024-11-06,,,-0.022330806466344,ONFH,
,0.0219306294732977,,,,6EM5,,,,,,,,,,,,,,1.1069,1.10725,1.10835,1.1137,1.0898,,6EM5,,extreme_return,,,,,,,,6E.v.0,2025-04-03,,,0.0219306294732977,ONFH,
,0.0211737089201876,,,,6EZ6,,,,,,,,,,,,,,1.0423,1.0413,1.04145,1.04245,1.065,,6EZ6,,extreme_return,,,,,,,,6E.v.0,2016-12-15,,,-0.0211737089201876,ONFH,
,0.0200962100436092,,,,6EM6,,,,,,,,,,,,,,1.13465,1.1347,1.1354,1.1345,1.11215,,6EM6,,extreme_return,,,,,,,,6E.v.0,2016-03-17,,,0.0200962100436092,ONFH,
,0.019040365575019,,,,6EZ0,,,,,,,,,,,,,,1.3375,1.3362,1.3361,1.338,1.313,,6EZ0,,extreme_return,,,,,,,,6E.v.0,2010-09-22,,,0.019040365575019,ONFH,
,0.0179340028694403,,,,6EZ1,,,,,,,,,,,,,,1.3733,1.3723,1.3677,1.369,1.394,,6EZ1,,extreme_return,,,,,,,,6E.v.0,2011-11-01,,,-0.0179340028694403,ONFH,
,0.0176610139706526,,,,6EH5,,,,,,,,,,,,,,1.1224,1.1233,1.126,1.118,1.1381,,6EH5,,extreme_return,,,,,,,,6E.v.0,2015-01-23,,,-0.0176610139706526,ONFH,
,0.0169845594913713,,,,6EU5,,,,,,,,,,,,,,1.1147,1.1141,1.1138,1.1197,1.101,,6EU5,,extreme_return,,,,,,,,6E.v.0,2015-07-10,,,0.0169845594913713,ONFH,
,0.0168576320295008,,,,6EM5,,,,,,,,,,,,,,1.1553,1.15365,1.1549,1.15815,1.13895,,6EM5,,extreme_return,,,,,,,,6E.v.0,2025-04-21,,,0.0168576320295008,ONFH,
,0.0166485140812198,,,,6EU3,,,,,,,,,,,,,,1.3053,1.3045,1.3025,1.3068,1.2854,,6EU3,,extreme_return,,,,,,,,6E.v.0,2013-07-11,,,0.0166485140812198,ONFH,
,0.0155405707140624,,,,6EU6,,,,,,,,,,,,,,1.10395,1.1059,1.1072,1.10225,1.11965,,6EU6,,extreme_return,,,,,,,,6E.v.0,2016-06-27,,,-0.0155405707140624,ONFH,
,0.0151071445172686,,,,6EH3,,,,,,,,,,,,,,1.06065,1.06065,1.0597,1.0594,1.07565,,6EH3,,extreme_return,,,,,,,,6E.v.0,2023-01-03,,,-0.0151071445172686,ONFH,
,0.0150555265707684,,,,6EU3,,,,,,,,,,,,,,1.3231,1.3231,1.3245,1.3215,1.3417,,6EU3,,extreme_return,,,,,,,,6E.v.0,2013-06-20,,,-0.0150555265707684,ONFH,
,0.0147462772878415,,,,6EZ1,,,,,,,,,,,,,,1.3562,1.3583,1.3604,1.363,1.3834,,6EZ1,,extreme_return,,,,,,,,6E.v.0,2011-11-09,,,-0.0147462772878415,ONFH,
,0.014709517923362,,,,6EU1,,,,,,,,,,,,,,1.19365,1.19295,1.19155,1.19565,1.2135,,6EU1,,extreme_return,,,,,,,,6E.v.0,2021-06-17,,,-0.014709517923362,ONFH,
,0.014535101520941,,,,6EZ0,,,,,,,,,,,,,,1.3096,1.3103,1.3104,1.3153,1.3347,,6EZ0,,extreme_return,,,,,,,,6E.v.0,2010-11-29,,,-0.014535101520941,ONFH,
,0.0143714386566488,,,,6EZ2,,,,,,,,,,,,,,0.97785,0.97785,0.97795,0.9773,0.99155,,6EZ2,,extreme_return,,,,,,,,6E.v.0,2022-11-03,,,-0.0143714386566488,ONFH,
,0.0140127388535031,,,,6EM2,,,,,,,,,,,,,,1.3144,1.3134,1.314,1.3158,1.3345,,6EM2,,extreme_return,,,,,,,,6E.v.0,2012-04-04,,,-0.0140127388535031,ONFH,
,0.0296721929163525,,,,6EZ5,,,,,,,,,,,,,,1.0932,1.0931,1.0903,1.0642,1.0616,,6EZ5,,extreme_return,,,,,,,,6E.v.0,2015-12-03,,,0.0296721929163525,ROD,
,0.022976931526913,,,,6EM5,,,,,,,,,,,,,,1.1181,1.1175,1.1177,1.1039,1.0924,,6EM5,,extreme_return,,,,,,,,6E.v.0,2015-06-02,,,0.022976931526913,ROD,
,0.0222535211267606,,,,6EZ6,,,,,,,,,,,,,,1.0423,1.0413,1.04145,1.04245,1.065,,6EZ6,,extreme_return,,,,,,,,6E.v.0,2016-12-15,,,-0.0222535211267606,ROD,
,0.0221085985885063,,,,6EZ1,,,,,,,,,,,,,,1.4226,1.4193,1.4178,1.4015,1.3886,,6EZ1,,extreme_return,,,,,,,,6E.v.0,2011-10-27,,,0.0221085985885063,ROD,
,0.0212266366112519,,,,6EM5,,,,,,,,,,,,,,1.0859,1.0873,1.0853,1.0729,1.0647,,6EM5,,extreme_return,,,,,,,,6E.v.0,2015-03-20,,,0.0212266366112519,ROD,
,0.0210904195647296,,,,6EZ1,,,,,,,,,,,,,,1.3096,1.3089,1.3083,1.3205,1.3371,,6EZ1,,extreme_return,,,,,,,,6E.v.0,2011-12-13,,,-0.0210904195647296,ROD,
,0.0210679258990194,,,,6EZ1,,,,,,,,,,,,,,1.3447,1.3475,1.3496,1.3456,1.3765,,6EZ1,,extreme_return,,,,,,,,6E.v.0,2011-09-22,,,-0.0210679258990194,ROD,
,0.0209155758709052,,,,6EU1,,,,,,,,,,,,,,1.4132,1.4137,1.4168,1.4269,1.4439,,6EU1,,extreme_return,,,,,,,,6E.v.0,2011-06-15,,,-0.0209155758709052,ROD,
,0.0202760419008227,,,,6EM6,,,,,,,,,,,,,,1.13465,1.1347,1.1354,1.1345,1.11215,,6EM6,,extreme_return,,,,,,,,6E.v.0,2016-03-17,,,0.0202760419008227,ROD,
,0.0193050193050192,,,,6EU2,,,,,,,,,,,,,,1.2666,1.2672,1.2661,1.2583,1.2432,,6EU2,,extreme_return,,,,,,,,6E.v.0,2012-06-29,,,0.0193050193050192,ROD,
,0.0191983832940383,,,,6EM1,,,,,,,,,,,,,,1.4548,1.456,1.4562,1.4819,1.4845,,6EM1,,extreme_return,,,,,,,,6E.v.0,2011-05-05,,,-0.0191983832940383,ROD,
,0.0189975946198026,,,,6EZ2,,,,,,,,,,,,,,1.03845,1.0379,1.0369,1.03215,1.01855,,6EZ2,,extreme_return,,,,,,,,6E.v.0,2022-11-11,,,0.0189975946198026,ROD,
,0.0189523951649006,,,,6EZ1,,,,,,,,,,,,,,1.365,1.3656,1.3653,1.3568,1.3402,,6EZ1,,extreme_return,,,,,,,,6E.v.0,2011-10-10,,,0.0189523951649006,ROD,
,0.0183975161036191,,,,6EZ3,,,,,,,,,,,,,,1.09835,1.0988,1.1006,1.09305,1.07895,,6EZ3,,extreme_return,,,,,,,,6E.v.0,2023-12-14,,,0.0183975161036191,ROD,
,0.0182812617067505,,,,6EZ0,,,,,,,,,,,,,,1.3096,1.3103,1.3104,1.3153,1.3347,,6EZ0,,extreme_return,,,,,,,,6E.v.0,2010-11-29,,,-0.0182812617067505,ROD,
,0.0182410997532603,,,,6EZ5,,,,,,,,,,,,,,1.1129,1.1141,1.1145,1.1332,1.1348,,6EZ5,,extreme_return,,,,,,,,6E.v.0,2015-10-22,,,-0.0182410997532603,ROD,
,0.0181437039178834,,,,6EZ1,,,,,,,,,,,,,,1.3562,1.3583,1.3604,1.363,1.3834,,6EZ1,,extreme_return,,,,,,,,6E.v.0,2011-11-09,,,-0.0181437039178834,ROD,
,0.0180993422544795,,,,6EM5,,,,,,,,,,,,,,1.1253,1.1222,1.12405,1.1114,1.10225,,6EM5,,extreme_return,,,,,,,,6E.v.0,2025-04-10,,,0.0180993422544795,ROD,
,0.017789291882556,,,,6EH5,,,,,,,,,,,,,,1.1381,1.1374,1.1388,1.1634,1.158,,6EH5,,extreme_return,,,,,,,,6E.v.0,2015-01-22,,,-0.017789291882556,ROD,
,0.017749676239811,,,,6EH1,,,,,,,,,,,,,,1.336,1.336,1.335,1.3172,1.3127,,6EH1,,extreme_return,,,,,,,,6E.v.0,2011-01-13,,,0.017749676239811,ROD,
,0.013492003335102,,,,6EZ1,,,,,,,,,,,,,,1.3371,1.3193,1.3204,1.3276,1.3373,,6EZ1,,extreme_return,,,,,,,,6E.v.0,2011-12-12,,,0.013492003335102,LH,
,0.0121304018195602,,,,6EM1,,,,,,,,,,,,,,1.4333,1.4509,1.4374,1.4468,1.4511,,6EM1,,extreme_return,,,,,,,,6E.v.0,2011-06-10,,,-0.0121304018195602,LH,
,0.0105131414267836,,,,6EM0,,,,,,,,,,,,,,1.2111,1.1985,1.2084,1.2044,1.2015,,6EM0,,extreme_return,,,,,,,,6E.v.0,2010-06-10,,,0.0105131414267836,LH,
,0.0100952920086802,,,,6EH5,,,,,,,,,,,,,,1.0492,1.0599,1.0512,1.0584,1.0535,,6EH5,,extreme_return,,,,,,,,6E.v.0,2015-03-13,,,-0.0100952920086802,LH,
,0.0072701480627714,,,,6EU5,,,,,,,,,,,,,,1.1197,1.1279,1.1264,1.1195,1.1168,,6EU5,,extreme_return,,,,,,,,6E.v.0,2015-09-10,,,-0.0072701480627714,LH,
,0.0071573738623309,,,,6EM5,,,,,,,,,,,,,,1.1236,1.1317,1.1242,1.1317,1.1314,,6EM5,,extreme_return,,,,,,,,6E.v.0,2015-06-11,,,-0.0071573738623309,LH,
,0.0063761955366631,,,,6EH3,,,,,,,,,,,,,,1.309,1.3174,1.3194,1.3301,1.3185,,6EH3,,extreme_return,,,,,,,,6E.v.0,2013-02-25,,,-0.0063761955366631,LH,
,0.0063329772623226,,,,6EH2,,,,,,,,,,,,,,1.3023,1.3106,1.3091,1.3058,1.3018,,6EH2,,extreme_return,,,,,,,,6E.v.0,2012-03-15,,,-0.0063329772623226,LH,
,0.0056158017041054,,,,6EZ2,,,,,,,,,,,,,,1.0386,1.0328,1.0329,1.0378,1.0353,,6EZ2,,extreme_return,,,,,,,,6E.v.0,2022-11-30,,,0.0056158017041054,LH,
,0.0052636274422339,,,,6EU5,,,,,,,,,,,,,,1.1268,1.1209,1.1186,1.1261,1.1257,,6EU5,,extreme_return,,,,,,,,6E.v.0,2015-08-28,,,0.0052636274422339,LH,
,0.0051441820026081,,,,6EM4,,,,,,,,,,,,,,1.3873,1.3802,1.3784,1.3768,1.3793,,6EM4,,extreme_return,,,,,,,,6E.v.0,2014-03-24,,,0.0051441820026081,LH,
,0.0050032278889605,,,,6EU2,,,,,,,,,,,,,,1.233,1.2392,1.2363,1.2307,1.2286,,6EU2,,extreme_return,,,,,,,,6E.v.0,2012-07-27,,,-0.0050032278889605,LH,
,0.0048780487804878,,,,6EU5,,,,,,,,,,,,,,1.1124,1.107,1.1062,1.1045,1.103,,6EU5,,extreme_return,,,,,,,,6E.v.0,2015-08-19,,,0.0048780487804878,LH,
,0.0047140442942275,,,,6EU5,,,,,,,,,,,,,,1.1296,1.1243,1.1237,1.1264,1.1303,,6EU5,,extreme_return,,,,,,,,6E.v.0,2015-09-02,,,0.0047140442942275,LH,
,0.0046926686668204,,,,6EH3,,,,,,,,,,,,,,1.306,1.2999,1.306,1.3068,1.3008,,6EH3,,extreme_return,,,,,,,,6E.v.0,2013-03-15,,,0.0046926686668204,LH,
,0.0045791539467947,,,,6EH4,,,,,,,,,,,,,,1.3821,1.3758,1.3755,1.3746,1.3765,,6EH4,,extreme_return,,,,,,,,6E.v.0,2013-12-18,,,0.0045791539467947,LH,
,0.0042099605876031,,,,6EU5,,,,,,,,,,,,,,1.1117,1.1164,1.1145,1.1139,1.1134,,6EU5,,extreme_return,,,,,,,,6E.v.0,2015-09-04,,,-0.0042099605876031,LH,
,0.0040876997398735,,,,6EZ1,,,,,,,,,,,,,,1.34,1.3455,1.3452,1.3447,1.3397,,6EZ1,,extreme_return,,,,,,,,6E.v.0,2011-12-05,,,-0.0040876997398735,LH,
,0.0039712273340327,,,,6EH3,,,,,,,,,,,,,,1.3293,1.3346,1.3342,1.3321,1.3372,,6EH3,,extreme_return,,,,,,,,6E.v.0,2013-01-15,,,-0.0039712273340327,LH,
,0.0039021852237252,,,,6EH5,,,,,,,,,,,,,,1.1487,1.1532,1.1476,1.1353,1.1345,,6EH5,,extreme_return,,,,,,,,6E.v.0,2015-02-03,,,-0.0039021852237252,LH,
,,,,,,,,,,,15:59,,,,,,,2019-03-08,,,,,,,,,dst_check,,,,2019-03-08T15:59:00-05:00,2019-03-08T20:59:00+00:00,,,ES.v.0,2019-03-08,,2019-03-08,,,
,,,,,,,,,,,15:59,,,,,,,2019-03-11,,,,,,,,,dst_check,,,,2019-03-11T15:59:00-04:00,2019-03-11T19:59:00+00:00,,,ES.v.0,2019-03-11,,2019-03-11,,,
,,,,,,,,,,,15:59,,,,,,,2019-11-01,,,,,,,,,dst_check,,,,2019-11-01T15:59:00-04:00,2019-11-01T19:59:00+00:00,,,ES.v.0,2019-11-01,,2019-11-01,,,
,,,,,,,,,,,15:59,,,,,,,2019-11-04,,,,,,,,,dst_check,,,,2019-11-04T15:59:00-05:00,2019-11-04T20:59:00+00:00,,,ES.v.0,2019-11-04,,2019-11-04,,,
,,,,,,,,,,,15:59,,,,,,,2019-03-08,,,,,,,,,dst_check,,,,2019-03-08T15:59:00-05:00,2019-03-08T20:59:00+00:00,,,NQ.v.0,2019-03-08,,2019-03-08,,,
,,,,,,,,,,,15:59,,,,,,,2019-03-11,,,,,,,,,dst_check,,,,2019-03-11T15:59:00-04:00,2019-03-11T19:59:00+00:00,,,NQ.v.0,2019-03-11,,2019-03-11,,,
,,,,,,,,,,,15:59,,,,,,,2019-11-01,,,,,,,,,dst_check,,,,2019-11-01T15:59:00-04:00,2019-11-01T19:59:00+00:00,,,NQ.v.0,2019-11-01,,2019-11-01,,,
,,,,,,,,,,,15:59,,,,,,,2019-11-04,,,,,,,,,dst_check,,,,2019-11-04T15:59:00-05:00,2019-11-04T20:59:00+00:00,,,NQ.v.0,2019-11-04,,2019-11-04,,,
,,,,,,,,,,,13:29,,,,,,,2019-03-08,,,,,,,,,dst_check,,,,2019-03-08T13:29:00-05:00,2019-03-08T18:29:00+00:00,,,GC.v.0,2019-03-08,,2019-03-08,,,
,,,,,,,,,,,13:29,,,,,,,2019-03-11,,,,,,,,,dst_check,,,,2019-03-11T13:29:00-04:00,2019-03-11T17:29:00+00:00,,,GC.v.0,2019-03-11,,2019-03-11,,,
,,,,,,,,,,,13:29,,,,,,,2019-11-01,,,,,,,,,dst_check,,,,2019-11-01T13:29:00-04:00,2019-11-01T17:29:00+00:00,,,GC.v.0,2019-11-01,,2019-11-01,,,
,,,,,,,,,,,13:29,,,,,,,2019-11-04,,,,,,,,,dst_check,,,,2019-11-04T13:29:00-05:00,2019-11-04T18:29:00+00:00,,,GC.v.0,2019-11-04,,2019-11-04,,,
,,,,,,,,,,,14:29,,,,,,,2019-03-08,,,,,,,,,dst_check,,,,2019-03-08T14:29:00-05:00,2019-03-08T19:29:00+00:00,,,CL.v.0,2019-03-08,,2019-03-08,,,
,,,,,,,,,,,14:29,,,,,,,2019-03-11,,,,,,,,,dst_check,,,,2019-03-11T14:29:00-04:00,2019-03-11T18:29:00+00:00,,,CL.v.0,2019-03-11,,2019-03-11,,,
,,,,,,,,,,,14:29,,,,,,,2019-11-01,,,,,,,,,dst_check,,,,2019-11-01T14:29:00-04:00,2019-11-01T18:29:00+00:00,,,CL.v.0,2019-11-01,,2019-11-01,,,
,,,,,,,,,,,14:29,,,,,,,2019-11-04,,,,,,,,,dst_check,,,,2019-11-04T14:29:00-05:00,2019-11-04T19:29:00+00:00,,,CL.v.0,2019-11-04,,2019-11-04,,,
,,,,,,,,,,,14:59,,,,,,,2019-03-08,,,,,,,,,dst_check,,,,2019-03-08T14:59:00-05:00,2019-03-08T19:59:00+00:00,,,ZN.v.0,2019-03-08,,2019-03-08,,,
,,,,,,,,,,,14:59,,,,,,,2019-03-11,,,,,,,,,dst_check,,,,2019-03-11T14:59:00-04:00,2019-03-11T18:59:00+00:00,,,ZN.v.0,2019-03-11,,2019-03-11,,,
,,,,,,,,,,,14:59,,,,,,,2019-11-01,,,,,,,,,dst_check,,,,2019-11-01T14:59:00-04:00,2019-11-01T18:59:00+00:00,,,ZN.v.0,2019-11-01,,2019-11-01,,,
,,,,,,,,,,,14:59,,,,,,,2019-11-04,,,,,,,,,dst_check,,,,2019-11-04T14:59:00-05:00,2019-11-04T19:59:00+00:00,,,ZN.v.0,2019-11-04,,2019-11-04,,,
,,,,,,,,,,,13:59,,,,,,,2019-03-08,,,,,,,,,dst_check,,,,2019-03-08T13:59:00-05:00,2019-03-08T18:59:00+00:00,,,6E.v.0,2019-03-08,,2019-03-08,,,
,,,,,,,,,,,13:59,,,,,,,2019-03-11,,,,,,,,,dst_check,,,,2019-03-11T13:59:00-04:00,2019-03-11T17:59:00+00:00,,,6E.v.0,2019-03-11,,2019-03-11,,,
,,,,,,,,,,,13:59,,,,,,,2019-11-01,,,,,,,,,dst_check,,,,2019-11-01T13:59:00-04:00,2019-11-01T17:59:00+00:00,,,6E.v.0,2019-11-01,,2019-11-01,,,
,,,,,,,,,,,13:59,,,,,,,2019-11-04,,,,,,,,,dst_check,,,,2019-11-04T13:59:00-05:00,2019-11-04T18:59:00+00:00,,,6E.v.0,2019-11-04,,2019-11-04,,,
2443.0,,,,,,,,,2020-05-29,Eq5,,,,,,,floor(4 * (T / 100) ** (2 / 9)),,,,,,,,,,regression_sample,,replication,,,,2010-06-08,,ES.v.0,,,,,,
2443.0,,,,,,,,,2020-05-29,Eq6,,,,,,,floor(4 * (T / 100) ** (2 / 9)),,,,,,,,,,regression_sample,,replication,,,,2010-06-08,,ES.v.0,,,,,,
2443.0,,,,,,,,,2020-05-29,Eq7,,,,,,,floor(4 * (T / 100) ** (2 / 9)),,,,,,,,,,regression_sample,,replication,,,,2010-06-08,,ES.v.0,,,,,,
2443.0,,,,,,,,,2020-05-29,common_eq5_eq6_eq7,,,,,,,floor(4 * (T / 100) ** (2 / 9)),,,,,,,,,,regression_sample,,replication,,,,2010-06-08,,ES.v.0,,,,,,
1224.0,,,,,,,,,2025-12-31,Eq5,,,,,,,floor(4 * (T / 100) ** (2 / 9)),,,,,,,,,,regression_sample,,oos,,,,2021-01-05,,ES.v.0,,,,,,
1224.0,,,,,,,,,2025-12-31,Eq6,,,,,,,floor(4 * (T / 100) ** (2 / 9)),,,,,,,,,,regression_sample,,oos,,,,2021-01-05,,ES.v.0,,,,,,
1224.0,,,,,,,,,2025-12-31,Eq7,,,,,,,floor(4 * (T / 100) ** (2 / 9)),,,,,,,,,,regression_sample,,oos,,,,2021-01-05,,ES.v.0,,,,,,
1224.0,,,,,,,,,2025-12-31,common_eq5_eq6_eq7,,,,,,,floor(4 * (T / 100) ** (2 / 9)),,,,,,,,,,regression_sample,,oos,,,,2021-01-05,,ES.v.0,,,,,,
2443.0,,,,,,,,,2020-05-29,Eq5,,,,,,,floor(4 * (T / 100) ** (2 / 9)),,,,,,,,,,regression_sample,,replication,,,,2010-06-08,,NQ.v.0,,,,,,
2443.0,,,,,,,,,2020-05-29,Eq6,,,,,,,floor(4 * (T / 100) ** (2 / 9)),,,,,,,,,,regression_sample,,replication,,,,2010-06-08,,NQ.v.0,,,,,,
2443.0,,,,,,,,,2020-05-29,Eq7,,,,,,,floor(4 * (T / 100) ** (2 / 9)),,,,,,,,,,regression_sample,,replication,,,,2010-06-08,,NQ.v.0,,,,,,
2443.0,,,,,,,,,2020-05-29,common_eq5_eq6_eq7,,,,,,,floor(4 * (T / 100) ** (2 / 9)),,,,,,,,,,regression_sample,,replication,,,,2010-06-08,,NQ.v.0,,,,,,
1224.0,,,,,,,,,2025-12-31,Eq5,,,,,,,floor(4 * (T / 100) ** (2 / 9)),,,,,,,,,,regression_sample,,oos,,,,2021-01-05,,NQ.v.0,,,,,,
1224.0,,,,,,,,,2025-12-31,Eq6,,,,,,,floor(4 * (T / 100) ** (2 / 9)),,,,,,,,,,regression_sample,,oos,,,,2021-01-05,,NQ.v.0,,,,,,
1224.0,,,,,,,,,2025-12-31,Eq7,,,,,,,floor(4 * (T / 100) ** (2 / 9)),,,,,,,,,,regression_sample,,oos,,,,2021-01-05,,NQ.v.0,,,,,,
1224.0,,,,,,,,,2025-12-31,common_eq5_eq6_eq7,,,,,,,floor(4 * (T / 100) ** (2 / 9)),,,,,,,,,,regression_sample,,oos,,,,2021-01-05,,NQ.v.0,,,,,,
2414.0,,,,,,,,,2020-05-28,Eq5,,,,,,,floor(4 * (T / 100) ** (2 / 9)),,,,,,,,,,regression_sample,,replication,,,,2010-06-08,,GC.v.0,,,,,,
2414.0,,,,,,,,,2020-05-28,Eq6,,,,,,,floor(4 * (T / 100) ** (2 / 9)),,,,,,,,,,regression_sample,,replication,,,,2010-06-08,,GC.v.0,,,,,,
2414.0,,,,,,,,,2020-05-28,Eq7,,,,,,,floor(4 * (T / 100) ** (2 / 9)),,,,,,,,,,regression_sample,,replication,,,,2010-06-08,,GC.v.0,,,,,,
2414.0,,,,,,,,,2020-05-28,common_eq5_eq6_eq7,,,,,,,floor(4 * (T / 100) ** (2 / 9)),,,,,,,,,,regression_sample,,replication,,,,2010-06-08,,GC.v.0,,,,,,
1223.0,,,,,,,,,2025-12-31,Eq5,,,,,,,floor(4 * (T / 100) ** (2 / 9)),,,,,,,,,,regression_sample,,oos,,,,2021-01-05,,GC.v.0,,,,,,
1223.0,,,,,,,,,2025-12-31,Eq6,,,,,,,floor(4 * (T / 100) ** (2 / 9)),,,,,,,,,,regression_sample,,oos,,,,2021-01-05,,GC.v.0,,,,,,
1223.0,,,,,,,,,2025-12-31,Eq7,,,,,,,floor(4 * (T / 100) ** (2 / 9)),,,,,,,,,,regression_sample,,oos,,,,2021-01-05,,GC.v.0,,,,,,
1223.0,,,,,,,,,2025-12-31,common_eq5_eq6_eq7,,,,,,,floor(4 * (T / 100) ** (2 / 9)),,,,,,,,,,regression_sample,,oos,,,,2021-01-05,,GC.v.0,,,,,,
2363.0,,,,,,,,,2020-05-29,Eq5,,,,,,,floor(4 * (T / 100) ** (2 / 9)),,,,,,,,,,regression_sample,,replication,,,,2010-06-08,,CL.v.0,,,,,,
2363.0,,,,,,,,,2020-05-29,Eq6,,,,,,,floor(4 * (T / 100) ** (2 / 9)),,,,,,,,,,regression_sample,,replication,,,,2010-06-08,,CL.v.0,,,,,,
2363.0,,,,,,,,,2020-05-29,Eq7,,,,,,,floor(4 * (T / 100) ** (2 / 9)),,,,,,,,,,regression_sample,,replication,,,,2010-06-08,,CL.v.0,,,,,,
2363.0,,,,,,,,,2020-05-29,common_eq5_eq6_eq7,,,,,,,floor(4 * (T / 100) ** (2 / 9)),,,,,,,,,,regression_sample,,replication,,,,2010-06-08,,CL.v.0,,,,,,
1207.0,,,,,,,,,2025-12-31,Eq5,,,,,,,floor(4 * (T / 100) ** (2 / 9)),,,,,,,,,,regression_sample,,oos,,,,2021-01-05,,CL.v.0,,,,,,
1207.0,,,,,,,,,2025-12-31,Eq6,,,,,,,floor(4 * (T / 100) ** (2 / 9)),,,,,,,,,,regression_sample,,oos,,,,2021-01-05,,CL.v.0,,,,,,
1207.0,,,,,,,,,2025-12-31,Eq7,,,,,,,floor(4 * (T / 100) ** (2 / 9)),,,,,,,,,,regression_sample,,oos,,,,2021-01-05,,CL.v.0,,,,,,
1207.0,,,,,,,,,2025-12-31,common_eq5_eq6_eq7,,,,,,,floor(4 * (T / 100) ** (2 / 9)),,,,,,,,,,regression_sample,,oos,,,,2021-01-05,,CL.v.0,,,,,,
2397.0,,,,,,,,,2020-05-28,Eq5,,,,,,,floor(4 * (T / 100) ** (2 / 9)),,,,,,,,,,regression_sample,,replication,,,,2010-06-08,,ZN.v.0,,,,,,
2397.0,,,,,,,,,2020-05-28,Eq6,,,,,,,floor(4 * (T / 100) ** (2 / 9)),,,,,,,,,,regression_sample,,replication,,,,2010-06-08,,ZN.v.0,,,,,,
2397.0,,,,,,,,,2020-05-28,Eq7,,,,,,,floor(4 * (T / 100) ** (2 / 9)),,,,,,,,,,regression_sample,,replication,,,,2010-06-08,,ZN.v.0,,,,,,
2397.0,,,,,,,,,2020-05-28,common_eq5_eq6_eq7,,,,,,,floor(4 * (T / 100) ** (2 / 9)),,,,,,,,,,regression_sample,,replication,,,,2010-06-08,,ZN.v.0,,,,,,
1221.0,,,,,,,,,2025-12-31,Eq5,,,,,,,floor(4 * (T / 100) ** (2 / 9)),,,,,,,,,,regression_sample,,oos,,,,2021-01-05,,ZN.v.0,,,,,,
1221.0,,,,,,,,,2025-12-31,Eq6,,,,,,,floor(4 * (T / 100) ** (2 / 9)),,,,,,,,,,regression_sample,,oos,,,,2021-01-05,,ZN.v.0,,,,,,
1221.0,,,,,,,,,2025-12-31,Eq7,,,,,,,floor(4 * (T / 100) ** (2 / 9)),,,,,,,,,,regression_sample,,oos,,,,2021-01-05,,ZN.v.0,,,,,,
1221.0,,,,,,,,,2025-12-31,common_eq5_eq6_eq7,,,,,,,floor(4 * (T / 100) ** (2 / 9)),,,,,,,,,,regression_sample,,oos,,,,2021-01-05,,ZN.v.0,,,,,,
2417.0,,,,,,,,,2020-05-29,Eq5,,,,,,,floor(4 * (T / 100) ** (2 / 9)),,,,,,,,,,regression_sample,,replication,,,,2010-06-08,,6E.v.0,,,,,,
2417.0,,,,,,,,,2020-05-29,Eq6,,,,,,,floor(4 * (T / 100) ** (2 / 9)),,,,,,,,,,regression_sample,,replication,,,,2010-06-08,,6E.v.0,,,,,,
2417.0,,,,,,,,,2020-05-29,Eq7,,,,,,,floor(4 * (T / 100) ** (2 / 9)),,,,,,,,,,regression_sample,,replication,,,,2010-06-08,,6E.v.0,,,,,,
2417.0,,,,,,,,,2020-05-29,common_eq5_eq6_eq7,,,,,,,floor(4 * (T / 100) ** (2 / 9)),,,,,,,,,,regression_sample,,replication,,,,2010-06-08,,6E.v.0,,,,,,
1227.0,,,,,,,,,2025-12-31,Eq5,,,,,,,floor(4 * (T / 100) ** (2 / 9)),,,,,,,,,,regression_sample,,oos,,,,2021-01-05,,6E.v.0,,,,,,
1227.0,,,,,,,,,2025-12-31,Eq6,,,,,,,floor(4 * (T / 100) ** (2 / 9)),,,,,,,,,,regression_sample,,oos,,,,2021-01-05,,6E.v.0,,,,,,
1227.0,,,,,,,,,2025-12-31,Eq7,,,,,,,floor(4 * (T / 100) ** (2 / 9)),,,,,,,,,,regression_sample,,oos,,,,2021-01-05,,6E.v.0,,,,,,
1227.0,,,,,,,,,2025-12-31,common_eq5_eq6_eq7,,,,,,,floor(4 * (T / 100) ** (2 / 9)),,,,,,,,,,regression_sample,,oos,,,,2021-01-05,,6E.v.0,,,,,,
,,,,training_cutoff < prediction_date,,,,,,,,,,,,,,,,,,,,2021-01-05,,,oos_train_cutoff,,,,,,,PASS,ES.v.0,,2020-05-29,,,,
,,,,training_cutoff < prediction_date,,,,,,,,,,,,,,,,,,,,2021-01-06,,,oos_train_cutoff,,,,,,,PASS,ES.v.0,,2020-05-29,,,,
,,,,training_cutoff < prediction_date,,,,,,,,,,,,,,,,,,,,2021-01-07,,,oos_train_cutoff,,,,,,,PASS,ES.v.0,,2020-05-29,,,,
,,,,training_cutoff < prediction_date,,,,,,,,,,,,,,,,,,,,2021-01-08,,,oos_train_cutoff,,,,,,,PASS,ES.v.0,,2020-05-29,,,,
,,,,training_cutoff < prediction_date,,,,,,,,,,,,,,,,,,,,2021-01-11,,,oos_train_cutoff,,,,,,,PASS,ES.v.0,,2020-05-29,,,,
,,,,training_cutoff < prediction_date,,,,,,,,,,,,,,,,,,,,2025-12-23,,,oos_train_cutoff,,,,,,,PASS,ES.v.0,,2020-05-29,,,,
,,,,training_cutoff < prediction_date,,,,,,,,,,,,,,,,,,,,2025-12-26,,,oos_train_cutoff,,,,,,,PASS,ES.v.0,,2020-05-29,,,,
,,,,training_cutoff < prediction_date,,,,,,,,,,,,,,,,,,,,2025-12-29,,,oos_train_cutoff,,,,,,,PASS,ES.v.0,,2020-05-29,,,,
,,,,training_cutoff < prediction_date,,,,,,,,,,,,,,,,,,,,2025-12-30,,,oos_train_cutoff,,,,,,,PASS,ES.v.0,,2020-05-29,,,,
,,,,training_cutoff < prediction_date,,,,,,,,,,,,,,,,,,,,2025-12-31,,,oos_train_cutoff,,,,,,,PASS,ES.v.0,,2020-05-29,,,,
,,,,training_cutoff < prediction_date,,,,,,,,,,,,,,,,,,,,2021-01-05,,,oos_train_cutoff,,,,,,,PASS,NQ.v.0,,2020-05-29,,,,
,,,,training_cutoff < prediction_date,,,,,,,,,,,,,,,,,,,,2021-01-06,,,oos_train_cutoff,,,,,,,PASS,NQ.v.0,,2020-05-29,,,,
,,,,training_cutoff < prediction_date,,,,,,,,,,,,,,,,,,,,2021-01-07,,,oos_train_cutoff,,,,,,,PASS,NQ.v.0,,2020-05-29,,,,
,,,,training_cutoff < prediction_date,,,,,,,,,,,,,,,,,,,,2021-01-08,,,oos_train_cutoff,,,,,,,PASS,NQ.v.0,,2020-05-29,,,,
,,,,training_cutoff < prediction_date,,,,,,,,,,,,,,,,,,,,2021-01-11,,,oos_train_cutoff,,,,,,,PASS,NQ.v.0,,2020-05-29,,,,
,,,,training_cutoff < prediction_date,,,,,,,,,,,,,,,,,,,,2025-12-23,,,oos_train_cutoff,,,,,,,PASS,NQ.v.0,,2020-05-29,,,,
,,,,training_cutoff < prediction_date,,,,,,,,,,,,,,,,,,,,2025-12-26,,,oos_train_cutoff,,,,,,,PASS,NQ.v.0,,2020-05-29,,,,
,,,,training_cutoff < prediction_date,,,,,,,,,,,,,,,,,,,,2025-12-29,,,oos_train_cutoff,,,,,,,PASS,NQ.v.0,,2020-05-29,,,,
,,,,training_cutoff < prediction_date,,,,,,,,,,,,,,,,,,,,2025-12-30,,,oos_train_cutoff,,,,,,,PASS,NQ.v.0,,2020-05-29,,,,
,,,,training_cutoff < prediction_date,,,,,,,,,,,,,,,,,,,,2025-12-31,,,oos_train_cutoff,,,,,,,PASS,NQ.v.0,,2020-05-29,,,,
,,,,training_cutoff < prediction_date,,,,,,,,,,,,,,,,,,,,2021-01-05,,,oos_train_cutoff,,,,,,,PASS,GC.v.0,,2020-05-28,,,,
,,,,training_cutoff < prediction_date,,,,,,,,,,,,,,,,,,,,2021-01-06,,,oos_train_cutoff,,,,,,,PASS,GC.v.0,,2020-05-28,,,,
,,,,training_cutoff < prediction_date,,,,,,,,,,,,,,,,,,,,2021-01-07,,,oos_train_cutoff,,,,,,,PASS,GC.v.0,,2020-05-28,,,,
,,,,training_cutoff < prediction_date,,,,,,,,,,,,,,,,,,,,2021-01-08,,,oos_train_cutoff,,,,,,,PASS,GC.v.0,,2020-05-28,,,,
,,,,training_cutoff < prediction_date,,,,,,,,,,,,,,,,,,,,2021-01-11,,,oos_train_cutoff,,,,,,,PASS,GC.v.0,,2020-05-28,,,,
,,,,training_cutoff < prediction_date,,,,,,,,,,,,,,,,,,,,2025-12-24,,,oos_train_cutoff,,,,,,,PASS,GC.v.0,,2020-05-28,,,,
,,,,training_cutoff < prediction_date,,,,,,,,,,,,,,,,,,,,2025-12-26,,,oos_train_cutoff,,,,,,,PASS,GC.v.0,,2020-05-28,,,,
,,,,training_cutoff < prediction_date,,,,,,,,,,,,,,,,,,,,2025-12-29,,,oos_train_cutoff,,,,,,,PASS,GC.v.0,,2020-05-28,,,,
,,,,training_cutoff < prediction_date,,,,,,,,,,,,,,,,,,,,2025-12-30,,,oos_train_cutoff,,,,,,,PASS,GC.v.0,,2020-05-28,,,,
,,,,training_cutoff < prediction_date,,,,,,,,,,,,,,,,,,,,2025-12-31,,,oos_train_cutoff,,,,,,,PASS,GC.v.0,,2020-05-28,,,,
,,,,training_cutoff < prediction_date,,,,,,,,,,,,,,,,,,,,2021-01-05,,,oos_train_cutoff,,,,,,,PASS,CL.v.0,,2020-05-29,,,,
,,,,training_cutoff < prediction_date,,,,,,,,,,,,,,,,,,,,2021-01-06,,,oos_train_cutoff,,,,,,,PASS,CL.v.0,,2020-05-29,,,,
,,,,training_cutoff < prediction_date,,,,,,,,,,,,,,,,,,,,2021-01-07,,,oos_train_cutoff,,,,,,,PASS,CL.v.0,,2020-05-29,,,,
,,,,training_cutoff < prediction_date,,,,,,,,,,,,,,,,,,,,2021-01-08,,,oos_train_cutoff,,,,,,,PASS,CL.v.0,,2020-05-29,,,,
,,,,training_cutoff < prediction_date,,,,,,,,,,,,,,,,,,,,2021-01-11,,,oos_train_cutoff,,,,,,,PASS,CL.v.0,,2020-05-29,,,,
,,,,training_cutoff < prediction_date,,,,,,,,,,,,,,,,,,,,2025-12-23,,,oos_train_cutoff,,,,,,,PASS,CL.v.0,,2020-05-29,,,,
,,,,training_cutoff < prediction_date,,,,,,,,,,,,,,,,,,,,2025-12-26,,,oos_train_cutoff,,,,,,,PASS,CL.v.0,,2020-05-29,,,,
,,,,training_cutoff < prediction_date,,,,,,,,,,,,,,,,,,,,2025-12-29,,,oos_train_cutoff,,,,,,,PASS,CL.v.0,,2020-05-29,,,,
,,,,training_cutoff < prediction_date,,,,,,,,,,,,,,,,,,,,2025-12-30,,,oos_train_cutoff,,,,,,,PASS,CL.v.0,,2020-05-29,,,,
,,,,training_cutoff < prediction_date,,,,,,,,,,,,,,,,,,,,2025-12-31,,,oos_train_cutoff,,,,,,,PASS,CL.v.0,,2020-05-29,,,,
,,,,training_cutoff < prediction_date,,,,,,,,,,,,,,,,,,,,2021-01-05,,,oos_train_cutoff,,,,,,,PASS,ZN.v.0,,2020-05-28,,,,
,,,,training_cutoff < prediction_date,,,,,,,,,,,,,,,,,,,,2021-01-06,,,oos_train_cutoff,,,,,,,PASS,ZN.v.0,,2020-05-28,,,,
,,,,training_cutoff < prediction_date,,,,,,,,,,,,,,,,,,,,2021-01-07,,,oos_train_cutoff,,,,,,,PASS,ZN.v.0,,2020-05-28,,,,
,,,,training_cutoff < prediction_date,,,,,,,,,,,,,,,,,,,,2021-01-08,,,oos_train_cutoff,,,,,,,PASS,ZN.v.0,,2020-05-28,,,,
,,,,training_cutoff < prediction_date,,,,,,,,,,,,,,,,,,,,2021-01-11,,,oos_train_cutoff,,,,,,,PASS,ZN.v.0,,2020-05-28,,,,
,,,,training_cutoff < prediction_date,,,,,,,,,,,,,,,,,,,,2025-12-23,,,oos_train_cutoff,,,,,,,PASS,ZN.v.0,,2020-05-28,,,,
,,,,training_cutoff < prediction_date,,,,,,,,,,,,,,,,,,,,2025-12-26,,,oos_train_cutoff,,,,,,,PASS,ZN.v.0,,2020-05-28,,,,
,,,,training_cutoff < prediction_date,,,,,,,,,,,,,,,,,,,,2025-12-29,,,oos_train_cutoff,,,,,,,PASS,ZN.v.0,,2020-05-28,,,,
,,,,training_cutoff < prediction_date,,,,,,,,,,,,,,,,,,,,2025-12-30,,,oos_train_cutoff,,,,,,,PASS,ZN.v.0,,2020-05-28,,,,
,,,,training_cutoff < prediction_date,,,,,,,,,,,,,,,,,,,,2025-12-31,,,oos_train_cutoff,,,,,,,PASS,ZN.v.0,,2020-05-28,,,,
,,,,training_cutoff < prediction_date,,,,,,,,,,,,,,,,,,,,2021-01-05,,,oos_train_cutoff,,,,,,,PASS,6E.v.0,,2020-05-29,,,,
,,,,training_cutoff < prediction_date,,,,,,,,,,,,,,,,,,,,2021-01-06,,,oos_train_cutoff,,,,,,,PASS,6E.v.0,,2020-05-29,,,,
,,,,training_cutoff < prediction_date,,,,,,,,,,,,,,,,,,,,2021-01-07,,,oos_train_cutoff,,,,,,,PASS,6E.v.0,,2020-05-29,,,,
,,,,training_cutoff < prediction_date,,,,,,,,,,,,,,,,,,,,2021-01-08,,,oos_train_cutoff,,,,,,,PASS,6E.v.0,,2020-05-29,,,,
,,,,training_cutoff < prediction_date,,,,,,,,,,,,,,,,,,,,2021-01-11,,,oos_train_cutoff,,,,,,,PASS,6E.v.0,,2020-05-29,,,,
,,,,training_cutoff < prediction_date,,,,,,,,,,,,,,,,,,,,2025-12-23,,,oos_train_cutoff,,,,,,,PASS,6E.v.0,,2020-05-29,,,,
,,,,training_cutoff < prediction_date,,,,,,,,,,,,,,,,,,,,2025-12-26,,,oos_train_cutoff,,,,,,,PASS,6E.v.0,,2020-05-29,,,,
,,,,training_cutoff < prediction_date,,,,,,,,,,,,,,,,,,,,2025-12-29,,,oos_train_cutoff,,,,,,,PASS,6E.v.0,,2020-05-29,,,,
,,,,training_cutoff < prediction_date,,,,,,,,,,,,,,,,,,,,2025-12-30,,,oos_train_cutoff,,,,,,,PASS,6E.v.0,,2020-05-29,,,,
,,,,training_cutoff < prediction_date,,,,,,,,,,,,,,,,,,,,2025-12-31,,,oos_train_cutoff,,,,,,,PASS,6E.v.0,,2020-05-29,,,,
