sample,strategy,strategy_price_type,return_basis,round_trip_ticks,nobs,trade_count,trade_rate,avg_daily,avg_ann,avg_ann_pct,vol_ann,vol_ann_pct,sharpe,success_rate,max_drawdown,avg_trade_return,avg_trade_return_bp,t_stat_mean,p_value_mean,symbol
replication,timing_rONFH,paper_statistical,r_LH,0,2424,2424,1.0,7.154297308222653e-05,0.018028829216721,1.8028829216721085,0.0478712146865238,4.787121468652385,0.3766110664786693,0.4847359735973597,-0.1178121427011766,7.154297308222653e-05,0.7154297308222654,1.1680437628304317,0.2429040300586027,ES.v.0
replication,timing_agree_ONFH_ROD,paper_statistical,r_LH,0,2424,1805,0.7446369636963697,0.0001219865833676,0.0307406190086564,3.07406190086564,0.0417445732959699,4.174457329596997,0.73639796940083,0.3659240924092409,-0.0812896387703803,0.0001219865833676,1.219865833676841,2.2839080730208754,0.0224630907623508,ES.v.0
replication,timing_rROD,paper_statistical,r_LH,0,2424,2424,1.0,0.0001875883015862,0.0472722519997236,4.7272251999723665,0.047791967763017,4.779196776301703,0.9891254579457692,0.4962871287128713,-0.068383015583032,0.0001875883015862,1.87588301586205,3.067732004300481,0.0021807545258307,ES.v.0
replication,always_long,paper_statistical,r_LH,0,2424,2424,1.0,-1.6487206209350874e-05,-0.0041547759647564,-0.415477596475642,0.0478839747203352,4.7883974720335285,-0.0867675665819775,0.4995874587458745,-0.1783890962921551,-1.6487206209350874e-05,-0.1648720620935087,-0.2691060459525642,0.7878709901189476,ES.v.0
replication,timing_rONFH,paper_statistical,r_LH,1,2424,2424,1.0,-6.369151691612828e-05,-0.0160502622628643,-1.6050262262864328,0.0478786961493848,4.787869614938485,-0.3352276388811089,0.4657590759075907,-0.2832962576780868,-6.369151691612828e-05,-0.6369151691612828,-1.0396947609228815,0.2985854698166745,ES.v.0
replication,timing_agree_ONFH_ROD,paper_statistical,r_LH,1,2424,1805,0.7446369636963697,2.1574756154745393e-05,0.0054368385509958,0.5436838550995838,0.0417394139334721,4.173941393347219,0.1302567055603974,0.3514851485148514,-0.1440103136715818,2.1574756154745393e-05,0.2157475615474539,0.4039858252685719,0.68625879468699,ES.v.0
replication,timing_rROD,paper_statistical,r_LH,1,2424,2424,1.0,5.235381158785022e-05,0.0131931605201382,1.3193160520138256,0.047803486253732,4.7803486253732075,0.2759874133470391,0.4781353135313531,-0.1393830925015867,5.235381158785022e-05,0.5235381158785022,0.8559636332353272,0.3921025324782117,ES.v.0
replication,always_long,paper_statistical,r_LH,1,2424,2424,1.0,-0.0001517216962077,-0.0382338674443418,-3.8233867444341834,0.0478720433348871,4.78720433348871,-0.7986679652856726,0.4806105610561056,-0.36721315404618,-0.0001517216962077,-1.5172169620770566,-2.477035909079529,0.0133156148170745,ES.v.0
replication,timing_rONFH,paper_statistical,r_LH,2,2424,2424,1.0,-0.0001989260069144,-0.0501293537424497,-5.012935374244973,0.0478956691452248,4.789566914522483,-1.0466364629013143,0.4331683168316831,-0.4811640133218743,-0.0001989260069144,-1.9892600691448308,-3.246100025348103,0.0011859213937808,ES.v.0
replication,timing_agree_ONFH_ROD,paper_statistical,r_LH,2,2424,1805,0.7446369636963697,-7.883707105819335e-05,-0.0198669419066647,-1.9866941906664728,0.0417631792890031,4.176317928900313,-0.4757047294983116,0.3254950495049505,-0.312761756844003,-7.883707105819335e-05,-0.7883707105819335,-1.4753786908991728,0.1402406884068736,ES.v.0
replication,timing_rROD,paper_statistical,r_LH,2,2424,2424,1.0,-8.288067841050458e-05,-0.0208859309594471,-2.088593095944715,0.0478245087989631,4.782450879896317,-0.4367202399766197,0.4430693069306931,-0.3449171118981795,-8.288067841050458e-05,-0.8288067841050458,-1.3544698969577191,0.1757127998621697,ES.v.0
replication,always_long,paper_statistical,r_LH,2,2424,2424,1.0,-0.000286956186206,-0.0723129589239272,-7.231295892392725,0.0478696068460852,4.786960684608522,-1.51062362296884,0.448019801980198,-0.5362617544851075,-0.000286956186206,-2.869561862060605,-4.68513715566295,2.952511362064314e-06,ES.v.0
replication,timing_rONFH,paper_statistical,r_LH,3,2424,2424,1.0,-0.0003341604969128,-0.0842084452220351,-8.420844522203515,0.0479221235889481,4.792212358894819,-1.7571935238999994,0.396039603960396,-0.6247908600535748,-0.0003341604969128,-3.3416049691283787,-5.44986358172688,5.5503785345578656e-08,ES.v.0
replication,timing_agree_ONFH_ROD,paper_statistical,r_LH,3,2424,1805,0.7446369636963697,-0.0001792488982711,-0.0451707223643252,-4.517072236432529,0.0418158200458829,4.181582004588299,-1.0802304561948344,0.297029702970297,-0.4592614186411036,-0.0001792488982711,-1.792488982711321,-3.350290416517306,0.000819642294692,ES.v.0
replication,timing_rROD,paper_statistical,r_LH,3,2424,2424,1.0,-0.0002181151684088,-0.0549650224390325,-5.496502243903257,0.0478550228734175,4.785502287341756,-1.1485737366466595,0.4092409240924092,-0.5190913147246046,-0.0002181151684088,-2.181151684088594,-3.562254295352626,0.0003747766341792,ES.v.0
replication,always_long,paper_statistical,r_LH,3,2424,2424,1.0,-0.0004221906762044,-0.1063920504035126,-10.639205040351266,0.0478766667035424,4.787666670354244,-2.2222108958065916,0.4129537953795379,-0.6622233288180781,-0.0004221906762044,-4.221906762044153,-6.892095871770481,6.98485713712671e-12,ES.v.0
replication,timing_rONFH,executable_next_open,r_LH_executable,0,2424,2424,1.0,7.234796657486682e-05,0.0182316875768664,1.823168757686644,0.047898098033224,4.789809803322407,0.3806348962796017,0.4847359735973597,-0.1200251623537979,7.234796657486682e-05,0.7234796657486682,1.1805235057801424,0.2379079415017144,ES.v.0
replication,timing_agree_ONFH_ROD,executable_next_open,r_LH_executable,0,2424,1805,0.7446369636963697,0.0001221885944673,0.0307915258057809,3.079152580578096,0.0417786644022197,4.177866440221978,0.7370155615636422,0.3667491749174917,-0.0839678778459955,0.0001221885944673,1.2218859446738477,2.28582350976173,0.0223505592690274,ES.v.0
replication,timing_rROD,executable_next_open,r_LH_executable,0,2424,2424,1.0,0.0001870072129678,0.0471258176678869,4.712581766788694,0.0478197747810239,4.781977478102394,0.9854880723233274,0.4971122112211221,-0.0692410168624764,0.0001870072129678,1.8700721296780536,3.0564508021068573,0.0022641803103902,ES.v.0
replication,always_long,executable_next_open,r_LH_executable,0,2424,2424,1.0,-1.7691073333998488e-05,-0.0044581504801676,-0.4458150480167619,0.0479110474012347,4.791104740123476,-0.0930505743869987,0.5,-0.1772809723120102,-1.7691073333998488e-05,-0.1769107333399849,-0.2885925367428864,0.7729178931381742,ES.v.0
replication,timing_rONFH,executable_next_open,r_LH_executable,1,2424,2424,1.0,-6.288633288013663e-05,-0.0158473558857944,-1.5847355885794432,0.0479048361484762,4.790483614847622,-0.3308091032119836,0.466996699669967,-0.2817220056497332,-6.288633288013663e-05,-0.6288633288013663,-1.0259908539256133,0.3049983092140653,ES.v.0
replication,timing_agree_ONFH_ROD,executable_next_open,r_LH_executable,1,2424,1805,0.7446369636963697,2.1776942044253643e-05,0.0054877893951519,0.5487789395151919,0.0417729688031671,4.177296880316718,0.1313717830544962,0.3523102310231023,-0.1458791176341274,2.1776942044253643e-05,0.2177694204425364,0.4074441923426803,0.6837177683167561,ES.v.0
replication,timing_rROD,executable_next_open,r_LH_executable,1,2424,2424,1.0,5.1772913512801874e-05,0.013046774205226,1.3046774205226073,0.0478312171208178,4.783121712081786,0.2727669290177366,0.4773102310231023,-0.1403387869496587,5.1772913512801874e-05,0.5177291351280188,0.8459754332886114,0.397649985059354,ES.v.0
replication,always_long,executable_next_open,r_LH_executable,1,2424,2424,1.0,-0.000152925372789,-0.0385371939428284,-3.853719394282849,0.0478992575155276,4.789925751552769,-0.804546791363848,0.481023102310231,-0.3677134819587934,-0.000152925372789,-1.5292537278900191,-2.4952688468356654,0.012652235842175,ES.v.0
replication,timing_rONFH,executable_next_open,r_LH_executable,2,2424,2424,1.0,-0.0001981206323351,-0.0499263993484552,-4.9926399348455295,0.0479210608657958,4.792106086579583,-1.0418467046936934,0.4306930693069307,-0.4801479575875789,-0.0001981206323351,-1.9812063233514008,-3.231244786886345,0.0012490364616406,ES.v.0
replication,timing_agree_ONFH_ROD,executable_next_open,r_LH_executable,2,2424,1805,0.7446369636963697,-7.863471037887747e-05,-0.0198159470154771,-1.9815947015477124,0.0417961748395169,4.179617483951692,-0.4741091042796048,0.3242574257425742,-0.3122271634907909,-7.863471037887747e-05,-0.7863471037887747,-1.4704299247836368,0.1415751917945269,ES.v.0
replication,timing_rROD,executable_next_open,r_LH_executable,2,2424,2424,1.0,-8.346138594220154e-05,-0.0210322692574347,-2.1032269257434786,0.0478521579376388,4.7852157937638875,-0.4395260352698018,0.4418316831683168,-0.3458072184659729,-8.346138594220154e-05,-0.8346138594220154,-1.3631719558818585,0.1729549775637158,ES.v.0
replication,always_long,executable_next_open,r_LH_executable,2,2424,2424,1.0,-0.000288159672244,-0.0726162374054893,-7.261623740548935,0.0478969570523353,4.789695705233532,-1.5160929185155572,0.4467821782178218,-0.5372061984590966,-0.000288159672244,-2.8815967224400536,-4.7020999512869635,2.7194955058984505e-06,ES.v.0
replication,timing_rONFH,executable_next_open,r_LH_executable,3,2424,2424,1.0,-0.0003333549317901,-0.0840054428111161,-8.400544281111616,0.0479467625546627,4.794676255466278,-1.752056621452676,0.400990099009901,-0.6240556943750645,-0.0003333549317901,-3.3335493179014346,-5.433931689655928,6.063217883323091e-08,ES.v.0
replication,timing_agree_ONFH_ROD,executable_next_open,r_LH_executable,3,2424,1805,0.7446369636963697,-0.000179046362802,-0.0451196834261061,-4.511968342610616,0.0418482344309598,4.1848234430959845,-1.0781741222689685,0.3003300330033003,-0.4588404139010403,-0.000179046362802,-1.790463628020086,-3.3439127812585707,0.0008386289091328,ES.v.0
replication,timing_rROD,executable_next_open,r_LH_executable,3,2424,2424,1.0,-0.0002186956853972,-0.0551113127200956,-5.511131272009565,0.0478825847693876,4.788258476938767,-1.1509677889262455,0.4129537953795379,-0.5197446762402116,-0.0002186956853972,-2.18695685397205,-3.5696793502221142,0.0003643673688631,ES.v.0
replication,always_long,executable_next_open,r_LH_executable,3,2424,2424,1.0,-0.000423393971699,-0.1066952808681502,-10.66952808681502,0.0479041473787669,4.79041473787669,-2.227266044932092,0.4113036303630363,-0.6629112408993814,-0.000423393971699,-4.233939716990087,-6.9077742092697685,6.268319197033634e-12,ES.v.0
oos,timing_rONFH,paper_statistical,r_LH,0,1224,1224,1.0,-4.974364443578829e-05,-0.0125353983978186,-1.253539839781865,0.041481465666796,4.148146566679609,-0.3021927551574589,0.4869281045751634,-0.1336470649205307,-4.974364443578829e-05,-0.4974364443578829,-0.6660003950200782,0.5055364450874631,ES.v.0
oos,timing_agree_ONFH_ROD,paper_statistical,r_LH,0,1224,871,0.7116013071895425,-2.190730294941848e-05,-0.0055206403432534,-0.5520640343253457,0.034558554871688,3.4558554871688068,-0.1597474305204878,0.3488562091503268,-0.0741105708699553,-2.190730294941848e-05,-0.2190730294941848,-0.3520661895903211,0.7248492780623241,ES.v.0
oos,timing_rROD,paper_statistical,r_LH,0,1224,1224,1.0,8.316274270390665e-06,0.0020957011161384,0.2095701116138447,0.0414887770059395,4.148877700593953,0.0505124823476581,0.4967320261437908,-0.1351757903981599,8.316274270390665e-06,0.0831627427039066,0.111324089088291,0.9113776203274716,ES.v.0
oos,always_long,paper_statistical,r_LH,0,1224,1224,1.0,-6.183926455032382e-05,-0.0155834946666816,-1.5583494666681603,0.0414773625043556,4.147736250435567,-0.3757108390159844,0.4828431372549019,-0.131678417841584,-6.183926455032382e-05,-0.6183926455032381,-0.8280263604188345,0.4078171190031185,ES.v.0
oos,timing_rONFH,paper_statistical,r_LH,1,1224,1224,1.0,-0.0001027132510657,-0.0258837392685638,-2.5883739268563892,0.0414833517813475,4.148335178134757,-0.623954867605519,0.4779411764705882,-0.1506310596939525,-0.0001027132510657,-1.0271325106572973,-1.3751295529353436,0.1693431285442159,ES.v.0
oos,timing_agree_ONFH_ROD,paper_statistical,r_LH,1,1224,871,0.7116013071895425,-5.9759957213274507e-05,-0.0150595092177451,-1.5059509217745175,0.0345587525923529,3.4558752592352993,-0.4357654165178832,0.3423202614379085,-0.0898453562824009,-5.9759957213274507e-05,-0.5975995721327451,-0.9603802029793156,0.3370537245757834,ES.v.0
oos,timing_rROD,paper_statistical,r_LH,1,1224,1224,1.0,-4.465333235955081e-05,-0.0112526397546068,-1.1252639754606804,0.0414797507251132,4.147975072511324,-0.2712803128730973,0.4877450980392157,-0.1567360572663995,-4.465333235955081e-05,-0.4465333235955081,-0.5978726903645086,0.5500355729695596,ES.v.0
oos,always_long,paper_statistical,r_LH,1,1224,1224,1.0,-0.0001148088711802,-0.0289318355374268,-2.8931835537426847,0.0414816572599261,4.148165725992615,-0.6974609369181783,0.4754901960784313,-0.155012716242731,-0.0001148088711802,-1.1480887118026526,-1.537129039564651,0.1245203730305481,ES.v.0
oos,timing_rONFH,paper_statistical,r_LH,2,1224,1224,1.0,-0.0001556828576956,-0.0392320801393091,-3.923208013930915,0.0414857254082895,4.148572540828954,-0.9456766093204176,0.4705882352941176,-0.1898394630254468,-0.0001556828576956,-1.5568285769567125,-2.084169738088113,0.0373518606585918,ES.v.0
oos,timing_agree_ONFH_ROD,paper_statistical,r_LH,2,1224,871,0.7116013071895425,-9.761261147713053e-05,-0.0245983780922368,-2.459837809223689,0.0345635990346515,3.4563599034651498,-0.7116845114299573,0.3382352941176471,-0.1210515875686166,-9.761261147713053e-05,-0.9761261147713052,-1.568476271031224,0.117028701201086,ES.v.0
oos,timing_rROD,paper_statistical,r_LH,2,1224,1224,1.0,-9.762293898949226e-05,-0.024600980625352,-2.460098062535205,0.0414712102484844,4.147121024848448,-0.5932062382059627,0.4763071895424836,-0.1831300617115975,-9.762293898949226e-05,-0.9762293898949226,-1.3073628742942225,0.1913352251887445,ES.v.0
oos,always_long,paper_statistical,r_LH,2,1224,1224,1.0,-0.0001677784778102,-0.042280176408172,-4.2280176408172085,0.0414864391606432,4.1486439160643265,-1.0191324505932005,0.4624183006535948,-0.1922919309713661,-0.0001677784778102,-1.677784778102067,-2.2460585275090064,0.024878182161903,ES.v.0
oos,timing_rONFH,paper_statistical,r_LH,3,1224,1224,1.0,-0.0002086524643256,-0.0525804210100543,-5.2580421010054375,0.0414885864639479,4.148858646394795,-1.2673466485956282,0.4607843137254901,-0.2344250929142535,-0.0002086524643256,-2.086524643256126,-2.793095976613545,0.0053020237124243,ES.v.0
oos,timing_agree_ONFH_ROD,paper_statistical,r_LH,3,1224,871,0.7116013071895425,-0.0001354652657409,-0.0341372469667286,-3.4137246966728605,0.0345730922436157,3.4573092243615795,-0.9873935118728736,0.3300653594771242,-0.1588549533329212,-0.0001354652657409,-1.3546526574098652,-2.1761093134246323,0.0297379669564492,ES.v.0
oos,timing_rROD,paper_statistical,r_LH,3,1224,1224,1.0,-0.0001505925456194,-0.0379493214960972,-3.7949321496097297,0.0414631558762474,4.1463155876247475,-0.9152540537281412,0.4648692810457516,-0.2086991545710498,-0.0001505925456194,-1.5059254561943372,-2.0171216911174987,0.0439009617561105,ES.v.0
oos,always_long,paper_statistical,r_LH,3,1224,1224,1.0,-0.0002207480844401,-0.0556285172789173,-5.562851727891735,0.0414917080380772,4.149170803807724,-1.340714082627465,0.4493464052287582,-0.2402316641860434,-0.0002207480844401,-2.2074808444014824,-2.9547899259650205,0.0031887178099472,ES.v.0
oos,timing_rONFH,executable_next_open,r_LH_executable,0,1224,1224,1.0,-5.1045299876812127e-05,-0.0128634155689566,-1.2863415568956655,0.0414933651361865,4.149336513618654,-0.3100113843921137,0.4861111111111111,-0.1336410002999363,-5.1045299876812127e-05,-0.5104529987681212,-0.6832318146022001,0.4945897806344623,ES.v.0
oos,timing_agree_ONFH_ROD,executable_next_open,r_LH_executable,0,1224,871,0.7116013071895425,-2.2345589633949017e-05,-0.0056310885877551,-0.5631088587755151,0.0345772272144319,3.4577227214431914,-0.1628554121136942,0.3488562091503268,-0.0740785328050029,-2.2345589633949017e-05,-0.2234558963394901,-0.358915847411244,0.7197199950241404,ES.v.0
oos,timing_rROD,executable_next_open,r_LH_executable,0,1224,1224,1.0,8.72907643386993e-06,0.0021997272613352,0.2199727261335222,0.0415010516352612,4.1501051635261215,0.0530041330197578,0.4975490196078431,-0.1353538185034806,8.72907643386993e-06,0.0872907643386993,0.1168154197160081,0.9070255035135526,ES.v.0
oos,always_long,executable_next_open,r_LH_executable,0,1224,1224,1.0,-6.198166074142035e-05,-0.0156193785068379,-1.5619378506837929,0.041489608307508,4.148960830750808,-0.376464834063314,0.4844771241830065,-0.1306531776731139,-6.198166074142035e-05,-0.6198166074142034,-0.8296880845693787,0.4068770731171596,ES.v.0
oos,timing_rONFH,executable_next_open,r_LH_executable,1,1224,1224,1.0,-0.0001040148875672,-0.0262117516669572,-2.6211751666957226,0.0414952242059526,4.149522420595263,-0.6316811673762944,0.4795751633986928,-0.1511677460327852,-0.0001040148875672,-1.0401488756729058,-1.3921574882897132,0.1641277993745367,ES.v.0
oos,timing_agree_ONFH_ROD,executable_next_open,r_LH_executable,1,1224,871,0.7116013071895425,-6.0198224284264536e-05,-0.0151699525196346,-1.5169952519634664,0.0345774661385201,3.4577466138520108,-0.4387236606309617,0.3431372549019608,-0.0901381602884974,-6.0198224284264536e-05,-0.6019822428426453,-0.9668998554668464,0.3337852584114267,ES.v.0
oos,timing_rROD,executable_next_open,r_LH_executable,1,1224,1224,1.0,-4.424051125660855e-05,-0.0111486088366653,-1.1148608836665357,0.0414920450210285,4.149204502102859,-0.2686926814770187,0.4893790849673202,-0.1564149108809656,-4.424051125660855e-05,-0.4424051125660855,-0.5921698285237051,0.553846327568464,ES.v.0
oos,always_long,executable_next_open,r_LH_executable,1,1224,1224,1.0,-0.0001149512484318,-0.0289677146048385,-2.89677146048385,0.0414939697937862,4.149396979378627,-0.6981186603451093,0.4763071895424836,-0.1540150272264091,-0.0001149512484318,-1.149512484318988,-1.538578591397625,0.1241658785434438,ES.v.0
oos,timing_rONFH,executable_next_open,r_LH_executable,2,1224,1224,1.0,-0.0001569844752577,-0.0395600877649578,-3.9560087764957808,0.0414975706439851,4.149757064398518,-0.9533109324483264,0.468954248366013,-0.1904604066478071,-0.0001569844752577,-1.5698447525776908,-2.1009949667943695,0.0358456512157776,ES.v.0
oos,timing_agree_ONFH_ROD,executable_next_open,r_LH_executable,2,1224,871,0.7116013071895425,-9.805085893458008e-05,-0.0247088164515141,-2.470881645151418,0.034582351248811,3.4582351248811,-0.7144920908859173,0.3374183006535948,-0.1211232777586008,-9.805085893458008e-05,-0.9805085893458008,-1.5746638747867985,0.1155926821000965,ES.v.0
oos,timing_rROD,executable_next_open,r_LH_executable,2,1224,1224,1.0,-9.7210098947087e-05,-0.0244969449346659,-2.449694493466592,0.0414835240679284,4.148352406792844,-0.5905222732416047,0.4779411764705882,-0.1827180193577865,-9.7210098947087e-05,-0.97210098947087,-1.3014477036093688,0.1933503580642486,ES.v.0
oos,always_long,executable_next_open,r_LH_executable,2,1224,1224,1.0,-0.0001679208361223,-0.042316050702839,-4.231605070283908,0.041498818258569,4.149881825856901,-1.0196929088240076,0.4607843137254901,-0.192573772500877,-0.0001679208361223,-1.679208361223773,-2.2472937172901624,0.0247989531919488,ES.v.0
oos,timing_rONFH,executable_next_open,r_LH_executable,3,1224,1224,1.0,-0.0002099540629482,-0.0529084238629583,-5.290842386295837,0.0415004043676166,4.150040436761664,-1.2748893575659608,0.4607843137254901,-0.2350118561390358,-0.0002099540629482,-2.0995406294824748,-2.809719297550361,0.0050374712003986,ES.v.0
oos,timing_agree_ONFH_ROD,executable_next_open,r_LH_executable,3,1224,871,0.7116013071895425,-0.0001359034935848,-0.0342476803833937,-3.42476803833937,0.0345918805768833,3.45918805768833,-0.9900496825338946,0.3316993464052287,-0.1592475353409236,-0.0001359034935848,-1.3590349358489562,-2.1819632284483697,0.029302057194344,ES.v.0
oos,timing_rROD,executable_next_open,r_LH_executable,3,1224,1224,1.0,-0.0001501796866375,-0.0378452810326665,-3.784528103266651,0.0414754890752914,4.1475489075291465,-0.9124734120425934,0.4681372549019608,-0.208299943123324,-0.0001501796866375,-1.5017968663756551,-2.010993455316415,0.0445452574292901,ES.v.0
oos,always_long,executable_next_open,r_LH_executable,3,1224,1224,1.0,-0.0002208904238128,-0.0556643868008396,-5.566438680083964,0.0415041535311915,4.150415353119156,-1.3411762935727929,0.451797385620915,-0.2403659534085693,-0.0002208904238128,-2.2089042381285573,-2.9558085892748354,0.0031782812490117,ES.v.0
replication,timing_rONFH,paper_statistical,r_LH,0,2424,2424,1.0,0.0001508665798853,0.0380183781311121,3.8018378131112183,0.0511810971825523,5.118109718255239,0.7428206940446878,0.5173267326732673,-0.0771127966890301,0.0001508665798853,1.5086657988536585,2.303827889851485,0.0213165566987607,NQ.v.0
replication,timing_agree_ONFH_ROD,paper_statistical,r_LH,0,2424,1779,0.7339108910891089,0.0001686685101244,0.0425044645513537,4.250446455135378,0.0452282415669431,4.522824156694312,0.9397770746501868,0.3787128712871287,-0.0542857033498374,0.0001686685101244,1.6866851012441977,2.914680019256289,0.0035931849997825,NQ.v.0
replication,timing_rROD,paper_statistical,r_LH,0,2424,2424,1.0,0.0001798957091583,0.0453337187078916,4.533371870789161,0.0511574439490752,5.11574439490752,0.8861607462839456,0.5004125412541254,-0.0674107035850304,0.0001798957091583,1.7989570915830002,2.7483911777742422,0.0060332370543196,NQ.v.0
replication,always_long,paper_statistical,r_LH,0,2424,2424,1.0,-2.738424769452402e-05,-0.00690083041902,-0.6900830419020053,0.0512352781454398,5.1235278145439835,-0.134689039833665,0.5086633663366337,-0.1578098330936733,-2.738424769452402e-05,-0.2738424769452402,-0.4177325280701556,0.6761797004726455,NQ.v.0
replication,timing_rONFH,paper_statistical,r_LH,1,2424,2424,1.0,8.438481797839256e-05,0.0212649741305549,2.126497413055493,0.0511997067621636,5.119970676216363,0.4153339047298929,0.5074257425742574,-0.0818121939218903,8.438481797839256e-05,0.8438481797839257,1.2881410560972908,0.1978198636789037,NQ.v.0
replication,timing_agree_ONFH_ROD,paper_statistical,r_LH,1,2424,1779,0.7339108910891089,0.0001203333683195,0.0303240088165256,3.0324008816525683,0.0452299834803945,4.522998348039453,0.6704404132641344,0.3733498349834983,-0.0583678170128495,0.0001203333683195,1.2033336831954635,2.0793434202151437,0.0376907301373565,NQ.v.0
replication,timing_rROD,paper_statistical,r_LH,1,2424,2424,1.0,0.0001134139472513,0.0285803147073343,2.858031470733436,0.0511704032027591,5.11704032027591,0.5585321380815955,0.4925742574257425,-0.1001065770793929,0.0001134139472513,1.1341394725132683,1.7322644985619489,0.08335373598527,NQ.v.0
replication,always_long,paper_statistical,r_LH,1,2424,2424,1.0,-9.386600960149724e-05,-0.0236542344195773,-2.3654234419577307,0.0512340651416696,5.123406514166962,-0.4616895878585843,0.5033003300330033,-0.26458036954634,-9.386600960149724e-05,-0.9386600960149724,-1.4319113044239646,0.1522981864787747,NQ.v.0
replication,timing_rONFH,paper_statistical,r_LH,2,2424,2424,1.0,1.7903056071419346e-05,0.0045115701299976,0.4511570129997675,0.0512225236145398,5.122252361453987,0.0880778573884445,0.488036303630363,-0.1924429965264795,1.7903056071419346e-05,0.1790305607141934,0.2731698591014924,0.7847459283262497,NQ.v.0
replication,timing_agree_ONFH_ROD,paper_statistical,r_LH,2,2424,1779,0.7339108910891089,7.199822651467286e-05,0.0181435530816975,1.814355308169756,0.0452398708249272,4.523987082492726,0.4010522742629147,0.3580858085808581,-0.1149554414749344,7.199822651467286e-05,0.7199822651467286,1.2438471654637084,0.2136761384934358,NQ.v.0
replication,timing_rROD,paper_statistical,r_LH,2,2424,2424,1.0,4.693218534435355e-05,0.011826910706777,1.1826910706777094,0.0511875760868981,5.118757608689811,0.2310504151769025,0.4731848184818482,-0.1831744624360592,4.693218534435355e-05,0.4693218534435355,0.7165933780707107,0.4736940941553527,NQ.v.0
replication,always_long,paper_statistical,r_LH,2,2424,2424,1.0,-0.0001603477715084,-0.0404076384201345,-4.040763842013457,0.0512370649474575,5.123706494745757,-0.7886407713160711,0.4855610561056105,-0.3642447777850645,-0.0001603477715084,-1.603477715084705,-2.4459369785982936,0.0145183002615749,NQ.v.0
replication,timing_rONFH,paper_statistical,r_LH,3,2424,2424,1.0,-4.8578705835553926e-05,-0.0122418338705595,-1.224183387055959,0.0512495421203109,5.124954212031092,-0.238867185229114,0.4715346534653465,-0.3087864078579099,-4.8578705835553926e-05,-0.4857870583555392,-0.74083676950988,0.4588642039730493,NQ.v.0
replication,timing_agree_ONFH_ROD,paper_statistical,r_LH,3,2424,1779,0.7339108910891089,2.3663084709799407e-05,0.0059630973468694,0.596309734686945,0.0452578982620248,4.525789826202482,0.131758158815629,0.3477722772277227,-0.1990196853457815,2.3663084709799407e-05,0.236630847097994,0.4086425209051408,0.6828381331549691,NQ.v.0
replication,timing_rROD,paper_statistical,r_LH,3,2424,2424,1.0,-1.95495765626197e-05,-0.0049264932937801,-0.4926493293780165,0.0512089583623793,5.120895836237939,-0.0962037395667748,0.4591584158415842,-0.2891289607761771,-1.95495765626197e-05,-0.195495765626197,-0.2983719491107918,0.765444879854329,NQ.v.0
replication,always_long,paper_statistical,r_LH,3,2424,2424,1.0,-0.0002268295334154,-0.0571610424206918,-5.716104242069183,0.0512442768229585,5.12442768229585,-1.1154619786747093,0.4707095709570957,-0.4517700876224396,-0.0002268295334154,-2.2682953341544376,-3.459559537237551,0.0005504103776599,NQ.v.0
replication,timing_rONFH,executable_next_open,r_LH_executable,0,2424,2424,1.0,0.0001511789877432,0.0380971049113036,3.809710491130362,0.051134621255392,5.113462125539205,0.7450354373610689,0.5144389438943895,-0.077207840819207,0.0001511789877432,1.5117898774326837,2.31069682533221,0.0209331980558682,NQ.v.0
replication,timing_agree_ONFH_ROD,executable_next_open,r_LH_executable,0,2424,1779,0.7339108910891089,0.0001685927877519,0.0424853825134945,4.248538251349456,0.0451857502718466,4.518575027184666,0.9402385101031596,0.3778877887788779,-0.0548704451031621,0.0001685927877519,1.6859278775196254,2.916111142371798,0.0035768020563962,NQ.v.0
replication,timing_rROD,executable_next_open,r_LH_executable,0,2424,2424,1.0,0.0001796860739792,0.045280890642783,4.528089064278304,0.0511113651379409,5.111136513794093,0.8859260659655162,0.5004125412541254,-0.0683111167658435,0.0001796860739792,1.796860739792978,2.7476633264002404,0.0060466027509002,NQ.v.0
replication,always_long,executable_next_open,r_LH_executable,0,2424,2424,1.0,-2.850332022029156e-05,-0.0071828366955134,-0.7182836695513473,0.05118892976516,5.118892976516,-0.1403201185972484,0.5086633663366337,-0.1590126005349632,-2.850332022029156e-05,-0.2850332022029155,-0.4351970877000916,0.6634581365234222,NQ.v.0
replication,timing_rONFH,executable_next_open,r_LH_executable,1,2424,2424,1.0,8.469727557098067e-05,0.0213437134438871,2.134371344388713,0.0511527656581805,5.1152765658180535,0.4172543394136845,0.5074257425742574,-0.0805977842248227,8.469727557098067e-05,0.8469727557098067,1.2940972054353854,0.1957551758351867,NQ.v.0
replication,timing_agree_ONFH_ROD,executable_next_open,r_LH_executable,1,2424,1779,0.7339108910891089,0.0001202577407242,0.0303049506625143,3.030495066251435,0.0451870148547668,4.518701485476682,0.6706561776633371,0.3729372937293729,-0.0589500518093435,0.0001202577407242,1.2025774072426332,2.08001260464216,0.0376292526546409,NQ.v.0
replication,timing_rROD,executable_next_open,r_LH_executable,1,2424,2424,1.0,0.000113204361807,0.0285274991753665,2.8527499175366544,0.0511239038358699,5.112390383586995,0.5580070580476849,0.4942244224422442,-0.0990035851018058,0.000113204361807,1.1320436180701008,1.730635984391267,0.0836440250904784,NQ.v.0
replication,always_long,executable_next_open,r_LH_executable,1,2424,2424,1.0,-9.498503239257925e-05,-0.0239362281629299,-2.3936228162929964,0.0511875978898137,5.118759788981377,-0.4676177267480885,0.5028877887788779,-0.2655802600794166,-9.498503239257925e-05,-0.9498503239257924,-1.4502971838401506,0.1471050946510657,NQ.v.0
replication,timing_rONFH,executable_next_open,r_LH_executable,2,2424,2424,1.0,1.8215563398692975e-05,0.0045903219764706,0.459032197647063,0.0511751215718695,5.117512157186955,0.089698311122213,0.4884488448844885,-0.1904961298777289,1.8215563398692975e-05,0.1821556339869297,0.2781956298372835,0.7808859261612162,NQ.v.0
replication,timing_agree_ONFH_ROD,executable_next_open,r_LH_executable,2,2424,1779,0.7339108910891089,7.192269369656404e-05,0.0181245188115341,1.8124518811534136,0.045196432703043,4.519643270304305,0.4010165786892696,0.3584983498349835,-0.1140460654962824,7.192269369656404e-05,0.7192269369656403,1.2437364571073486,0.2137168871736172,NQ.v.0
replication,timing_rROD,executable_next_open,r_LH_executable,2,2424,2424,1.0,4.672264963472244e-05,0.01177410770795,1.1774107707950054,0.0511406602464339,5.11406602464339,0.2302298728881013,0.474009900990099,-0.1820268634038522,4.672264963472244e-05,0.4672264963472243,0.7140484998451871,0.4752659665986807,NQ.v.0
replication,always_long,executable_next_open,r_LH_executable,2,2424,2424,1.0,-0.0001614667445648,-0.0406896196303464,-4.068961963034646,0.0511904826586212,5.119048265862123,-0.794866887692721,0.4834983498349835,-0.3651792996617933,-0.0001614667445648,-1.614667445648669,-2.46524702295891,0.0137607419224781,NQ.v.0
replication,timing_rONFH,executable_next_open,r_LH_executable,3,2424,2424,1.0,-4.826614877359468e-05,-0.0121630694909458,-1.216306949094586,0.0512016834799117,5.120168347991179,-0.2375521401697242,0.4752475247524752,-0.3071197063042751,-4.826614877359468e-05,-0.4826614877359468,-0.7367582112406735,0.4613407279708301,NQ.v.0
replication,timing_agree_ONFH_ROD,executable_next_open,r_LH_executable,3,2424,1779,0.7339108910891089,2.358764666886484e-05,0.0059440869605539,0.594408696055394,0.0452139987218232,4.521399872182323,0.1314656329586025,0.349009900990099,-0.197207118838933,2.358764666886484e-05,0.2358764666886484,0.4077352639677353,0.6835040671309422,NQ.v.0
replication,timing_rROD,executable_next_open,r_LH_executable,3,2424,2424,1.0,-1.9759062537565236e-05,-0.0049792837594664,-0.4979283759466439,0.0511616302254887,5.116163022548874,-0.0973245719012635,0.4595709570957095,-0.2881300429640892,-1.9759062537565236e-05,-0.1975906253756523,-0.301848164586134,0.7627937167932732,NQ.v.0
replication,always_long,executable_next_open,r_LH_executable,3,2424,2424,1.0,-0.0002279484567371,-0.0574430110977629,-5.744301109776295,0.0511975833588118,5.119758335881184,-1.1219867683046838,0.4694719471947194,-0.4531627539389614,-0.0002279484567371,-2.279484567371546,-3.4797959044328417,0.0005106598489521,NQ.v.0
oos,timing_rONFH,paper_statistical,r_LH,0,1224,1224,1.0,-0.000194151301201,-0.0489261279026669,-4.892612790266695,0.0482238018657538,4.822380186575386,-1.0145638877429912,0.4754901960784313,-0.2379172964605197,-0.000194151301201,-1.9415130120105937,-2.2359899053763277,0.0255322416190706,NQ.v.0
oos,timing_agree_ONFH_ROD,paper_statistical,r_LH,0,1224,906,0.7401960784313726,-0.0001040069371233,-0.0262097481550925,-2.620974815509251,0.0405110327172761,4.0511032717276185,-0.646978030355548,0.3545751633986928,-0.1474540955146609,-0.0001040069371233,-1.0400693712338296,-1.425870132331899,0.1541610174053798,NQ.v.0
oos,timing_rROD,paper_statistical,r_LH,0,1224,1224,1.0,-2.0088677875763587e-05,-0.0050623468246924,-0.5062346824692423,0.0483212181737994,4.832121817379949,-0.1047644702682041,0.4926470588235294,-0.1828058370978956,-2.0088677875763587e-05,-0.2008867787576358,-0.2308896470609878,0.8174391520956013,NQ.v.0
oos,always_long,paper_statistical,r_LH,0,1224,1224,1.0,-3.720704404656884e-05,-0.0093761750997353,-0.9376175099735348,0.0483186585057807,4.8318658505780725,-0.1940487461714941,0.4820261437908497,-0.0976155642856591,-3.720704404656884e-05,-0.3720704404656884,-0.4276626073845703,0.6689720668321271,NQ.v.0
oos,timing_rONFH,paper_statistical,r_LH,1,1224,1224,1.0,-0.0002099873804006,-0.0529168198609671,-5.291681986096711,0.0482247714503416,4.822477145034163,-1.0972953996362018,0.4730392156862745,-0.2506637506505332,-0.0002099873804006,-2.099873804006631,-2.418321277194877,0.01573762103296,NQ.v.0
oos,timing_agree_ONFH_ROD,paper_statistical,r_LH,1,1224,906,0.7401960784313726,-0.0001157599642743,-0.0291715109971252,-2.917151099712522,0.0405123208216614,4.051232082166148,-0.7200651654971971,0.352124183006536,-0.1585665243111755,-0.0001157599642743,-1.157599642743064,-1.586946333016661,0.1127832916916933,NQ.v.0
oos,timing_rROD,paper_statistical,r_LH,1,1224,1224,1.0,-3.592475707536735e-05,-0.0090530387829925,-0.9053038782992572,0.0483176663759928,4.831766637599285,-0.187364983907639,0.4901960784313725,-0.1902075665145517,-3.592475707536735e-05,-0.3592475707536735,-0.4129323127895582,0.6797285881281052,NQ.v.0
oos,always_long,paper_statistical,r_LH,1,1224,1224,1.0,-5.3043123246172606e-05,-0.0133668670580354,-1.3366867058035496,0.0483189401364189,4.831894013641899,-0.2766382503485545,0.4787581699346405,-0.1051388365662685,-5.3043123246172606e-05,-0.5304312324617261,-0.6096810094398222,0.5421863877353537,NQ.v.0
oos,timing_rONFH,paper_statistical,r_LH,2,1224,1224,1.0,-0.0002258234596002,-0.0569075118192672,-5.690751181926725,0.0482258068960066,4.822580689600669,-1.1800219733384998,0.4714052287581699,-0.2631972213282993,-0.0002258234596002,-2.258234596002669,-2.6006417657707206,0.0094171654840538,NQ.v.0
oos,timing_agree_ONFH_ROD,paper_statistical,r_LH,2,1224,906,0.7401960784313726,-0.0001275129914252,-0.0321332738391579,-3.2133273839157948,0.0405139699117148,4.05139699117148,-0.7931405860541566,0.3504901960784313,-0.1696751064525027,-0.0001275129914252,-1.2751299142522996,-1.7479967160142107,0.0807155262976495,NQ.v.0
oos,timing_rROD,paper_statistical,r_LH,2,1224,1224,1.0,-5.176083627497112e-05,-0.0130437307412927,-1.304373074129272,0.0483141800771431,4.831418007714313,-0.269977276246142,0.4885620915032679,-0.1975423568848036,-5.176083627497112e-05,-0.5176083627497112,-0.59500093750655,0.5519529126036766,NQ.v.0
oos,always_long,paper_statistical,r_LH,2,1224,1224,1.0,-6.887920244577639e-05,-0.0173575590163356,-1.7357559016335649,0.048319287518531,4.831928751853106,-0.3592263029474266,0.4763071895424836,-0.1166692436007778,-6.887920244577639e-05,-0.6887920244577639,-0.7916962123725592,0.4286913508436611,NQ.v.0
oos,timing_rONFH,paper_statistical,r_LH,3,1224,1224,1.0,-0.0002416595387998,-0.0608982037775674,-6.089820377756741,0.0482269081985069,4.822690819850692,-1.2627432703523962,0.468954248366013,-0.2755490961265056,-0.0002416595387998,-2.416595387998707,-2.782950625091726,0.0054695931712074,NQ.v.0
oos,timing_agree_ONFH_ROD,paper_statistical,r_LH,3,1224,906,0.7401960784313726,-0.0001392660185761,-0.0350950366811906,-3.5095036681190654,0.0405159799433574,4.051597994335741,-0.8662023411566153,0.3488562091503268,-0.1806372134061535,-0.0001392660185761,-1.392660185761534,-1.9090169818168887,0.0564937452966187,NQ.v.0
oos,timing_rROD,paper_statistical,r_LH,3,1224,1224,1.0,-6.759691547457491e-05,-0.0170344226995928,-1.7034422699592875,0.0483107592914303,4.831075929143032,-0.352601013716929,0.4852941176470588,-0.2048108126626376,-6.759691547457491e-05,-0.6759691547457491,-0.777094786066576,0.4372531278977547,NQ.v.0
oos,always_long,paper_statistical,r_LH,3,1224,1224,1.0,-8.471528164538017e-05,-0.0213482509746358,-2.13482509746358,0.0483197006506988,4.831970065069884,-0.4418125668650442,0.4738562091503268,-0.1316947542283391,-8.471528164538017e-05,-0.8471528164538017,-0.9737074732438084,0.330394349138239,NQ.v.0
oos,timing_rONFH,executable_next_open,r_LH_executable,0,1224,1224,1.0,-0.0001952668690868,-0.0492072510098933,-4.920725100989331,0.0482370591993407,4.823705919934071,-1.0201129966597522,0.4754901960784313,-0.2384360716033776,-0.0001952668690868,-1.952668690868782,-2.2482195457879475,0.0247397111844818,NQ.v.0
oos,timing_agree_ONFH_ROD,executable_next_open,r_LH_executable,0,1224,906,0.7401960784313726,-0.00010501216348,-0.026463065196985,-2.6463065196985087,0.0405298276325947,4.05298276325947,-0.6529281455838981,0.3545751633986928,-0.1481051541378829,-0.00010501216348,-1.0501216348009956,-1.438983547610274,0.1504110553993518,NQ.v.0
oos,timing_rROD,executable_next_open,r_LH_executable,0,1224,1224,1.0,-2.1005804388006686e-05,-0.0052934627057776,-0.5293462705777685,0.0483354838417795,4.833548384177959,-0.1095150453671923,0.4926470588235294,-0.1826996347024474,-2.1005804388006686e-05,-0.2100580438800668,-0.2413594046527941,0.8093170318473346,NQ.v.0
oos,always_long,executable_next_open,r_LH_executable,0,1224,1224,1.0,-3.713371483900373e-05,-0.0093576961394289,-0.935769613942894,0.0483330374840412,4.833303748404125,-0.1936086914156531,0.4803921568627451,-0.0971945390775118,-3.713371483900373e-05,-0.3713371483900373,-0.4266927739381403,0.6696782116707554,NQ.v.0
oos,timing_rONFH,executable_next_open,r_LH_executable,1,1224,1224,1.0,-0.0002111029413641,-0.0531979412237584,-5.319794122375844,0.0482380239896811,4.823802398968116,-1.1028217332272623,0.4738562091503268,-0.2511738461022287,-0.0002111029413641,-2.111029413641208,-2.4305007232333544,0.015221006372494,NQ.v.0
oos,timing_agree_ONFH_ROD,executable_next_open,r_LH_executable,1,1224,906,0.7401960784313726,-0.0001167651793603,-0.0294248251988094,-2.9424825198809454,0.0405311390009128,4.053113900091287,-0.725980713202921,0.3537581699346405,-0.1593516592503914,-0.0001167651793603,-1.1676517936035498,-1.599983565185644,0.1098605029360024,NQ.v.0
oos,timing_rROD,executable_next_open,r_LH_executable,1,1224,1224,1.0,-3.684187666524921e-05,-0.0092841529196428,-0.9284152919642802,0.0483319345338991,4.833193453389917,-0.1920914817330777,0.4918300653594771,-0.1901023252036117,-3.684187666524921e-05,-0.3684187666524921,-0.423349006654914,0.6721150791512429,NQ.v.0
oos,always_long,executable_next_open,r_LH_executable,1,1224,1224,1.0,-5.296978711624625e-05,-0.013348386353294,-1.3348386353294055,0.0483333607026411,4.8333360702641155,-0.2761733543714588,0.4795751633986928,-0.1047213214887853,-5.296978711624625e-05,-0.5296978711624625,-0.6086564286082013,0.5428652214895298,NQ.v.0
oos,timing_rONFH,executable_next_open,r_LH_executable,2,1224,1224,1.0,-0.0002269390136413,-0.0571886314376235,-5.718863143762356,0.0482390546216316,4.823905462163167,-1.1855255432800014,0.4714052287581699,-0.2636987821656423,-0.0002269390136413,-2.269390136413633,-2.6127710431690185,0.0090912654479249,NQ.v.0
oos,timing_agree_ONFH_ROD,executable_next_open,r_LH_executable,2,1224,906,0.7401960784313726,-0.0001285181952406,-0.0323865852006338,-3.238658520063381,0.0405328111832772,4.0532811183277255,-0.7990214410293762,0.3513071895424836,-0.1704498730300331,-0.0001285181952406,-1.2851819524061037,-1.760957489129077,0.0784954803145336,NQ.v.0
oos,timing_rROD,executable_next_open,r_LH_executable,2,1224,1224,1.0,-5.2677948942491755e-05,-0.0132748431335079,-1.327484313350792,0.0483284507044313,4.83284507044313,-0.2746796750157507,0.4885620915032679,-0.1974380679741416,-5.2677948942491755e-05,-0.5267794894249176,-0.6053645196396474,0.5450491336777485,NQ.v.0
oos,always_long,executable_next_open,r_LH_executable,2,1224,1224,1.0,-6.880585939348882e-05,-0.0173390765671591,-1.7339076567159182,0.0483337496509514,4.8333749650951425,-0.3587364252178989,0.4779411764705882,-0.1172323393796166,-6.880585939348882e-05,-0.6880585939348881,-0.7906165744401177,0.4293210519278017,NQ.v.0
oos,timing_rONFH,executable_next_open,r_LH_executable,3,1224,1224,1.0,-0.0002427750859186,-0.0611793216514886,-6.117932165148867,0.0482401510909721,4.824015109097218,-1.26822408860444,0.4697712418300653,-0.2760144326320507,-0.0002427750859186,-2.4277508591860584,-2.795029760208623,0.0052706154997241,NQ.v.0
oos,timing_agree_ONFH_ROD,executable_next_open,r_LH_executable,3,1224,906,0.7401960784313726,-0.0001402712111208,-0.0353483452024581,-3.534834520245816,0.0405348441350338,4.053484413503389,-0.8720483810102261,0.349673202614379,-0.1814017483764687,-0.0001402712111208,-1.4027121112086571,-1.9219010261407816,0.0548503421225705,NQ.v.0
oos,timing_rROD,executable_next_open,r_LH_executable,3,1224,1224,1.0,-6.851402121973428e-05,-0.017265533347373,-1.726553334737304,0.0483250323675373,4.832503236753732,-0.3572792919425188,0.4869281045751634,-0.2047074675463788,-6.851402121973428e-05,-0.6851402121973428,-0.787405209109753,0.43119726590978,NQ.v.0
oos,always_long,executable_next_open,r_LH_executable,3,1224,1224,1.0,-8.464193167073135e-05,-0.0213297667810242,-2.1329766781024295,0.0483342043273852,4.833420432738529,-0.441297567175203,0.4754901960784313,-0.1322482717132638,-8.464193167073135e-05,-0.8464193167073134,-0.9725724692074252,0.3309581444299656,NQ.v.0
replication,timing_rONFH,paper_statistical,r_LH,0,2396,2396,1.0,0.0001027424816213,0.0258911053685754,2.5891105368575413,0.0249064880255031,2.4906488025503175,1.0395325644492324,0.5204507512520868,-0.0322820418103013,0.0001027424816213,1.0274248162133102,3.205392637657765,0.0013665300346477,GC.v.0
replication,timing_agree_ONFH_ROD,paper_statistical,r_LH,0,2396,1897,0.7917362270450752,0.0001019372885319,0.0256881967100518,2.56881967100518,0.0219783351805509,2.1978335180550954,1.1687962941243963,0.4148580968280467,-0.0362768232670085,0.0001019372885319,1.019372885319516,3.6039765989370167,0.0003197760788409,GC.v.0
replication,timing_rROD,paper_statistical,r_LH,0,2396,2396,1.0,0.000102260422917,0.0257696265750885,2.5769626575088536,0.0249069881693504,2.49069881693504,1.034634392559742,0.5121035058430717,-0.0509426749315513,0.000102260422917,1.02260422917018,3.1902891530248683,0.001439681599844,GC.v.0
replication,always_long,paper_statistical,r_LH,0,2396,2396,1.0,-2.6084505133278735e-05,-0.0065732952935862,-0.6573295293586242,0.0249564188162421,2.4956418816242154,-0.263390967349378,0.4924874791318864,-0.08814412715444,-2.6084505133278735e-05,-0.2608450513327874,-0.8121645212861294,0.4167779493134227,GC.v.0
replication,timing_rONFH,paper_statistical,r_LH,1,2396,2396,1.0,2.8391303388479175e-05,0.0071546084538967,0.7154608453896752,0.0249135352045625,2.4913535204562507,0.2871775681432197,0.5041736227045075,-0.0712867745409099,2.8391303388479175e-05,0.2839130338847918,0.8855103669738794,0.3759703266268157,GC.v.0
replication,timing_agree_ONFH_ROD,paper_statistical,r_LH,1,2396,1897,0.7917362270450752,4.290592653841883e-05,0.0108122934876815,1.0812293487681546,0.0219737869770259,2.197378697702591,0.4920541688597437,0.4015025041736227,-0.0569926042372062,4.290592653841883e-05,0.4290592653841882,1.5172461778794617,0.1293365181370789,GC.v.0
replication,timing_rROD,paper_statistical,r_LH,1,2396,2396,1.0,2.7909244684166188e-05,0.0070331296604098,0.7033129660409879,0.0249145040763708,2.49145040763708,0.28229057415115,0.494991652754591,-0.0791795048675659,2.7909244684166188e-05,0.2790924468416619,0.8704413493228954,0.3841464917772015,GC.v.0
replication,always_long,paper_statistical,r_LH,1,2396,2396,1.0,-0.0001004356833661,-0.0253097922082649,-2.5309792208264903,0.0249573266278968,2.495732662789687,-1.0141227297948672,0.4778797996661101,-0.2229272270966388,-0.0001004356833661,-1.0043568336613056,-3.127041559768871,0.0017869513274035,GC.v.0
replication,timing_rONFH,paper_statistical,r_LH,2,2396,2396,1.0,-4.595987484437264e-05,-0.0115818884607819,-1.1581888460781906,0.0249214265821333,2.4921426582133375,-0.4647361748177439,0.4837228714524207,-0.1893026367862905,-4.595987484437264e-05,-0.4595987484437264,-1.433011301577921,0.1519851245780337,GC.v.0
replication,timing_agree_ONFH_ROD,paper_statistical,r_LH,2,2396,1897,0.7917362270450752,-1.6125435455113925e-05,-0.0040636097346887,-0.4063609734688709,0.0219805159567034,2.1980515956703446,-0.1848732642442554,0.3852253756260434,-0.1219505720112814,-1.6125435455113925e-05,-0.1612543545511392,-0.570055638826729,0.5686934305738074,GC.v.0
replication,timing_rROD,paper_statistical,r_LH,2,2396,2396,1.0,-4.644193354868565e-05,-0.0117033672542687,-1.1703367254268784,0.0249228638593176,2.4922863859317603,-0.4695835647271889,0.4732888146911519,-0.1757571325302631,-4.644193354868565e-05,-0.4644193354868565,-1.447958200269665,0.1477596308230224,GC.v.0
replication,always_long,paper_statistical,r_LH,2,2396,2396,1.0,-0.0001747868615989,-0.0440462891229435,-4.404628912294356,0.0249590793212935,2.495907932129351,-1.7647401394876792,0.4528380634390651,-0.3459877422885263,-0.0001747868615989,-1.7478686159898238,-5.441565992201489,5.8184436380059885e-08,GC.v.0
replication,timing_rONFH,paper_statistical,r_LH,3,2396,2396,1.0,-0.0001203110530772,-0.0303183853754605,-3.0318385375460575,0.0249301613565495,2.4930161356549596,-1.2161327374439717,0.4532554257095159,-0.2978469837284371,-0.0001203110530772,-1.2031105307722452,-3.749938247564986,0.0001810698974489,GC.v.0
replication,timing_agree_ONFH_ROD,paper_statistical,r_LH,3,2396,1897,0.7917362270450752,-7.515679744864669e-05,-0.0189395129570589,-1.8939512957058968,0.0219985117710764,2.1998511771076408,-0.8609451927543842,0.3610183639398998,-0.2061210188171534,-7.515679744864669e-05,-0.751567974486467,-2.6547195120759706,0.0079899820799238,GC.v.0
replication,timing_rROD,paper_statistical,r_LH,3,2396,2396,1.0,-0.0001207931117815,-0.0304398641689474,-3.0439864168947453,0.0249320666693298,2.493206666932985,-1.2209121920242982,0.4453255425709516,-0.2896677618090492,-0.0001207931117815,-1.207931117815375,-3.7646756680631266,0.0001707768070982,GC.v.0
replication,always_long,paper_statistical,r_LH,3,2396,2396,1.0,-0.0002491380398318,-0.0627827860376222,-6.278278603762224,0.024961676718461,2.4961676718461017,-2.515167019657365,0.4248747913188648,-0.4521786777776896,-0.0002491380398318,-2.4913803983183427,-7.755502927953797,1.2878587085651816e-14,GC.v.0
replication,timing_rONFH,executable_next_open,r_LH_executable,0,2396,2396,1.0,0.0001033476621464,0.0260436108608997,2.604361086089978,0.0248753874414893,2.487538744148935,1.0469630240798569,0.5171118530884808,-0.0309767464176015,0.0001033476621464,1.0334766214642772,3.2283044168640624,0.0012620865128842,GC.v.0
replication,timing_agree_ONFH_ROD,executable_next_open,r_LH_executable,0,2396,1897,0.7917362270450752,0.0001012250099968,0.0255087025192077,2.5508702519207715,0.0219498000551095,2.194980005510958,1.162138263454007,0.412771285475793,-0.0358020892058423,0.0001012250099968,1.0122500999685602,3.5834465999528353,0.0003458577162309,GC.v.0
replication,timing_rROD,executable_next_open,r_LH_executable,0,2396,2396,1.0,0.0001000783137217,0.0252197350578805,2.521973505788052,0.0248787573661067,2.487875736610671,1.0137055756747055,0.5087646076794657,-0.0520877252687027,0.0001000783137217,1.000783137217481,3.1257552674570537,0.0017947530903565,GC.v.0
replication,always_long,executable_next_open,r_LH_executable,0,2396,2396,1.0,-2.944012675895219e-05,-0.0074189119432559,-0.7418911943255952,0.0249250690184745,2.4925069018474524,-0.2976486018055571,0.4895659432387312,-0.0936215941206584,-2.944012675895219e-05,-0.2944012675895219,-0.9177977385847012,0.3588171802806954,GC.v.0
replication,timing_rONFH,executable_next_open,r_LH_executable,1,2396,2396,1.0,2.8996729163723966e-05,0.0073071757492584,0.7307175749258439,0.0248824992315864,2.4882499231586426,0.2936672751900476,0.5008347245409015,-0.0707458099533496,2.8996729163723966e-05,0.2899672916372396,0.905521341040362,0.3652803429512672,GC.v.0
replication,timing_agree_ONFH_ROD,executable_next_open,r_LH_executable,1,2396,1897,0.7917362270450752,4.219383025250732e-05,0.0106328452236318,1.0632845223631846,0.0219453159059347,2.194531590593475,0.4845154778909502,0.3989983305509182,-0.0556130244993932,4.219383025250732e-05,0.4219383025250732,1.4940006679691968,0.1353071745549348,GC.v.0
replication,timing_rROD,executable_next_open,r_LH_executable,1,2396,2396,1.0,2.5727380739044363e-05,0.0064832999462391,0.6483299946239179,0.0248861524570356,2.4886152457035653,0.260518372915708,0.4929048414023372,-0.0779013032992667,2.5727380739044363e-05,0.2572738073904436,0.8033068929986106,0.421877089424,GC.v.0
replication,always_long,executable_next_open,r_LH_executable,1,2396,2396,1.0,-0.0001037910597416,-0.0261553470548972,-2.615534705489729,0.0249259398605541,2.49259398605541,-1.0493224007287587,0.4757929883138564,-0.2275950595586304,-0.0001037910597416,-1.0379105974165592,-3.235579541086706,0.0012304978979638,GC.v.0
replication,timing_rONFH,executable_next_open,r_LH_executable,2,2396,2396,1.0,-4.5354203818979773e-05,-0.0114292593623829,-1.1429259362382902,0.0248904562361484,2.4890456236148477,-0.4591823972187443,0.4833055091819699,-0.1878700486890421,-4.5354203818979773e-05,-0.4535420381897977,-1.4158862605394484,0.1569388383298449,GC.v.0
replication,timing_agree_ONFH_ROD,executable_next_open,r_LH_executable,2,2396,1897,0.7917362270450752,-1.6837349491841363e-05,-0.004243012071944,-0.4243012071944023,0.0219521234981943,2.195212349819435,-0.1932848123915223,0.3835559265442404,-0.122936305847393,-1.6837349491841363e-05,-0.1683734949184136,-0.5959925987879962,0.5512364904770171,GC.v.0
replication,timing_rROD,executable_next_open,r_LH_executable,2,2396,2396,1.0,-4.86235522436594e-05,-0.0122531351654021,-1.2253135165402167,0.0248943924636867,2.489439246368678,-0.4922046273382933,0.4703672787979966,-0.1777401050506524,-4.86235522436594e-05,-0.4862355224365939,-1.5177101157260569,0.1292194732455229,GC.v.0
replication,always_long,executable_next_open,r_LH_executable,2,2396,2396,1.0,-0.0001781419927243,-0.0448917821665386,-4.4891782166538645,0.0249276566543313,2.4927656654331374,-1.8008825614476018,0.4494991652754591,-0.3512188966949052,-0.0001781419927243,-1.7814199272435969,-5.553010940844185,3.1179095083544446e-08,GC.v.0
replication,timing_rONFH,executable_next_open,r_LH_executable,3,2396,2396,1.0,-0.0001197051368016,-0.0301656944740242,-3.016569447402426,0.0248992576448651,2.489925764486517,-1.2115097929534115,0.4499165275459098,-0.2966058730439932,-0.0001197051368016,-1.1970513680168355,-3.7356834250215543,0.0001915789423236,GC.v.0
replication,timing_agree_ONFH_ROD,executable_next_open,r_LH_executable,3,2396,1897,0.7917362270450752,-7.586852923619008e-05,-0.0191188693675199,-1.91188693675199,0.0219702123354645,2.1970212335464585,-0.8702177783078585,0.3585141903171953,-0.2076754182763797,-7.586852923619008e-05,-0.7586852923619009,-2.683311475888962,0.0073398518816083,GC.v.0
replication,timing_rROD,executable_next_open,r_LH_executable,3,2396,2396,1.0,-0.0001229744852263,-0.0309895702770435,-3.0989570277043517,0.0249034765473686,2.4903476547368624,-1.244387313478044,0.4403171953255426,-0.293593899470838,-0.0001229744852263,-1.2297448522636316,-3.837061069010933,0.0001277356341446,GC.v.0
replication,always_long,executable_next_open,r_LH_executable,3,2396,2396,1.0,-0.000252492925707,-0.06362821727818,-6.362821727817999,0.0249302192250395,2.4930219225039583,-2.5522526177496525,0.422787979966611,-0.456560457919974,-0.000252492925707,-2.5249292570706348,-7.869856154734273,5.3290705182007506e-15,GC.v.0
oos,timing_rONFH,paper_statistical,r_LH,0,1226,1226,1.0,5.188723609571662e-05,0.0130755834961205,1.3075583496120586,0.0195417484260056,1.954174842600568,0.6691102152722385,0.5081566068515497,-0.0389130039368518,5.188723609571662e-05,0.5188723609571662,1.4758513775115856,0.1402407798237477,GC.v.0
oos,timing_agree_ONFH_ROD,paper_statistical,r_LH,0,1226,972,0.7928221859706363,3.682107353166898e-05,0.0092789105299805,0.9278910529980584,0.0176072428016398,1.7607242801639795,0.5269939555281432,0.399673735725938,-0.0372305826439349,3.682107353166898e-05,0.3682107353166898,1.1623866105377618,0.2453048622647538,GC.v.0
oos,timing_rROD,paper_statistical,r_LH,0,1226,1226,1.0,1.9154570536742667e-05,0.0048269517752591,0.4826951775259152,0.019556748390529,1.9556748390529053,0.2468177060352604,0.4942903752039151,-0.0416172315213891,1.9154570536742667e-05,0.1915457053674266,0.5444039608604406,0.5862625997938968,GC.v.0
oos,always_long,paper_statistical,r_LH,0,1226,1226,1.0,-5.183758744937329e-06,-0.0013063072037242,-0.1306307203724206,0.0195589407730985,1.9558940773098548,-0.0667882386310463,0.4869494290375203,-0.0729755875119085,-5.183758744937329e-06,-0.0518375874493732,-0.1473143164390302,0.8829081741558631,GC.v.0
oos,timing_rONFH,paper_statistical,r_LH,1,1226,1226,1.0,5.178840194642684e-06,0.0013050677290499,0.1305067729049956,0.0195488525405691,1.9548852540569113,0.0667593009022698,0.49836867862969,-0.0596016952425528,5.178840194642684e-06,0.0517884019464268,0.14725048870796,0.8829585412217522,GC.v.0
oos,timing_agree_ONFH_ROD,paper_statistical,r_LH,1,1226,972,0.7928221859706363,-2.0667453889099913e-08,-5.2081983800531784e-06,-0.0005208198380053,0.0176122704005653,1.7612270400565326,-0.0002957141959327,0.3915171288743883,-0.0536999959922654,-2.0667453889099913e-08,-0.0002066745388909,-0.000652254581466,0.9994796823747614,GC.v.0
oos,timing_rROD,paper_statistical,r_LH,1,1226,1226,1.0,-2.7553825364331248e-05,-0.0069435639918114,-0.6943563991811474,0.0195640514740961,1.956405147409615,-0.3549144205128025,0.4836867862969005,-0.0672207259917074,-2.7553825364331248e-05,-0.2755382536433124,-0.7828320722908538,0.4338770360115624,GC.v.0
oos,always_long,paper_statistical,r_LH,1,1226,1226,1.0,-5.1892154646011265e-05,-0.0130768229707948,-1.307682297079484,0.0195467058137509,1.9546705813750984,-0.6690039280989933,0.4804241435562806,-0.1042945497956853,-5.1892154646011265e-05,-0.5189215464601127,-1.475616940691664,0.1403037318975524,GC.v.0
oos,timing_rONFH,paper_statistical,r_LH,2,1226,1226,1.0,-4.152955570643125e-05,-0.0104654480380206,-1.0465448038020675,0.0195573647190199,1.9557364719019936,-0.53511545079705,0.4730831973898858,-0.0814385833737304,-4.152955570643125e-05,-0.4152955570643125,-1.180300131668497,0.238110002078298,GC.v.0
oos,timing_agree_ONFH_ROD,paper_statistical,r_LH,2,1226,972,0.7928221859706363,-3.686240843944718e-05,-0.0092893269267406,-0.928932692674069,0.0176236368437412,1.7623636843741248,-0.5270947766969929,0.3711256117455138,-0.0722314928497471,-3.686240843944718e-05,-0.3686240843944718,-1.1626089910328326,0.2452146184551109,GC.v.0
oos,timing_rROD,paper_statistical,r_LH,2,1226,1226,1.0,-7.426222126540521e-05,-0.0187140797588821,-1.8714079758882112,0.0195727613673681,1.9572761367368103,-0.9561287448219956,0.4584013050570962,-0.110014684743942,-7.426222126540521e-05,-0.7426222126540521,-2.108925992932023,0.0351535059579921,GC.v.0
oos,always_long,paper_statistical,r_LH,2,1226,1226,1.0,-9.86005505470852e-05,-0.0248473387378654,-2.484733873786547,0.01953587538774,1.953587538774003,-1.2718825363443254,0.4608482871125611,-0.1404714529690424,-9.86005505470852e-05,-0.986005505470852,-2.8053817599137525,0.0051051931848224,GC.v.0
oos,timing_rONFH,paper_statistical,r_LH,3,1226,1226,1.0,-8.823795160750519e-05,-0.0222359638050913,-2.2235963805091306,0.0195672831237462,1.9567283123746295,-1.136384835056962,0.4543230016313214,-0.1204005324415248,-8.823795160750519e-05,-0.8823795160750518,-2.5065154976295245,0.0123215146023965,GC.v.0
oos,timing_agree_ONFH_ROD,paper_statistical,r_LH,3,1226,972,0.7928221859706363,-7.370414942500527e-05,-0.0185734456551013,-1.8573445655101328,0.0176413298786749,1.7641329878674954,-1.052837047027454,0.3539967373572594,-0.1040024543793169,-7.370414942500527e-05,-0.7370414942500527,-2.3222347689289067,0.0203835501522433,GC.v.0
oos,timing_rROD,paper_statistical,r_LH,3,1226,1226,1.0,-0.0001209706171664,-0.0304845955259527,-3.0484595525952742,0.0195828761932209,1.9582876193220995,-1.556696535542904,0.4347471451876019,-0.1580114934083116,-0.0001209706171664,-1.2097061716647914,-3.433593859292302,0.000615531019195,GC.v.0
oos,always_long,paper_statistical,r_LH,3,1226,1226,1.0,-0.0001453089464481,-0.0366178545049361,-3.6617854504936105,0.0195264518321562,1.9526451832156224,-1.87529484719972,0.4298531810766721,-0.1753115070602943,-0.0001453089464481,-1.4530894644815917,-4.1363237629753105,3.769872122605378e-05,GC.v.0
oos,timing_rONFH,executable_next_open,r_LH_executable,0,1226,1226,1.0,5.1497152455559995e-05,0.0129772824188011,1.297728241880112,0.0195197774532939,1.9519777453293907,0.664827375714329,0.5097879282218597,-0.0381293966200245,5.1497152455559995e-05,0.5149715245555999,1.4664047504583282,0.1427947011273407,GC.v.0
oos,timing_agree_ONFH_ROD,executable_next_open,r_LH_executable,0,1226,972,0.7928221859706363,3.714746382193421e-05,0.0093611608831274,0.9361160883127418,0.0176023409689404,1.7602340968940433,0.5318134047991294,0.4021207177814029,-0.0367855574235941,3.714746382193421e-05,0.371474638219342,1.1730168336057782,0.2410170925282693,GC.v.0
oos,timing_rROD,executable_next_open,r_LH_executable,0,1226,1226,1.0,2.0290557283079052e-05,0.0051132204353359,0.5113220435335921,0.0195342446917351,1.9534244691735196,0.261756751593231,0.497553017944535,-0.0415259324167809,2.0290557283079052e-05,0.2029055728307905,0.5773549014711272,0.5638058255202467,GC.v.0
oos,always_long,executable_next_open,r_LH_executable,0,1226,1226,1.0,-7.75767670192997e-06,-0.0019549345288863,-0.1954934528886352,0.0195365138223898,1.953651382238983,-0.1000656794072389,0.4918433931484502,-0.074949515235422,-7.75767670192997e-06,-0.0775767670192997,-0.2207141176804772,0.8253518178377317,GC.v.0
oos,timing_rONFH,executable_next_open,r_LH_executable,1,1226,1226,1.0,4.788853013164459e-06,0.0012067909593174,0.1206790959317443,0.0195267753270743,1.9526775327074368,0.0618018561233813,0.49836867862969,-0.0588347821729779,4.788853013164459e-06,0.0478885301316445,0.136315889984365,0.8915939606057806,GC.v.0
oos,timing_agree_ONFH_ROD,executable_next_open,r_LH_executable,1,1226,972,0.7928221859706363,3.057753152373173e-07,7.705537943980396e-05,0.0077055379439803,0.0176073026211187,1.7607302621118766,0.0043763307246949,0.3939641109298532,-0.0532611048432141,3.057753152373173e-07,0.0030577531523731,0.009652839817816,0.99229983946526,GC.v.0
oos,timing_rROD,executable_next_open,r_LH_executable,1,1226,1226,1.0,-2.641774215931649e-05,-0.0066572710241477,-0.6657271024147755,0.0195416196036014,1.9541619603601477,-0.3406714059115568,0.4869494290375203,-0.0671317803857562,-2.641774215931649e-05,-0.2641774215931649,-0.7514163619349546,0.4525464489770208,GC.v.0
oos,always_long,executable_next_open,r_LH_executable,1,1226,1226,1.0,-5.446597614432552e-05,-0.01372542598837,-1.372542598837003,0.0195239606054095,1.952396060540955,-0.7030041837191116,0.4804241435562806,-0.1069743951870657,-5.446597614432552e-05,-0.5446597614432552,-1.550611049206778,0.1212532195301376,GC.v.0
oos,timing_rONFH,executable_next_open,r_LH_executable,2,1226,1226,1.0,-4.191944642923108e-05,-0.0105637005001662,-1.056370050016623,0.0195351829511534,1.953518295115348,-0.5407525758310078,0.4755301794453507,-0.0811045672481497,-4.191944642923108e-05,-0.4191944642923108,-1.192733896027014,0.2332045783454741,GC.v.0
oos,timing_agree_ONFH_ROD,executable_next_open,r_LH_executable,2,1226,972,0.7928221859706363,-3.6535913191459545e-05,-0.0092070501242478,-0.9207050124247806,0.0176186049612146,1.7618604961214677,-0.5225754334418681,0.3743882544861338,-0.0720741084204537,-3.6535913191459545e-05,-0.3653591319145954,-1.152640709550521,0.2492827592563458,GC.v.0
oos,timing_rROD,executable_next_open,r_LH_executable,2,1226,1226,1.0,-7.312604160171203e-05,-0.0184277624836314,-1.8427762483631431,0.0195504028909947,1.9550402890994765,-0.942577121626458,0.4641109298531811,-0.1088367792027404,-7.312604160171203e-05,-0.7312604160171203,-2.079035279408072,0.0378217705005254,GC.v.0
oos,always_long,executable_next_open,r_LH_executable,2,1226,1226,1.0,-0.0001011742755867,-0.0254959174478537,-2.549591744785371,0.0195128131883595,1.9512813188359517,-1.3066243806948068,0.4575856443719412,-0.1431889371168961,-0.0001011742755867,-1.0117427558672107,-2.8820115851228763,0.0040203911041689,GC.v.0
oos,timing_rONFH,executable_next_open,r_LH_executable,3,1226,1226,1.0,-8.862774587162663e-05,-0.0223341919596499,-2.233419195964991,0.0195449985062448,1.9544998506244848,-1.142706250528179,0.4551386623164764,-0.120771824807067,-8.862774587162663e-05,-0.8862774587162663,-2.5204585962672033,0.0118464151445343,GC.v.0
oos,timing_agree_ONFH_ROD,executable_next_open,r_LH_executable,3,1226,972,0.7928221859706363,-7.337760169815643e-05,-0.0184911556279354,-1.849115562793542,0.0176362357987719,1.7636235798771993,-1.048475187047735,0.3564437194127243,-0.1039518358985932,-7.337760169815643e-05,-0.7337760169815642,-2.3126138471246236,0.0209089558238984,GC.v.0
oos,timing_rROD,executable_next_open,r_LH_executable,3,1226,1226,1.0,-0.0001198343410441,-0.0301982539431151,-3.019825394311511,0.0195605926567077,1.9560592656707767,-1.5438312362565074,0.4396411092985318,-0.1568162598260308,-0.0001198343410441,-1.198343410441076,-3.4052169652611712,0.0006825178047431,GC.v.0
oos,always_long,executable_next_open,r_LH_executable,3,1226,1226,1.0,-0.0001478825750291,-0.0372664089073373,-3.7266408907337394,0.0195030739817888,1.9503073981788828,-1.910796674520911,0.433931484502447,-0.1779861566743642,-0.0001478825750291,-1.4788257502911664,-4.214629876916256,2.685533499180437e-05,GC.v.0
replication,timing_rONFH,paper_statistical,r_LH,0,2345,2345,1.0,0.0003059507717514,0.0770995944813725,7.709959448137253,0.1254451005946174,12.544510059461746,0.6146082558498955,0.5053304904051172,-0.2887212887775117,0.0003059507717514,3.059507717514783,1.8748630189460584,0.0609358227787657,CL.v.0
replication,timing_agree_ONFH_ROD,paper_statistical,r_LH,0,2345,1800,0.767590618336887,0.0002697411594074,0.0679747721706808,6.797477217068085,0.1147407846861508,11.474078468615083,0.5924203181685699,0.385501066098081,-0.2496676412211343,0.0002697411594074,2.697411594074637,1.807178695754088,0.0708625874917439,CL.v.0
replication,timing_rROD,paper_statistical,r_LH,0,2345,2345,1.0,0.0002437445308106,0.0614236217642712,6.142362176427127,0.1254794562785381,12.547945627853812,0.4895113796789467,0.4963752665245202,-0.2526977567538103,0.0002437445308106,2.437445308106003,1.493254889399768,0.1355050646369371,CL.v.0
replication,always_long,paper_statistical,r_LH,0,2345,2345,1.0,0.0003206699649603,0.08080883117002,8.080883117002,0.1254358321492635,12.543583214926352,0.6442244595137758,0.5304904051172707,-0.2668504972711186,0.0003206699649603,3.206699649603968,1.9652072739775832,0.0495081734102937,CL.v.0
replication,timing_rONFH,paper_statistical,r_LH,1,2345,2345,1.0,0.0001462590597908,0.0368572830672876,3.685728306728768,0.1255310148172064,12.553101481720644,0.2936109703323746,0.4993603411513859,-0.2952728733866718,0.0001462590597908,1.4625905979082412,0.895660520329034,0.3705260687239939,CL.v.0
replication,timing_agree_ONFH_ROD,paper_statistical,r_LH,1,2345,1800,0.767590618336887,0.0001470689910391,0.0370613857418639,3.7061385741863897,0.1148184771822227,11.481847718222276,0.3227824183998329,0.3812366737739872,-0.2542149239694024,0.0001470689910391,1.4706899103914246,0.9846480480269054,0.3248986021570981,CL.v.0
replication,timing_rROD,paper_statistical,r_LH,1,2345,2345,1.0,8.405281884994605e-05,0.0211813103501864,2.1181310350186404,0.1255690443254847,12.556904432548476,0.1686825798823697,0.4899786780383795,-0.2576031449104801,8.405281884994605e-05,0.8405281884994604,0.5145663566210018,0.6069045923078438,CL.v.0
replication,always_long,paper_statistical,r_LH,1,2345,2345,1.0,0.0001609782529997,0.0405665197559351,4.056651975593514,0.1252258658910794,12.52258658910794,0.3239468097686753,0.5253731343283582,-0.3217911557484653,0.0001609782529997,1.6097825299974262,0.9882000249101376,0.3231566898394054,CL.v.0
replication,timing_rONFH,paper_statistical,r_LH,2,2345,2345,1.0,-1.34326521698302e-05,-0.0033850283467972,-0.3385028346797211,0.1256263113827118,12.562631138271184,-0.0269452180004311,0.4818763326226012,-0.3949573151693718,-1.34326521698302e-05,-0.134326521698302,-0.0821964109424296,0.9344975453765664,CL.v.0
replication,timing_agree_ONFH_ROD,paper_statistical,r_LH,2,2345,1800,0.767590618336887,2.439682267082132e-05,0.0061479993130469,0.6147999313046972,0.1149144793777382,11.491447937773824,0.0535006497556998,0.3671641791044776,-0.3018145284363965,2.439682267082132e-05,0.2439682267082132,0.1632037786050254,0.8703720601454081,CL.v.0
replication,timing_rROD,paper_statistical,r_LH,2,2345,2345,1.0,-7.563889311070816e-05,-0.0190610010638984,-1.9061001063898455,0.1256680064710899,12.566800647108993,-0.1516774364387125,0.4716417910447761,-0.3748791184694382,-7.563889311070816e-05,-0.7563889311070816,-0.4626921517581039,0.6436279930833368,CL.v.0
replication,always_long,paper_statistical,r_LH,2,2345,2345,1.0,1.2865410390883347e-06,0.0003242083418502,0.032420834185026,0.1250250335017246,12.50250335017246,0.0025931474103207,0.5104477611940299,-0.4316637308465537,1.2865410390883347e-06,0.0128654103908833,0.0079103984302376,0.993689154195084,CL.v.0
replication,timing_rONFH,paper_statistical,r_LH,3,2345,2345,1.0,-0.0001731243641304,-0.043627339760882,-4.362733976088206,0.1257309689573686,12.573096895736862,-0.346989609025241,0.4665245202558635,-0.5097166180071957,-0.0001731243641304,-1.7312436413048438,-1.0584921040807824,0.289940214337115,CL.v.0
replication,timing_agree_ONFH_ROD,paper_statistical,r_LH,3,2345,1800,0.767590618336887,-9.827534569749985e-05,-0.0247653871157699,-2.476538711576996,0.1150287454292608,11.502874542926088,-0.2152973765240264,0.3552238805970149,-0.389478959389899,-9.827534569749985e-05,-0.9827534569749984,-0.6567648343135594,0.5113966117966293,CL.v.0
replication,timing_rROD,paper_statistical,r_LH,3,2345,2345,1.0,-0.0002353306050713,-0.0593033124779833,-5.930331247798333,0.1257763205884343,12.577632058843433,-0.4714982295597262,0.4562899786780384,-0.5304078940349597,-0.0002353306050713,-2.353306050713624,-1.438305759296481,0.1504808155595294,CL.v.0
replication,always_long,paper_statistical,r_LH,3,2345,2345,1.0,-0.0001584051709215,-0.0399181030722346,-3.991810307223461,0.1248333790650099,12.483337906500998,-0.3197710690138917,0.4959488272921108,-0.5648799354411931,-0.0001584051709215,-1.5840517092156587,-0.9754619241063602,0.3294318360588537,CL.v.0
replication,timing_rONFH,executable_next_open,r_LH_executable,0,2345,2345,1.0,0.0003036276893415,0.0765141777140658,7.651417771406585,0.1256978070971716,12.569780709717165,0.6087152948890826,0.5040511727078891,-0.2906302605086311,0.0003036276893415,3.036276893415312,1.8568865364104588,0.063452664351453,CL.v.0
replication,timing_agree_ONFH_ROD,executable_next_open,r_LH_executable,0,2345,1800,0.767590618336887,0.000268451597138,0.0676498024787885,6.764980247878853,0.115022570149985,11.502257014998502,0.5881437216241628,0.3837953091684435,-0.2516175983349562,0.000268451597138,2.6845159713804976,1.7941329342763583,0.0729207828429483,CL.v.0
replication,timing_rROD,executable_next_open,r_LH_executable,0,2345,2345,1.0,0.0002432468418267,0.0612982041403309,6.129820414033091,0.1257309169912646,12.573091699126469,0.4875348530591699,0.4942430703624733,-0.2542607248796863,0.0002432468418267,2.4324684182670997,1.4872254932273106,0.1370897644406321,CL.v.0
replication,always_long,executable_next_open,r_LH_executable,0,2345,2345,1.0,0.0003238417729582,0.0816081267854757,8.160812678547577,0.1256850868159974,12.568508681599742,0.6493063644452092,0.5309168443496801,-0.2653783392154322,0.0003238417729582,3.238417729582372,1.9807096293902493,0.0477405693733046,CL.v.0
replication,timing_rONFH,executable_next_open,r_LH_executable,1,2345,2345,1.0,0.0001439349582082,0.0362716094684815,3.627160946848152,0.1257846961172985,12.578469611729853,0.2883626592749964,0.4968017057569296,-0.2971676138829306,0.0001439349582082,1.4393495820826,0.8796505428844624,0.3791388202128058,CL.v.0
replication,timing_agree_ONFH_ROD,executable_next_open,r_LH_executable,1,2345,1800,0.767590618336887,0.0001457784228265,0.0367361625522932,3.673616255229321,0.115101160614626,11.510116061462607,0.3191641366266561,0.3782515991471215,-0.2561566115488861,0.0001457784228265,1.4577842282656035,0.9736104763312974,0.3303504430704285,CL.v.0
replication,timing_rROD,executable_next_open,r_LH_executable,1,2345,2345,1.0,8.355411069343882e-05,0.0210556358947465,2.105563589474658,0.1258209683519442,12.582096835194426,0.1673460009928561,0.4869936034115139,-0.2591590066586789,8.355411069343882e-05,0.8355411069343882,0.5104891215562243,0.609756903319445,CL.v.0
replication,always_long,executable_next_open,r_LH_executable,1,2345,2345,1.0,0.0001641490418249,0.0413655585398914,4.136555853989145,0.125474087060464,12.547408706046406,0.3296741144644313,0.5253731343283582,-0.3233163953146238,0.0001641490418249,1.6414904182496606,1.0056711728651229,0.3146775769967553,CL.v.0
replication,timing_rONFH,executable_next_open,r_LH_executable,2,2345,2345,1.0,-1.575777292501108e-05,-0.0039709587771027,-0.3970958777102792,0.1258809493488469,12.588094934884694,-0.031545351362884,0.48272921108742,-0.3974378466023283,-1.575777292501108e-05,-0.1575777292501108,-0.0962291217649628,0.9233468284860183,CL.v.0
replication,timing_agree_ONFH_ROD,executable_next_open,r_LH_executable,2,2345,1800,0.767590618336887,2.310524851507099e-05,0.0058225226257978,0.5822522625797889,0.1151980173512834,11.519801735128349,0.0505436010069752,0.3671641791044776,-0.3055712097573637,2.310524851507099e-05,0.2310524851507099,0.1541832988255308,0.8774784835876734,CL.v.0
replication,timing_rROD,executable_next_open,r_LH_executable,2,2345,2345,1.0,-7.613862043983228e-05,-0.0191869323508377,-1.918693235083773,0.1259203765478013,12.592037654780134,-0.152373530614039,0.4716417910447761,-0.3792717440455773,-7.613862043983228e-05,-0.7613862043983228,-0.4648155876452753,0.6421066971552714,CL.v.0
replication,always_long,executable_next_open,r_LH_executable,2,2345,2345,1.0,4.456310691694954e-06,0.0011229902943071,0.1122990294307128,0.1252722018754818,12.527220187548188,0.0089644013395993,0.5113006396588486,-0.4314110687687943,4.456310691694954e-06,0.0445631069169495,0.0273459140820751,0.9781861642489657,CL.v.0
replication,timing_rONFH,executable_next_open,r_LH_executable,3,2345,2345,1.0,-0.0001754505040582,-0.0442135270226871,-4.4213527022687105,0.125986545329155,12.598654532915509,-0.3509384824163082,0.4669509594882729,-0.5135448352111613,-0.0001754505040582,-1.7545050405828215,-1.0705381457942542,0.284487366856802,CL.v.0
replication,timing_agree_ONFH_ROD,executable_next_open,r_LH_executable,3,2345,1800,0.767590618336887,-9.95679257964183e-05,-0.0250911173006974,-2.5091117300697414,0.115313094331937,11.531309433193709,-0.2175912236685871,0.353091684434968,-0.3927667869978898,-9.95679257964183e-05,-0.995679257964183,-0.6637622170228185,0.5069077896259815,CL.v.0
replication,timing_rROD,executable_next_open,r_LH_executable,3,2345,2345,1.0,-0.0002358313515731,-0.059429500596422,-5.942950059642205,0.126029119437619,12.602911943761905,-0.471553723945822,0.4550106609808102,-0.5324512163210253,-0.0002358313515731,-2.3583135157310333,-1.4384750449695254,0.1504328145844611,CL.v.0
replication,always_long,executable_next_open,r_LH_executable,3,2345,2345,1.0,-0.0001552364204415,-0.0391195779512771,-3.9119577951277185,0.1250794753953202,12.50794753953202,-0.3127577712301536,0.4968017057569296,-0.5634309874560156,-0.0001552364204415,-1.5523642044157615,-0.95406785311816,0.3401476730509087,CL.v.0
oos,timing_rONFH,paper_statistical,r_LH,0,1213,1213,1.0,-0.0002100831763362,-0.0529409604367452,-5.2940960436745215,0.0684121848332303,6.841218483323034,-0.7738527948756553,0.4732069249793899,-0.3149946284142739,-0.0002100831763362,-2.1008317633629052,-1.6978076476131536,0.0898007748753302,CL.v.0
oos,timing_agree_ONFH_ROD,paper_statistical,r_LH,0,1213,915,0.754328112118714,-3.6477942550925096e-05,-0.0091924415228331,-0.9192441522833124,0.0586967576367322,5.869675763673228,-0.1566090171406762,0.3660346248969497,-0.1407230197452417,-3.6477942550925096e-05,-0.3647794255092509,-0.3435950464317232,0.7312104446501881,CL.v.0
oos,timing_rROD,paper_statistical,r_LH,0,1213,1213,1.0,0.0001373952152865,0.0346235942522093,3.4623594252209364,0.0684587260628999,6.845872606289991,0.5057586701277087,0.4987633965375103,-0.0976818566970154,0.0001373952152865,1.373952152865451,1.109617932086757,0.2673838116945901,CL.v.0
oos,always_long,paper_statistical,r_LH,0,1213,1213,1.0,-0.0002969452480598,-0.0748302025110914,-7.483020251109143,0.0683309549807709,6.833095498077089,-1.0951142499347404,0.4732069249793899,-0.3724526836108707,-0.0002969452480598,-2.969452480598866,-2.402644741818243,0.0164266112620525,CL.v.0
oos,timing_rONFH,paper_statistical,r_LH,1,1213,1213,1.0,-0.000344781839098,-0.0868850234527093,-8.688502345270932,0.068401208485688,6.840120848568803,-1.2702264386292057,0.4649629018961253,-0.3734409113382322,-0.000344781839098,-3.4478183909805287,-2.786835139687792,0.0054056256142573,CL.v.0
oos,timing_agree_ONFH_ROD,paper_statistical,r_LH,1,1213,915,0.754328112118714,-0.0001382777418851,-0.0348459909550654,-3.4845990955065473,0.0587128580517979,5.87128580517979,-0.5934984620289392,0.359439406430338,-0.1965812581819425,-0.0001382777418851,-1.3827774188518045,-1.302116157429255,0.1931240801598257,CL.v.0
oos,timing_rROD,paper_statistical,r_LH,1,1213,1213,1.0,2.696552524782782e-06,0.0006795312362452,0.0679531236245261,0.0684764321870986,6.847643218709861,0.0099235782960854,0.4872217642209398,-0.1309906239747558,2.696552524782782e-06,0.0269655252478278,0.0217720052629506,0.9826334091748012,CL.v.0
oos,always_long,paper_statistical,r_LH,1,1213,1213,1.0,-0.0004316439108216,-0.1087742655270555,-10.877426552705552,0.0683103974122139,6.8310397412213915,-1.5923529894089985,0.4657873042044517,-0.4369590971116522,-0.0004316439108216,-4.316439108216489,-3.49357022552677,0.0004937865897549,CL.v.0
oos,timing_rONFH,paper_statistical,r_LH,2,1213,1213,1.0,-0.0004794805018598,-0.1208290864686734,-12.082908646867342,0.0683918850647493,6.839188506474934,-1.7667167143335745,0.4418796372629843,-0.4487452592629521,-0.0004794805018598,-4.794805018598152,-3.876118518436702,0.000111824270716,CL.v.0
oos,timing_agree_ONFH_ROD,paper_statistical,r_LH,2,1213,915,0.754328112118714,-0.0002400775412194,-0.0604995403872978,-6.049954038729781,0.0587448699477112,5.874486994771122,-1.029869339078432,0.3421269579554822,-0.2728282881418173,-0.0002400775412194,-2.4007754121943576,-2.259499547598872,0.0240293182713564,CL.v.0
oos,timing_rROD,paper_statistical,r_LH,2,1213,1213,1.0,-0.0001320021102369,-0.0332645317797188,-3.3264531779718824,0.0684957859123777,6.849578591237777,-0.4856434791809234,0.4690849134377576,-0.2192081101311442,-0.0001320021102369,-1.3200211023697948,-1.065485862979042,0.2868683288627729,CL.v.0
oos,always_long,paper_statistical,r_LH,2,1213,1213,1.0,-0.0005663425735834,-0.1427183285430196,-14.27183285430196,0.0682914907759809,6.829149077598094,-2.089840577813475,0.4468260511129431,-0.5107936437125913,-0.0005663425735834,-5.663425735834112,-4.585041675625318,5.009159534719032e-06,CL.v.0
oos,timing_rONFH,paper_statistical,r_LH,3,1213,1213,1.0,-0.0006141791646215,-0.1547731494846374,-15.477314948463746,0.0683842152464882,6.838421524648823,-2.263287645062003,0.4278647980214344,-0.5301892944504907,-0.0006141791646215,-6.141791646215773,-4.965578851662707,7.829056309915927e-07,CL.v.0
oos,timing_agree_ONFH_ROD,paper_statistical,r_LH,3,1213,915,0.754328112118714,-0.0003418773405536,-0.0861530898195301,-8.615308981953016,0.0587927673336958,5.8792767333695855,-1.4653688493780646,0.3314097279472383,-0.3540995851102823,-0.0003418773405536,-3.4187734055369106,-3.214971187702346,0.0013390007828171,CL.v.0
oos,timing_rROD,paper_statistical,r_LH,3,1213,1213,1.0,-0.0002667007729987,-0.0672085947956829,-6.720859479568291,0.0685167858425589,6.851678584255899,-0.980906999200428,0.4567188788128606,-0.3029940474677597,-0.0002667007729987,-2.667007729987417,-2.152077779996072,0.0315882317088094,CL.v.0
oos,always_long,paper_statistical,r_LH,3,1213,1213,1.0,-0.0007010412363451,-0.1766623915589837,-17.66623915589837,0.0682742364436103,6.827423644361033,-2.587541080813028,0.4344600164880461,-0.5820174559824318,-0.0007010412363451,-7.010412363451735,-5.676980253361321,1.7142361974364917e-08,CL.v.0
oos,timing_rONFH,executable_next_open,r_LH_executable,0,1213,1213,1.0,-0.0002043883867887,-0.0515058734707764,-5.150587347077643,0.068226040480651,6.822604048065108,-0.7549298348243367,0.4748557295960429,-0.3125675856037598,-0.0002043883867887,-2.043883867887953,-1.65629129398188,0.0979216871291384,CL.v.0
oos,timing_agree_ONFH_ROD,executable_next_open,r_LH_executable,0,1213,915,0.754328112118714,-3.5268143458860705e-05,-0.0088875721516328,-0.8887572151632896,0.0586169622378686,5.8616962237868675,-0.1516211658251236,0.3676834295136026,-0.1422788784934416,-3.5268143458860705e-05,-0.352681434588607,-0.3326518642596368,0.7394546154685449,CL.v.0
oos,timing_rROD,executable_next_open,r_LH_executable,0,1213,1213,1.0,0.0001341200239231,0.033798246028641,3.3798246028641024,0.0682699914031348,6.826999140313485,0.4950673836922303,0.5037098103874691,-0.0978843791021244,0.0001341200239231,1.3412002392317868,1.0861616003487622,0.2776234787052178,CL.v.0
oos,always_long,executable_next_open,r_LH_executable,0,1213,1213,1.0,-0.0002920207415889,-0.07358922688041,-7.3589226880410035,0.0681455880933108,6.814558809331086,-1.0798824830691207,0.4756801319043693,-0.3674893446752315,-0.0002920207415889,-2.920207415889287,-2.3692267449558484,0.0179813226245348,CL.v.0
oos,timing_rONFH,executable_next_open,r_LH_executable,1,1213,1213,1.0,-0.0003390877464738,-0.0854501121114174,-8.54501121114174,0.0682149358427016,6.821493584270162,-1.252659861888,0.4649629018961253,-0.3712212134342225,-0.0003390877464738,-3.390877464738786,-2.748294646546077,0.0060795163688711,CL.v.0
oos,timing_agree_ONFH_ROD,executable_next_open,r_LH_executable,1,1213,915,0.754328112118714,-0.0001370684882592,-0.0345412590413411,-3.4541259041341186,0.0586324919422267,5.8632491942226705,-0.5891146341754718,0.3602638087386645,-0.1980367012504954,-0.0001370684882592,-1.3706848825929043,-1.2924981829194744,0.1964310279819567,CL.v.0
oos,timing_rROD,executable_next_open,r_LH_executable,1,1213,1213,1.0,-5.793357619044674e-07,-0.0001459926119999,-0.0145992611999925,0.0682871208730987,6.82871208730987,-0.0021379230832008,0.4905193734542457,-0.1262418131734679,-5.793357619044674e-07,-0.0057933576190446,-0.0046905331152165,0.9962582816660182,CL.v.0
oos,always_long,executable_next_open,r_LH_executable,1,1213,1213,1.0,-0.000426720101274,-0.1075334655210509,-10.753346552105098,0.0681248925627468,6.812489256274684,-1.578475377733721,0.4674361088211047,-0.4323393842360944,-0.000426720101274,-4.267201012740118,-3.4631232007322454,0.00055256342981,CL.v.0
oos,timing_rONFH,executable_next_open,r_LH_executable,2,1213,1213,1.0,-0.0004737871061589,-0.1193943507520583,-11.939435075205834,0.0682054886340877,6.820548863408776,-1.7505094258995952,0.4435284418796372,-0.4442377145819897,-0.0004737871061589,-4.737871061589617,-3.84056025925292,0.0001291032790027,CL.v.0
oos,timing_agree_ONFH_ROD,executable_next_open,r_LH_executable,2,1213,915,0.754328112118714,-0.0002388688330597,-0.0601949459310494,-6.019494593104948,0.0586639555478582,5.866395554785825,-1.0260976330166187,0.3437757625721352,-0.2714055149566242,-0.0002388688330597,-2.3886883305972018,-2.2512245482208253,0.0245498793502458,CL.v.0
oos,timing_rROD,executable_next_open,r_LH_executable,2,1213,1213,1.0,-0.0001352786954469,-0.0340902312526408,-3.409023125264089,0.0683059028453954,6.830590284539544,-0.4990817752574211,0.4699093157460841,-0.2149689954275605,-0.0001352786954469,-1.3527869544698763,-1.0949690437605155,0.2737477449034464,CL.v.0
oos,always_long,executable_next_open,r_LH_executable,2,1213,1213,1.0,-0.000561419460959,-0.1414777041616919,-14.147770416169193,0.0681058524080179,6.810585240801799,-2.077320805179967,0.4476504534212696,-0.5081411487719756,-0.000561419460959,-5.61419460959095,-4.557573705147853,5.69814277451286e-06,CL.v.0
oos,timing_rONFH,executable_next_open,r_LH_executable,3,1213,1213,1.0,-0.000608486465844,-0.1533385893926993,-15.333858939269929,0.0681976995436046,6.819769954360466,-2.2484422556607897,0.4295136026380874,-0.5270017807374092,-0.000608486465844,-6.0848646584404475,-4.933008554283055,9.224357966353124e-07,CL.v.0
oos,timing_agree_ONFH_ROD,executable_next_open,r_LH_executable,3,1213,915,0.754328112118714,-0.0003406691778601,-0.0858486328207577,-8.584863282075776,0.0587113274376686,5.871132743766867,-1.46221583751278,0.3322341302555647,-0.3528359600131102,-0.0003406691778601,-3.4066917786014983,-3.2080535830967367,0.0013713477747958,CL.v.0
oos,timing_rROD,executable_next_open,r_LH_executable,3,1213,1213,1.0,-0.000269978055132,-0.0680344698932818,-6.803446989328187,0.0683263359572743,6.8326335957274384,-0.995728351887989,0.4542456718878813,-0.3057186763805892,-0.000269978055132,-2.6997805513207087,-2.184595341614436,0.0291095784183033,CL.v.0
oos,always_long,executable_next_open,r_LH_executable,3,1213,1213,1.0,-0.0006961188206441,-0.1754219428023329,-17.542194280233293,0.0680884690178445,6.808846901784459,-2.576382540725926,0.4295136026380874,-0.5797511391837589,-0.0006961188206441,-6.961188206441783,-5.652498782438774,1.9700271414180293e-08,CL.v.0
replication,timing_rONFH,paper_statistical,r_LH,0,2379,2379,1.0,1.3458979469194657e-05,0.003391662826237,0.3391662826237053,0.0097671784796468,0.9767178479646876,0.3472510339915152,0.4295922656578394,-0.0263584156694842,1.3458979469194657e-05,0.1345897946919465,1.0669412305984802,0.2861066804251795,ZN.v.0
replication,timing_agree_ONFH_ROD,paper_statistical,r_LH,0,2379,1803,0.7578814627994955,2.48674547696984e-05,0.0062665986019639,0.6266598601963996,0.0079823005049046,0.7982300504904613,0.7850617247638788,0.3287095418242959,-0.0222522910990751,2.48674547696984e-05,0.248674547696984,2.412130247928375,0.015934892204926,ZN.v.0
replication,timing_rROD,paper_statistical,r_LH,0,2379,2379,1.0,3.220346777771068e-05,0.008115273879983,0.811527387998309,0.0097561259273217,0.9756125927321756,0.8318131541595313,0.4367381252627154,-0.027643634488103,3.220346777771068e-05,0.3220346777771068,2.5557756880535565,0.0106568278161398,ZN.v.0
replication,always_long,paper_statistical,r_LH,0,2379,2379,1.0,-1.553863587903866e-05,-0.0039157362415177,-0.3915736241517742,0.0097664001650225,0.9766400165022568,-0.400939565792274,0.416141235813367,-0.04747139392754,-1.553863587903866e-05,-0.1553863587903866,-1.231901166153134,0.2181078037073918,ZN.v.0
replication,timing_rONFH,paper_statistical,r_LH,1,2379,2379,1.0,-0.0001098854178369,-0.027691125294919,-2.769112529491902,0.0097668277621264,0.9766827762126444,-2.835222036196743,0.3724253888188314,-0.2387308819761786,-0.0001098854178369,-1.0988541783698025,-8.711321183261315,0.0,ZN.v.0
replication,timing_agree_ONFH_ROD,paper_statistical,r_LH,1,2379,1803,0.7578814627994955,-6.857490988741122e-05,-0.0172808772916276,-1.7280877291627628,0.0080019856775228,0.800198567752286,-2.1595736343503673,0.2824716267339218,-0.1636533521508332,-6.857490988741122e-05,-0.6857490988741122,-6.6353672860715305,3.9949377139691926e-11,ZN.v.0
replication,timing_rROD,paper_statistical,r_LH,1,2379,2379,1.0,-9.11409295284642e-05,-0.0229675142411729,-2.2967514241172977,0.0097549497389699,0.9754949738969992,-2.3544472145684345,0.3795712484237074,-0.2077150203848045,-9.11409295284642e-05,-0.911409295284642,-7.234123336122851,6.290523657526137e-13,ZN.v.0
replication,always_long,paper_statistical,r_LH,1,2379,2379,1.0,-0.0001388830331852,-0.0349985243626738,-3.499852436267381,0.0097630462014255,0.976304620142556,-3.584795528014962,0.3619167717528373,-0.2829052468387504,-0.0001388830331852,-1.3888303318521356,-11.014412565284594,0.0,ZN.v.0
replication,timing_rONFH,paper_statistical,r_LH,2,2379,2379,1.0,-0.0002332298151431,-0.058773913416075,-5.877391341607509,0.0097669432993734,0.976694329937349,-6.0176363898667455,0.2795292139554434,-0.4287742862604802,-0.0002332298151431,-2.332298151431551,-18.48940318851722,0.0,ZN.v.0
replication,timing_agree_ONFH_ROD,paper_statistical,r_LH,2,2379,1803,0.7578814627994955,-0.0001620172745445,-0.0408283531852192,-4.082835318521925,0.0081092418508271,0.8109241850827111,-5.034792886471244,0.2139554434636401,-0.3213349905403979,-0.0001620172745445,-1.6201727454452084,-15.469581346822888,0.0,ZN.v.0
replication,timing_rROD,paper_statistical,r_LH,2,2379,2379,1.0,-0.0002144853268346,-0.054050302362329,-5.405030236232905,0.0097542402833981,0.9754240283398168,-5.541210877727024,0.2854140395124002,-0.4007420484303391,-0.0002144853268346,-2.144853268346391,-17.025568750451047,0.0,ZN.v.0
replication,always_long,paper_statistical,r_LH,2,2379,2379,1.0,-0.0002622274304913,-0.0660813124838298,-6.608131248382988,0.0097601576767669,0.9760157676766968,-6.7705168986285456,0.2656578394283312,-0.4648861216259407,-0.0002622274304913,-2.6222743049138844,-20.802655498462972,0.0,ZN.v.0
replication,timing_rONFH,paper_statistical,r_LH,3,2379,2379,1.0,-0.0003565742124493,-0.0898567015372311,-8.985670153723115,0.0097675250748424,0.976752507484242,-9.19953630512495,0.1950399327448508,-0.5721663984516547,-0.0003565742124493,-3.5657421244932994,-28.26590456334031,0.0,ZN.v.0
replication,timing_agree_ONFH_ROD,paper_statistical,r_LH,3,2379,1803,0.7578814627994955,-0.0002554596392016,-0.0643758290788108,-6.437582907881087,0.0083006751042535,0.8300675104253582,-7.755493170166634,0.1483816729718369,-0.4557085478367766,-0.0002554596392016,-2.554596392016304,-23.829030346610516,0.0,ZN.v.0
replication,timing_rROD,paper_statistical,r_LH,3,2379,2379,1.0,-0.0003378297241408,-0.0851330904834851,-8.51330904834851,0.0097539976624495,0.9753997662449504,-8.728020390165419,0.2000840689365279,-0.5526485436396689,-0.0003378297241408,-3.378297241408139,-26.81715503833246,0.0,ZN.v.0
replication,always_long,paper_statistical,r_LH,3,2379,2379,1.0,-0.0003855718277975,-0.0971641006049859,-9.716410060498594,0.0097577350043902,0.9757735004390224,-9.957649040609285,0.1832702816309373,-0.6009020816832797,-0.0003855718277975,-3.8557182779756327,-30.595233077160653,0.0,ZN.v.0
replication,timing_rONFH,executable_next_open,r_LH_executable,0,2379,2379,1.0,1.427064793043546e-05,0.0035962032784697,0.3596203278469736,0.009761195632688,0.9761195632688076,0.3684183181850028,0.4401008827238335,-0.0236681128222838,1.427064793043546e-05,0.1427064793043546,1.1319784688932963,0.257757618591774,ZN.v.0
replication,timing_agree_ONFH_ROD,executable_next_open,r_LH_executable,0,2379,1803,0.7578814627994955,2.484524989754243e-05,0.0062610029741806,0.6261002974180693,0.0079859668591011,0.7985966859101181,0.7840006206694135,0.3362757461118117,-0.0205120510169407,2.484524989754243e-05,0.2484524989754243,2.408869967619549,0.0160775918621018,ZN.v.0
replication,timing_rROD,executable_next_open,r_LH_executable,0,2379,2379,1.0,3.1352800463345016e-05,0.0079009057167629,0.7900905716762944,0.0097511262027316,0.9751126202731653,0.8102557132887489,0.4438839848675914,-0.0278289569883318,3.1352800463345016e-05,0.3135280046334501,2.4895396794034323,0.0128587194589955,ZN.v.0
replication,always_long,executable_next_open,r_LH_executable,0,2379,2379,1.0,-1.5042489212516626e-05,-0.0037907072815541,-0.379070728155419,0.0097609034550844,0.976090345508442,-0.388356190489685,0.4270701975620008,-0.047409696068887,-1.5042489212516626e-05,-0.1504248921251662,-1.1932382951571765,0.2328950939438356,ZN.v.0
replication,timing_rONFH,executable_next_open,r_LH_executable,1,2379,2379,1.0,-0.0001090738085529,-0.0274865997553316,-2.7486599755331627,0.0097608939415442,0.9760893941544247,-2.8159920515418526,0.3778898696931483,-0.2378727375693349,-0.0001090738085529,-1.0907380855290327,-8.65223636713783,0.0,ZN.v.0
replication,timing_agree_ONFH_ROD,executable_next_open,r_LH_executable,1,2379,1803,0.7578814627994955,-6.859719684482896e-05,-0.0172864936048969,-1.72864936048969,0.0080057436817005,0.8005743681700539,-2.1592614368119505,0.2866750735603194,-0.1643532065627948,-6.859719684482896e-05,-0.6859719684482897,-6.634408047960705,4.0205394569170494e-11,ZN.v.0
replication,timing_rROD,executable_next_open,r_LH_executable,1,2379,2379,1.0,-9.199165601999372e-05,-0.0231818973170384,-2.318189731703842,0.0097500132254056,0.9750013225405648,-2.377627268918288,0.3829340058848255,-0.2098274491836709,-9.199165601999372e-05,-0.9199165601999372,-7.305344882763305,3.7569947153315297e-13,ZN.v.0
replication,always_long,executable_next_open,r_LH_executable,1,2379,2379,1.0,-0.0001383869456958,-0.0348735103153555,-3.487351031535555,0.0097576011342384,0.9757601134238406,-3.573983998278843,0.3644388398486759,-0.2825169232610945,-0.0001383869456958,-1.3838694569585537,-10.981193753208746,0.0,ZN.v.0
replication,timing_rONFH,executable_next_open,r_LH_executable,2,2379,2379,1.0,-0.0002324182650362,-0.0585694027891329,-5.856940278913299,0.0097610587806672,0.9761058780667242,-6.000312476873471,0.2774274905422446,-0.4275500823798543,-0.0002324182650362,-2.3241826503624203,-18.436174845795342,0.0,ZN.v.0
replication,timing_agree_ONFH_ROD,executable_next_open,r_LH_executable,2,2379,1803,0.7578814627994955,-0.0001620396435872,-0.0408339901839744,-4.083399018397448,0.00811304968718,0.8113049687180022,-5.033124627413416,0.2118537200504413,-0.3219055901024839,-0.0001620396435872,-1.620396435872003,-15.4644555611581,0.0,ZN.v.0
replication,timing_rROD,executable_next_open,r_LH_executable,2,2379,2379,1.0,-0.0002153361125033,-0.0542647003508397,-5.426470035083979,0.0097493672201158,0.9749367220115858,-5.565971526734114,0.2837326607818411,-0.4024820967913857,-0.0002153361125033,-2.1533611250333253,-17.101646730747827,0.0,ZN.v.0
replication,always_long,executable_next_open,r_LH_executable,2,2379,2379,1.0,-0.0002617314021791,-0.0659563133491569,-6.5956313349156925,0.0097547645360306,0.9754764536030668,-6.76144596884297,0.2610340479192938,-0.4642538551432719,-0.0002617314021791,-2.6173140217919415,-20.774784742033976,0.0,ZN.v.0
replication,timing_rONFH,executable_next_open,r_LH_executable,3,2379,2379,1.0,-0.0003557627215195,-0.0896522058229343,-8.965220582293437,0.0097616901264231,0.97616901264231,-9.184086429896228,0.1971416561580496,-0.5713391281693156,-0.0003557627215195,-3.5576272151958084,-28.21843426872477,0.0,ZN.v.0
replication,timing_agree_ONFH_ROD,executable_next_open,r_LH_executable,3,2379,1803,0.7578814627994955,-0.0002554820903295,-0.064381486763052,-6.4381486763052065,0.0083044925590522,0.8304492559052221,-7.752609362371423,0.1500630517023959,-0.4557377906111474,-0.0002554820903295,-2.5548209032957168,-23.820169743943723,0.0,ZN.v.0
replication,timing_rROD,executable_next_open,r_LH_executable,3,2379,2379,1.0,-0.0003386805689866,-0.0853475033846411,-8.534750338464114,0.0097491882796904,0.9749188279690444,-8.754318917241292,0.203446826397646,-0.5535532483206845,-0.0003386805689866,-3.386805689866712,-26.89795820403865,0.0,ZN.v.0
replication,always_long,executable_next_open,r_LH_executable,3,2379,2379,1.0,-0.0003850758586625,-0.0970391163829583,-9.70391163829583,0.0097523940668438,0.9752394066843892,-9.950286639141364,0.1866330390920554,-0.6004305255393403,-0.0003850758586625,-3.850758586625329,-30.572611835138567,0.0,ZN.v.0
oos,timing_rONFH,paper_statistical,r_LH,0,1221,1221,1.0,7.851352522444565e-05,0.0197854083565603,1.9785408356560303,0.0105983831169751,1.0598383116975196,1.866832717612411,0.4987714987714988,-0.0170010739185939,7.851352522444565e-05,0.7851352522444566,4.109253797670299,4.234415516957135e-05,ZN.v.0
oos,timing_agree_ONFH_ROD,paper_statistical,r_LH,0,1221,929,0.7608517608517609,8.282523526006845e-05,0.0208719592855372,2.087195928553725,0.0092094165813184,0.9209416581318458,2.2663715015212325,0.3963963963963964,-0.0095641429481854,8.282523526006845e-05,0.8282523526006844,4.988714635057854,6.957904150617367e-07,ZN.v.0
oos,timing_rROD,paper_statistical,r_LH,0,1221,1221,1.0,8.964338891612319e-05,0.022590134006863,2.259013400686304,0.01057609115404,1.0576091154040073,2.1359624910412767,0.5036855036855037,-0.0114519027920325,8.964338891612319e-05,0.8964338891612319,4.701659605161789,2.8742004112292108e-06,ZN.v.0
oos,always_long,paper_statistical,r_LH,0,1221,1221,1.0,-1.507715821991226e-05,-0.0037994438714178,-0.3799443871417889,0.0106687903896341,1.0668790389634146,-0.3561269584140906,0.4193284193284193,-0.0252579590688531,-1.507715821991226e-05,-0.1507715821991226,-0.7839031545298355,0.4332491020605542,ZN.v.0
oos,timing_rONFH,paper_statistical,r_LH,1,1221,1221,1.0,-5.556420622843883e-05,-0.0140021799695665,-1.4002179969566586,0.0105930976717133,1.0593097671713358,-1.3218210955381318,0.4406224406224406,-0.0670108320367441,-5.556420622843883e-05,-0.5556420622843883,-2.909579581199789,0.0036847966217852,ZN.v.0
oos,timing_agree_ONFH_ROD,paper_statistical,r_LH,1,1221,929,0.7608517608517609,-1.8918921355479365e-05,-0.0047675681815808,-0.4767568181580799,0.0091757568773526,0.9175756877352668,-0.5195830976459251,0.3497133497133497,-0.0277408585067421,-1.8918921355479365e-05,-0.1891892135547936,-1.1437011988613015,0.2529719349680615,ZN.v.0
oos,timing_rROD,paper_statistical,r_LH,1,1221,1221,1.0,-4.443434253676129e-05,-0.0111974543192638,-1.1197454319263844,0.0105731602344577,1.0573160234457737,-1.059045173908511,0.4447174447174447,-0.0542916452809602,-4.443434253676129e-05,-0.4443434253676129,-2.3311598097304627,0.0199071572109141,ZN.v.0
oos,always_long,paper_statistical,r_LH,1,1221,1221,1.0,-0.0001491548896727,-0.0375870321975447,-3.758703219754478,0.0106669303889943,1.0666930388994331,-3.523697148743506,0.3570843570843571,-0.1668324319142198,-0.0001491548896727,-1.4915488967279675,-7.756327470429797,1.8429702208777602e-14,ZN.v.0
oos,timing_rONFH,paper_statistical,r_LH,2,1221,1221,1.0,-0.0001896419376813,-0.0477897682956934,-4.7789768295693476,0.0105899759894068,1.0589975989406804,-4.512736227494545,0.312039312039312,-0.2069027664478543,-0.0001896419376813,-1.8964193768132331,-9.933390552761018,0.0,ZN.v.0
oos,timing_agree_ONFH_ROD,paper_statistical,r_LH,2,1221,929,0.7608517608517609,-0.000120663077971,-0.0304070956486988,-3.040709564869885,0.0092332263746439,0.9233226374643916,-3.2932254030077885,0.2563472563472563,-0.1371444926492291,-0.000120663077971,-1.2066307797102718,-7.249015332879812,7.429612480791549e-13,ZN.v.0
oos,timing_rROD,paper_statistical,r_LH,2,1221,1221,1.0,-0.0001785120739896,-0.0449850426453907,-4.498504264539073,0.0105723985062024,1.057239850620244,-4.254951477566765,0.3194103194103194,-0.1960485842852223,-0.0001785120739896,-1.7851207398964577,-9.365957299300034,0.0,ZN.v.0
oos,always_long,paper_statistical,r_LH,2,1221,1221,1.0,-0.0002832326211256,-0.0713746205236716,-7.137462052367168,0.0106672207746362,1.0667220774636246,-6.691023091354886,0.235053235053235,-0.2925947093870903,-0.0002832326211256,-2.832326211256812,-14.728214150657616,0.0,ZN.v.0
oos,timing_rONFH,paper_statistical,r_LH,3,1221,1221,1.0,-0.0003237196691342,-0.0815773566218203,-8.157735662182036,0.0105890199837116,1.0589019983711696,-7.703957188418262,0.2186732186732186,-0.3264336925104368,-0.0003237196691342,-3.2371966913420778,-16.957874712033963,0.0,ZN.v.0
oos,timing_agree_ONFH_ROD,paper_statistical,r_LH,3,1221,929,0.7608517608517609,-0.0002224072345865,-0.0560466231158169,-5.6046623115816905,0.0093801502550688,0.9380150255068896,-5.975024023259129,0.1801801801801801,-0.2376687134177882,-0.0002224072345865,-2.2240723458657503,-13.152164051501522,0.0,ZN.v.0
oos,timing_rROD,paper_statistical,r_LH,3,1221,1221,1.0,-0.0003125898054425,-0.0787726309715176,-7.877263097151762,0.0105738064380744,1.0573806438074431,-7.449789385955763,0.2227682227682227,-0.3172142263739617,-0.0003125898054425,-3.1258980544253028,-16.398403047722056,0.0,ZN.v.0
oos,always_long,paper_statistical,r_LH,3,1221,1221,1.0,-0.0004173103525785,-0.1051622088497985,-10.516220884979855,0.010669661370985,1.0669661370985066,-9.85618991955783,0.1646191646191646,-0.399387080205569,-0.0004173103525785,-4.173103525785657,-21.695348209507653,0.0,ZN.v.0
oos,timing_rONFH,executable_next_open,r_LH_executable,0,1221,1221,1.0,7.490203871798172e-05,0.0188753137569313,1.8875313756931391,0.0104966756719929,1.0496675671992943,1.7982182499259451,0.4881244881244881,-0.0162439094483232,7.490203871798172e-05,0.7490203871798172,3.95822030695864,7.986918058633385e-05,ZN.v.0
oos,timing_agree_ONFH_ROD,executable_next_open,r_LH_executable,0,1221,929,0.7608517608517609,8.182824289455614e-05,0.0206207172094281,2.0620717209428148,0.009111724810009,0.9111724810009016,2.263097013945897,0.3898443898443898,-0.0099709255579382,8.182824289455614e-05,0.8182824289455615,4.981506865246759,7.216799446929656e-07,ZN.v.0
oos,timing_rROD,executable_next_open,r_LH_executable,0,1221,1221,1.0,9.086485388196384e-05,0.0228979431782548,2.289794317825489,0.0104648380212492,1.0464838021249283,2.1880838606158712,0.5012285012285013,-0.0117222878379436,9.086485388196384e-05,0.9086485388196384,4.816388650696251,1.6451419342367046e-06,ZN.v.0
oos,always_long,executable_next_open,r_LH_executable,0,1221,1221,1.0,-8.623078023995295e-06,-0.0021730156620468,-0.2173015662046814,0.0105629733055703,1.056297330557038,-0.2057200751327162,0.4135954135954136,-0.0233532020150376,-8.623078023995295e-06,-0.0862307802399529,-0.452829003917021,0.6507523926076253,ZN.v.0
oos,timing_rONFH,executable_next_open,r_LH_executable,1,1221,1221,1.0,-5.917657347573752e-05,-0.0149124965158858,-1.4912496515885854,0.0104910396756521,1.0491039675652185,-1.4214507786578177,0.4324324324324324,-0.0709065928363732,-5.917657347573752e-05,-0.5917657347573752,-3.128883458755495,0.0017963044182467,ZN.v.0
oos,timing_agree_ONFH_ROD,executable_next_open,r_LH_executable,1,1221,929,0.7608517608517609,-1.9916627552134055e-05,-0.0050189901431377,-0.5018990143137783,0.0090775028580844,0.9077502858084446,-0.5529042757246677,0.348075348075348,-0.0296324602037052,-1.9916627552134055e-05,-0.1991662755213405,-1.2170474479767772,0.2238215357865871,ZN.v.0
oos,timing_rROD,executable_next_open,r_LH_executable,1,1221,1221,1.0,-4.3213758311755384e-05,-0.0108898670945623,-1.0889867094562358,0.0104601356981576,1.0460135698157609,-1.0410827745265714,0.4455364455364455,-0.0526600087495923,-4.3213758311755384e-05,-0.4321375831175538,-2.291621153063941,0.0220972586052312,ZN.v.0
oos,always_long,executable_next_open,r_LH_executable,1,1221,1221,1.0,-0.0001427016902177,-0.035960825934864,-3.5960825934864062,0.0105607560894534,1.0560756089453474,-3.405137438102224,0.3579033579033579,-0.1601409217187089,-0.0001427016902177,-1.4270169021771455,-7.495355002673569,1.2656542480726785e-13,ZN.v.0
oos,timing_rONFH,executable_next_open,r_LH_executable,2,1221,1221,1.0,-0.0001932551856694,-0.0487003067887031,-4.87003067887031,0.0104875883184782,1.0487588318478285,-4.643613508636403,0.2989352989352989,-0.2106993801917457,-0.0001932551856694,-1.9325518566945676,-10.221476335427594,0.0,ZN.v.0
oos,timing_agree_ONFH_ROD,executable_next_open,r_LH_executable,2,1221,929,0.7608517608517609,-0.0001216614979988,-0.0306586974957037,-3.0658697495703717,0.0091353931441215,0.9135393144121506,-3.356034821055528,0.244062244062244,-0.1385291577365642,-0.0001216614979988,-1.2166149799882426,-7.387270805481679,2.771116669464391e-13,ZN.v.0
oos,timing_rROD,executable_next_open,r_LH_executable,2,1221,1221,1.0,-0.0001772923705054,-0.0446776773673796,-4.467767736737961,0.0104576251981715,1.0457625198171512,-4.272258425860527,0.3104013104013104,-0.1951603694708957,-0.0001772923705054,-1.7729237050547462,-9.404053183484654,0.0,ZN.v.0
oos,always_long,executable_next_open,r_LH_executable,2,1221,1221,1.0,-0.0002767803024114,-0.0697486362076813,-6.97486362076813,0.0105607109257066,1.0560710925706611,-6.604539855162683,0.2391482391482391,-0.2869132475829896,-0.0002767803024114,-2.7678030241143374,-14.53784810264227,0.0,ZN.v.0
oos,timing_rONFH,executable_next_open,r_LH_executable,3,1221,1221,1.0,-0.0003273337978631,-0.0824881170615203,-8.248811706152035,0.0104863237575582,1.0486323757558231,-7.866256942721738,0.2121212121212121,-0.3295663178918966,-0.0003273337978631,-3.27333797863176,-17.315127333246583,0.0,ZN.v.0
oos,timing_agree_ONFH_ROD,executable_next_open,r_LH_executable,3,1221,929,0.7608517608517609,-0.0002234063684455,-0.0562984048482696,-5.629840484826964,0.0092836726725324,0.9283672672532496,-6.064238457570693,0.171990171990172,-0.2387873432266744,-0.0002234063684455,-2.2340636844551445,-13.348541985926555,0.0,ZN.v.0
oos,timing_rROD,executable_next_open,r_LH_executable,3,1221,1221,1.0,-0.0003113709826991,-0.0784654876401968,-7.846548764019684,0.0104573080998728,1.045730809987286,-7.503411670652683,0.2145782145782145,-0.3163656932443743,-0.0003113709826991,-3.113709826991938,-16.516435892846168,0.0,ZN.v.0
oos,always_long,executable_next_open,r_LH_executable,3,1221,1221,1.0,-0.0004108589146051,-0.1035364464804985,-10.353644648049857,0.010562837842191,1.0562837842191062,-9.801953606344664,0.1678951678951679,-0.3945633116981181,-0.0004108589146051,-4.10858914605153,-21.57596377085914,0.0,ZN.v.0
replication,timing_rONFH,paper_statistical,r_LH,0,2398,2398,1.0,1.118150277420346e-05,0.0028177386990992,0.2817738699099272,0.0147457333997806,1.474573339978061,0.1910884065719779,0.4783152627189324,-0.0578356839800885,1.118150277420346e-05,0.1118150277420346,0.5894658610706279,0.5556043597034734,6E.v.0
replication,timing_agree_ONFH_ROD,paper_statistical,r_LH,0,2398,1836,0.7656380316930775,-1.7664461934045077e-06,-0.0004451444407379,-0.0445144440737935,0.0126588706369956,1.2658870636995687,-0.0351646251472857,0.3603002502085071,-0.0655362734967983,-1.7664461934045077e-06,-0.017664461934045,-0.1084751629548119,0.9136278604756602,6E.v.0
replication,timing_rROD,paper_statistical,r_LH,0,2398,2398,1.0,-1.4512596686406084e-05,-0.0036571743649743,-0.3657174364974332,0.0147450017279,1.4745001727900031,-0.2480280730014661,0.4620517097581317,-0.0777743700754398,-1.4512596686406084e-05,-0.1451259668640608,-0.7651122548160795,0.4442800249595737,6E.v.0
replication,always_long,paper_statistical,r_LH,0,2398,2398,1.0,2.072880226296431e-06,0.0005223658170267,0.05223658170267,0.0147467654060523,1.474676540605234,0.0354223996004108,0.4641367806505421,-0.0452920210231558,2.072880226296431e-06,0.0207288022629643,0.1092703406565849,0.9129972169027356,6E.v.0
replication,timing_rONFH,paper_statistical,r_LH,1,2398,2398,1.0,-3.0062150331295285e-05,-0.0075756618834864,-0.7575661883486412,0.0147462016154415,1.4746201615441574,-0.5137364916775254,0.4699749791492911,-0.1112430529121363,-3.0062150331295285e-05,-0.3006215033129528,-1.5847645017440026,0.1131517612404651,6E.v.0
replication,timing_agree_ONFH_ROD,paper_statistical,r_LH,1,2398,1836,0.7656380316930775,-3.3365839121582044e-05,-0.0084081914586386,-0.8408191458638674,0.0126627847056241,1.2662784705624188,-0.6640080878026907,0.3561301084236864,-0.1050959214282689,-3.3365839121582044e-05,-0.3336583912158204,-2.048319446774184,0.040637423523105,6E.v.0
replication,timing_rROD,paper_statistical,r_LH,1,2398,2398,1.0,-5.5756249791904825e-05,-0.01405057494756,-1.4050574947560015,0.0147455493337413,1.4745549333741317,-0.952868871111432,0.4562135112593828,-0.1344669976284127,-5.5756249791904825e-05,-0.5575624979190482,-2.9393916652161005,0.0033200104020059,6E.v.0
replication,always_long,paper_statistical,r_LH,1,2398,2398,1.0,-3.9170772879202314e-05,-0.0098710347655589,-0.9871034765558984,0.0147487564837117,1.4748756483711738,-0.6692791203421371,0.4545454545454545,-0.1158088984927984,-3.9170772879202314e-05,-0.3917077287920231,-2.0645794271169775,0.0390701518401135,6E.v.0
replication,timing_rONFH,paper_statistical,r_LH,2,2398,2398,1.0,-7.130580343679403e-05,-0.017969062466072,-1.7969062466072094,0.0147469038295722,1.4746903829572209,-1.2184972977201112,0.4307756463719766,-0.1857452593923843,-7.130580343679403e-05,-0.7130580343679404,-3.758797154144818,0.0001748112800272,6E.v.0
replication,timing_agree_ONFH_ROD,paper_statistical,r_LH,2,2398,1836,0.7656380316930775,-6.496523204975959e-05,-0.0163712384765394,-1.6371238476539416,0.0126729880637793,1.267298806377937,-1.291821502091524,0.3248540450375313,-0.1614556192698841,-6.496523204975959e-05,-0.6496523204975959,-3.984986257097189,6.94988267322394e-05,6E.v.0
replication,timing_rROD,paper_statistical,r_LH,2,2398,2398,1.0,-9.699990289740356e-05,-0.0244439755301456,-2.4443975530145696,0.0147463309416741,1.4746330941674153,-1.6576310152558242,0.4128440366972477,-0.2093788088511388,-9.699990289740356e-05,-0.9699990289740356,-5.113428445367771,3.413908726823678e-07,6E.v.0
replication,always_long,paper_statistical,r_LH,2,2398,2398,1.0,-8.041442598470105e-05,-0.0202644353481446,-2.0264435348144665,0.0147509812412622,1.475098124126221,-1.3737686338763642,0.4182652210175146,-0.19665623808411,-8.041442598470105e-05,-0.8041442598470105,-4.237775201577835,2.3428535824487895e-05,6E.v.0
replication,timing_rONFH,paper_statistical,r_LH,3,2398,2398,1.0,-0.0001125494565422,-0.0283624630486577,-2.836246304865778,0.0147478400087472,1.4747840008747208,-1.9231604785402807,0.396580483736447,-0.2540392119353636,-0.0001125494565422,-1.1254945654229278,-5.932528654127094,3.414691196468311e-09,6E.v.0
replication,timing_agree_ONFH_ROD,paper_statistical,r_LH,3,2398,1836,0.7656380316930775,-9.656462497793714e-05,-0.0243342854944401,-2.433428549444016,0.0126894655401756,1.2689465540175633,-1.9176761556581172,0.2994161801501251,-0.2142680331188666,-9.656462497793714e-05,-0.9656462497793714,-5.915610719815333,3.779286217309163e-09,6E.v.0
replication,timing_rROD,paper_statistical,r_LH,3,2398,2398,1.0,-0.0001382435560029,-0.0348373761127313,-3.4837376112731384,0.0147473465144922,1.4747346514492286,-2.362280975665455,0.3815679733110926,-0.2833482672331971,-0.0001382435560029,-1.3824355600290232,-7.287119163280525,4.276579090856103e-13,6E.v.0
replication,always_long,paper_statistical,r_LH,3,2398,2398,1.0,-0.0001216580790901,-0.0306578359307303,-3.065783593073035,0.0147534395729898,1.4753439572989886,-2.0780127765499317,0.3832360300250208,-0.2702947589861045,-0.0001216580790901,-1.216580790901998,-6.410214060701677,1.744142608117727e-10,6E.v.0
replication,timing_rONFH,executable_next_open,r_LH_executable,0,2398,2398,1.0,-1.061576228568572e-06,-0.0002675172095992,-0.026751720959928,0.0152890961119967,1.528909611199678,-0.0174972547519908,0.4712260216847372,-0.0625024351110223,-1.061576228568572e-06,-0.0106157622856857,-0.0539751967363304,0.9569594235117168,6E.v.0
replication,timing_agree_ONFH_ROD,executable_next_open,r_LH_executable,0,2398,1836,0.7656380316930775,6.742976866134868e-06,0.0016992301702659,0.1699230170265986,0.0128598449691362,1.285984496913623,0.1321345766099169,0.3565471226021685,-0.0414959260935555,6.742976866134868e-06,0.0674297686613486,0.4076062141908589,0.6835992013177226,6E.v.0
replication,timing_rROD,executable_next_open,r_LH_executable,0,2398,2398,1.0,1.539136962142446e-05,0.0038786251445989,0.3878625144598964,0.0152871521799192,1.5287152179919277,0.2537179651873816,0.463302752293578,-0.034871859289255,1.539136962142446e-05,0.1539136962142445,0.7826643253835125,0.4339015693526784,6E.v.0
replication,always_long,executable_next_open,r_LH_executable,0,2398,2398,1.0,2.321270114713137e-05,0.0058496006890771,0.5849600689077106,0.0152846623237064,1.528466232370641,0.3827104953443697,0.4670558798999166,-0.0450069728637807,2.321270114713137e-05,0.2321270114713137,1.180578014783748,0.2378875368322177,6E.v.0
replication,timing_rONFH,executable_next_open,r_LH_executable,1,2398,2398,1.0,-4.2305999663665115e-05,-0.0106611119152436,-1.0661111915243608,0.0152888472973039,1.528884729730395,-0.6973129960637124,0.4641367806505421,-0.1167766945410359,-4.2305999663665115e-05,-0.4230599966366511,-2.151057790654646,0.0315713066361338,6E.v.0
replication,timing_agree_ONFH_ROD,executable_next_open,r_LH_executable,1,2398,1836,0.7656380316930775,-2.485696221954451e-05,-0.0062639544793252,-0.6263954479325217,0.012862531910908,1.2862531910908073,-0.486992337333917,0.3527939949958298,-0.0823986007600872,-2.485696221954451e-05,-0.2485696221954451,-1.502264646040707,0.1331604965337605,6E.v.0
replication,timing_rROD,executable_next_open,r_LH_executable,1,2398,2398,1.0,-2.5853053813672087e-05,-0.0065149695610453,-0.6514969561045366,0.0152891313089682,1.528913130896825,-0.4261177060611572,0.457464553794829,-0.08458234509255,-2.5853053813672087e-05,-0.2585305381367209,-1.314479748022637,0.1888105684969434,6E.v.0
replication,always_long,executable_next_open,r_LH_executable,1,2398,2398,1.0,-1.803172228796518e-05,-0.0045439940165672,-0.4543994016567225,0.0152882167393173,1.5288216739317333,-0.2972219778178085,0.4587155963302752,-0.0949692536732589,-1.803172228796518e-05,-0.1803172228796518,-0.916864671313775,0.359305794827182,6E.v.0
replication,timing_rONFH,executable_next_open,r_LH_executable,2,2398,2398,1.0,-8.355042309876169e-05,-0.0210547066208879,-2.1054706620887944,0.0152888240731006,1.5288824073100642,-1.3771305445218558,0.4307756463719766,-0.1939124593032316,-8.355042309876169e-05,-0.8355042309876168,-4.248145959223673,2.2377831704334383e-05,6E.v.0
replication,timing_agree_ONFH_ROD,executable_next_open,r_LH_executable,2,2398,1836,0.7656380316930775,-5.645690130522389e-05,-0.0142271391289164,-1.4227139128916422,0.0128714118739009,1.2871411873900909,-1.1053285582263506,0.3265221017514595,-0.1401876611624117,-5.645690130522389e-05,-0.5645690130522389,-3.409696391473276,0.0006611132125931,6E.v.0
replication,timing_rROD,executable_next_open,r_LH_executable,2,2398,2398,1.0,-6.709747724876865e-05,-0.0169085642666897,-1.6908564266689698,0.0152913357393419,1.5291335739341925,-1.105761102556066,0.4203502919099249,-0.1591108656561167,-6.709747724876865e-05,-0.6709747724876864,-3.4110306959470056,0.0006579020808301,6E.v.0
replication,always_long,executable_next_open,r_LH_executable,2,2398,2398,1.0,-5.9276145723061743e-05,-0.0149375887222115,-1.493758872221156,0.015291995876487,1.5291995876487006,-0.9768240092962368,0.4253544620517097,-0.1568719198278169,-5.9276145723061743e-05,-0.5927614572306175,-3.013288017226619,0.0026113900069613,6E.v.0
replication,timing_rONFH,executable_next_open,r_LH_executable,3,2398,2398,1.0,-0.0001247948465338,-0.0314483013265322,-3.1448301326532277,0.0152890264404148,1.528902644041488,-2.056919807751925,0.3924103419516263,-0.2692687591118642,-0.0001247948465338,-1.2479484653385824,-6.345146874062233,2.6482482873291247e-10,6E.v.0
replication,timing_agree_ONFH_ROD,executable_next_open,r_LH_executable,3,2398,1836,0.7656380316930775,-8.805684039090327e-05,-0.0221903237785076,-2.2190323778507626,0.0128864720554395,1.288647205543957,-1.7219859464282747,0.2977481234361968,-0.1943394784235574,-8.805684039090327e-05,-0.8805684039090327,-5.311949305938244,1.1845518566033777e-07,6E.v.0
replication,timing_rROD,executable_next_open,r_LH_executable,3,2398,2398,1.0,-0.0001083419006838,-0.027302158972334,-2.7302158972334034,0.015293765373616,1.529376537361609,-1.7851822821497,0.384487072560467,-0.2300068054375773,-0.0001083419006838,-1.083419006838652,-5.506896153425333,4.041588419489983e-08,6E.v.0
replication,always_long,executable_next_open,r_LH_executable,3,2398,2398,1.0,-0.0001005205691581,-0.0253311834278558,-2.533118342785589,0.0152959995686515,1.5295999568651553,-1.6560659088779646,0.3849040867389491,-0.2302018910675287,-0.0001005205691581,-1.0052056915815828,-5.1086004351538445,3.501323317944838e-07,6E.v.0
oos,timing_rONFH,paper_statistical,r_LH,0,1228,1228,1.0,1.2951130599791122e-05,0.0032636849111473,0.3263684911147362,0.0086181164815635,0.8618116481563514,0.3787004872966464,0.494299674267101,-0.0164649845488009,1.2951130599791122e-05,0.1295113059979112,0.835977862329037,0.4033301199535621,6E.v.0
oos,timing_agree_ONFH_ROD,paper_statistical,r_LH,0,1228,913,0.743485342019544,1.4606912073130084e-05,0.0036809418424287,0.3680941842428781,0.0072911261193287,0.7291126119328771,0.5048523070627741,0.3697068403908795,-0.0134134348655104,1.4606912073130084e-05,0.1460691207313008,1.1144568507502892,0.2653014903068222,6E.v.0
oos,timing_rROD,paper_statistical,r_LH,0,1228,1228,1.0,1.2202041385644162e-05,0.0030749144291823,0.3074914429182329,0.0086183921781234,0.8618392178123466,0.356785159648171,0.4894136807817589,-0.015404196998333,1.2202041385644162e-05,0.1220204138564416,0.7875999769700942,0.4310828415222896,6E.v.0
oos,always_long,paper_statistical,r_LH,0,1228,1228,1.0,-8.146659916247642e-07,-0.0002052958298894,-0.020529582988944,0.0086205607221376,0.8620560722137633,-0.023814672444942,0.4682410423452768,-0.0168915280385634,-8.146659916247642e-07,-0.0081466599162476,-0.0525706716268203,0.9580825425253492,6E.v.0
oos,timing_rONFH,paper_statistical,r_LH,1,1228,1228,1.0,-3.231133798902723e-05,-0.0081424571732348,-0.8142457173234863,0.0086176451228158,0.8617645122815853,-0.9448587238382682,0.4682410423452768,-0.0434325097078844,-3.231133798902723e-05,-0.3231133798902723,-2.0857669917348747,0.037205918158689,6E.v.0
oos,timing_agree_ONFH_ROD,paper_statistical,r_LH,1,1228,913,0.743485342019544,-1.9052608205041702e-05,-0.0048012572676705,-0.4801257267670509,0.0072924632906063,0.7292463290606365,-0.6583862100279819,0.3485342019543974,-0.0308335561560467,-1.9052608205041702e-05,-0.190526082050417,-1.4533815374126209,0.1463735532600101,6E.v.0
oos,timing_rROD,paper_statistical,r_LH,1,1228,1228,1.0,-3.3060427203174195e-05,-0.0083312276551998,-0.8331227655199898,0.008619754714096,0.8619754714096064,-0.9665272309403036,0.4633550488599348,-0.0468251247585913,-3.3060427203174195e-05,-0.330604272031742,-2.1336000229948313,0.0330734181066858,6E.v.0
oos,always_long,paper_statistical,r_LH,1,1228,1228,1.0,-4.607713458044312e-05,-0.0116114379142716,-1.1611437914271667,0.0086198092427189,0.8619809242718903,-1.3470643708362542,0.4438110749185667,-0.055070651129135,-4.607713458044312e-05,-0.4607713458044312,-2.973632279139857,0.0030004551752353,6E.v.0
oos,timing_rONFH,paper_statistical,r_LH,2,1228,1228,1.0,-7.75738065778456e-05,-0.019548599257617,-1.954859925761709,0.0086173338588894,0.8617333858889458,-2.2685205862659217,0.4210097719869707,-0.0928106486631048,-7.75738065778456e-05,-0.7757380657784559,-5.007738447588718,6.312020488508097e-07,6E.v.0
oos,timing_agree_ONFH_ROD,paper_statistical,r_LH,2,1228,913,0.743485342019544,-5.2712128483213495e-05,-0.0132834563777698,-1.32834563777698,0.0073074430691856,0.730744306918566,-1.8177981343137728,0.3135179153094462,-0.0660005872236596,-5.2712128483213495e-05,-0.5271212848321349,-4.012772756954401,6.364124038338304e-05,6E.v.0
oos,timing_rROD,paper_statistical,r_LH,2,1228,1228,1.0,-7.832289579199254e-05,-0.0197373697395821,-1.973736973958212,0.0086212770820916,0.862127708209164,-2.2893788880282187,0.4144951140065147,-0.0953694441737574,-7.832289579199254e-05,-0.7832289579199254,-5.053782957970876,4.988529280769427e-07,6E.v.0
oos,always_long,paper_statistical,r_LH,2,1228,1228,1.0,-9.133960316926149e-05,-0.0230175799986538,-2.3017579998653894,0.008619217783386,0.8619217783386026,-2.670495232528111,0.3949511400651466,-0.1060155755877694,-9.133960316926149e-05,-0.9133960316926149,-5.8950938029820295,4.833916378288451e-09,6E.v.0
oos,timing_rONFH,paper_statistical,r_LH,3,1228,1228,1.0,-0.0001228362751666,-0.0309547413419993,-3.095474134199931,0.0086171827071328,0.8617182707132829,-3.592211328695246,0.3786644951140065,-0.1411480600676216,-0.0001228362751666,-1.2283627516666396,-7.929773655782129,4.884981308350689e-15,6E.v.0
oos,timing_agree_ONFH_ROD,paper_statistical,r_LH,3,1228,913,0.743485342019544,-8.637164876138527e-05,-0.021765655487869,-2.176565548786909,0.0073359818825841,0.7335981882584137,-2.9669723611970027,0.2890879478827362,-0.1026637389889418,-8.637164876138527e-05,-0.8637164876138528,-6.5495643531081615,8.467049283922279e-11,6E.v.0
oos,timing_rROD,paper_statistical,r_LH,3,1228,1228,1.0,-0.0001235853643808,-0.0311435118239643,-3.1143511823964354,0.008622959197456,0.8622959197456018,-3.611696531412609,0.3819218241042345,-0.1428223780362706,-0.0001235853643808,-1.2358536438081094,-7.972787062580176,3.552713678800501e-15,6E.v.0
oos,always_long,paper_statistical,r_LH,3,1228,1228,1.0,-0.000136602071758,-0.0344237220830361,-3.4423722083036123,0.0086187863770828,0.8618786377082867,-3.9940335653947665,0.3656351791530944,-0.1542518992982852,-0.000136602071758,-1.3660207175807986,-8.8167925684597,0.0,6E.v.0
oos,timing_rONFH,executable_next_open,r_LH_executable,0,1228,1228,1.0,1.1812235568256836e-05,0.0029766833632007,0.2976683363200723,0.0085978505857871,0.8597850585787197,0.3462125020085104,0.4918566775244299,-0.016450910109707,1.1812235568256836e-05,0.1181223556825683,0.7642609319220303,0.4448587060995059,6E.v.0
oos,timing_agree_ONFH_ROD,executable_next_open,r_LH_executable,0,1228,913,0.743485342019544,1.23807060255372e-05,0.0031199379184353,0.3119937918435375,0.0072748788067255,0.7274878806725529,0.4288645902322158,0.3656351791530944,-0.0135434183147714,1.23807060255372e-05,0.123807060255372,0.946714660787079,0.3439705982446708,6E.v.0
oos,timing_rROD,executable_next_open,r_LH_executable,0,1228,1228,1.0,8.458868118924019e-06,0.0021316347659688,0.2131634765968852,0.0085988475230225,0.8598847523022597,0.2478977281852717,0.4828990228013029,-0.0176880059316751,8.458868118924019e-06,0.0845886811892401,0.5472319678379862,0.5843188907430592,6E.v.0
oos,always_long,executable_next_open,r_LH_executable,0,1228,1228,1.0,-5.536235524857466e-07,-0.0001395131352264,-0.0139513135226408,0.0085998922863148,0.8599892286314845,-0.0162226607708119,0.4617263843648208,-0.0171702917549214,-5.536235524857466e-07,-0.0055362355248574,-0.0358113752883797,0.9714385876420972,6E.v.0
oos,timing_rONFH,executable_next_open,r_LH_executable,1,1228,1228,1.0,-3.3450245302738754e-05,-0.0084294618162901,-0.8429461816290167,0.0085974825509618,0.8597482550961858,-0.9804569845096232,0.4674267100977198,-0.0448491270906646,-3.3450245302738754e-05,-0.3345024530273875,-2.164349826605536,0.0306298974869168,6E.v.0
oos,timing_agree_ONFH_ROD,executable_next_open,r_LH_executable,1,1228,913,0.743485342019544,-2.1278794556402178e-05,-0.0053622562282133,-0.5362256228213348,0.0072772717697562,0.7277271769756203,-0.7368497972685978,0.3485342019543974,-0.0337358847551384,-2.1278794556402178e-05,-0.2127879455640217,-1.626589188663137,0.1040811442375939,6E.v.0
oos,timing_rROD,executable_next_open,r_LH_executable,1,1228,1228,1.0,-3.6803612752071576e-05,-0.009274510413522,-0.9274510413522038,0.0086003597666723,0.8600359766672302,-1.078386330937244,0.4617263843648208,-0.0511971942470349,-3.6803612752071576e-05,-0.3680361275207157,-2.380527963238652,0.0174398050684694,6E.v.0
oos,always_long,executable_next_open,r_LH_executable,1,1228,1228,1.0,-4.5816104423481346e-05,-0.0115456583147173,-1.15456583147173,0.008599127229654,0.8599127229654049,-1.3426546678949176,0.4413680781758957,-0.0547669855893888,-4.5816104423481346e-05,-0.4581610442348134,-2.9638979002254793,0.0030963109175732,6E.v.0
oos,timing_rONFH,executable_next_open,r_LH_executable,2,1228,1228,1.0,-7.871272617373436e-05,-0.019835606995781,-1.9835606995781057,0.0085972749965017,0.859727499650173,-2.3071969901919216,0.4218241042345277,-0.0940762503822085,-7.871272617373436e-05,-0.7871272617373436,-5.093116255543069,4.073905477408602e-07,6E.v.0
oos,timing_agree_ONFH_ROD,executable_next_open,r_LH_executable,2,1228,913,0.743485342019544,-5.4938295138341536e-05,-0.013844450374862,-1.3844450374862065,0.0072933332327302,0.729333323273027,-1.8982336241997508,0.3135179153094462,-0.0688597969659631,-5.4938295138341536e-05,-0.5493829513834153,-4.19033336526066,2.9850031237455e-05,6E.v.0
oos,timing_rROD,executable_next_open,r_LH_executable,2,1228,1228,1.0,-8.206609362306717e-05,-0.0206806555930129,-2.0680655593012927,0.0086020321518236,0.8602032151823621,-2.404159299570701,0.4128664495114006,-0.0998173431879348,-8.206609362306717e-05,-0.8206609362306717,-5.307159666734835,1.320319824582583e-07,6E.v.0
oos,always_long,executable_next_open,r_LH_executable,2,1228,1228,1.0,-9.107858529447692e-05,-0.0229518034942081,-2.2951803494208187,0.008598522577754,0.859852257775403,-2.6692729229540846,0.3933224755700326,-0.1057282818730744,-9.107858529447692e-05,-0.9107858529447692,-5.892395565775911,4.911326012546624e-09,6E.v.0
oos,timing_rONFH,executable_next_open,r_LH_executable,3,1228,1228,1.0,-0.0001239752070447,-0.0312417521752719,-3.124175217527195,0.0085972279340297,0.859722793402978,-3.633933218358676,0.3786644951140065,-0.1423463037928108,-0.0001239752070447,-1.2397520704472995,-8.021874345649584,2.4424906541753444e-15,6E.v.0
oos,timing_agree_ONFH_ROD,executable_next_open,r_LH_executable,3,1228,913,0.743485342019544,-8.859779572028093e-05,-0.0223266445215107,-2.232664452151079,0.0073229732589171,0.7322973258917167,-3.048849658753525,0.2833876221498371,-0.1050369902656973,-8.859779572028093e-05,-0.8859779572028094,-6.730307738661198,2.5922375357367855e-11,6E.v.0
oos,timing_rROD,executable_next_open,r_LH_executable,3,1228,1228,1.0,-0.000127328574494,-0.0320868007725038,-3.208680077250382,0.0086038645850935,0.8603864585093542,-3.729347487418058,0.3754071661237785,-0.1466456550178583,-0.000127328574494,-1.2732857449406276,-8.232500471993772,4.440892098500626e-16,6E.v.0
oos,always_long,executable_next_open,r_LH_executable,3,1228,1228,1.0,-0.0001363410661654,-0.034357948673699,-3.4357948673699084,0.0085980783644557,0.859807836445573,-3.996003201800777,0.3680781758957654,-0.1539801069639741,-0.0001363410661654,-1.3634106616547257,-8.821140522812797,0.0,6E.v.0
